[2026-05-22 10:36:07] GMRT 40_014 calibration workflow start
[2026-05-22 10:36:07] cwd=/Users/raj030/github-wasimraja81/gmrt_analysis
[2026-05-22 10:36:07] chain_log=/Users/raj030/DATA/gmrt_40_014/work/logs/run_gmrt_40_014_calibration_workflow_20260522_103607.log
[2026-05-22 10:36:07] INVOCATION PROVENANCE (effective values)
[2026-05-22 10:36:07]   FORCE_FROM_STEP=15
[2026-05-22 10:36:07]   RUN_ID=20260522_103607_p78725_r14090
[2026-05-22 10:36:07]   SMART_RESUME=1
[2026-05-22 10:36:07]   RUN_CLEAN_STAGE=0
[2026-05-22 10:36:07]   RUN_3C468_SELFCAL_STAGE=1
[2026-05-22 10:36:07]   RUN_3C468_SCAN_TAGS=6
[2026-05-22 10:36:07]   RUN_3C468_POSTSELFCAL_ARTIFACTS=1
[2026-05-22 10:36:07]   RUN_MOON_SELFCAL_STAGE=0
[2026-05-22 10:36:07]   RUN_MOON_POSTSELFCAL_ARTIFACTS=1
[2026-05-22 10:36:07]   STACK_SIZE=1
[2026-05-22 10:36:07]   NO_MASK=<unset>
[2026-05-22 10:36:07]   MASK_RADIUS_ARCMIN=<unset>
[2026-05-22 10:36:07]   PYTHON_CMD=<unset>
[2026-05-22 10:36:07]   NITER_PER_CYCLE=<unset>
[2026-05-22 10:36:07]   NITER_FINAL=<unset>
[2026-05-22 10:36:07] SMART_RESUME: executing strict downstream rerun from step 15
[2026-05-22 10:36:07] SMART_RESUME: skipping clean step to preserve existing products
[2026-05-22 10:36:07] INFO: optional moon selfcal stage disabled (RUN_MOON_SELFCAL_STAGE=0)
[2026-05-22 10:36:07] WARNING: optional moon trajectory step skipped; MS not found: /Users/raj030/DATA/gmrt_40_014/work/casa_selfcal/moon0520_dev/moon0520_full.ms
[2026-05-22 10:36:07] WARNING: continuing workflow so pre-selfcal products remain publishable
[2026-05-22 10:36:07] STEP 15 START (optional): moon post-selfcal artifacts (destripe + movies)
[2026-05-22 10:36:07] COMMAND: env WORK_SELFCAL_ROOT=/Users/raj030/DATA/gmrt_40_014/work/casa_selfcal OUTPUT_ROOT=/Users/raj030/DATA/gmrt_40_014/work/casa_selfcal/ghpages_products/moon0520 bash /Users/raj030/github-wasimraja81/gmrt_analysis/bin/run_moon_ghpages_products.sh
[ghpages-products] python           : /Users/raj030/github-wasimraja81/gmrt_analysis/gmrt/bin/python
[ghpages-products] no-phasecenter   : /Users/raj030/DATA/gmrt_40_014/work/casa_selfcal/moon0520_stk10
[ghpages-products] phasecenter      : /Users/raj030/DATA/gmrt_40_014/work/casa_selfcal/moon0520_stk10_phasecenter
[ghpages-products] output root      : /Users/raj030/DATA/gmrt_40_014/work/casa_selfcal/ghpages_products/moon0520
[ghpages-products] force rebuild    : 0
[ghpages-products] keep destriped   : 0
[ghpages-products] === No-phasecentre case ===
[ghpages-products] SKIP movie (already exists): /Users/raj030/DATA/gmrt_40_014/work/casa_selfcal/ghpages_products/moon0520/no_phasecenter/moon0520_no_phasecenter_raw_selfcal.mp4
WARNING: FITSFixedWarning: 'obsfix' made the change 'Set OBSGEO-L to    74.049972 from OBSGEO-[XYZ].
Set OBSGEO-B to    19.090653 from OBSGEO-[XYZ].
Set OBSGEO-H to      636.997 from OBSGEO-[XYZ]'. [astropy.wcs.wcs]
WARNING: FITSFixedWarning: 'obsfix' made the change 'Set OBSGEO-L to    74.049972 from OBSGEO-[XYZ].
Set OBSGEO-B to    19.090653 from OBSGEO-[XYZ].
Set OBSGEO-H to      636.997 from OBSGEO-[XYZ]'. [astropy.wcs.wcs]
WARNING: FITSFixedWarning: 'obsfix' made the change 'Set OBSGEO-L to    74.049972 from OBSGEO-[XYZ].
Set OBSGEO-B to    19.090653 from OBSGEO-[XYZ].
Set OBSGEO-H to      636.997 from OBSGEO-[XYZ]'. [astropy.wcs.wcs]
WARNING: FITSFixedWarning: 'obsfix' made the change 'Set OBSGEO-L to    74.049972 from OBSGEO-[XYZ].
Set OBSGEO-B to    19.090653 from OBSGEO-[XYZ].
Set OBSGEO-H to      636.997 from OBSGEO-[XYZ]'. [astropy.wcs.wcs]
WARNING: FITSFixedWarning: 'obsfix' made the change 'Set OBSGEO-L to    74.049972 from OBSGEO-[XYZ].
Set OBSGEO-B to    19.090653 from OBSGEO-[XYZ].
Set OBSGEO-H to      636.997 from OBSGEO-[XYZ]'. [astropy.wcs.wcs]
WARNING: FITSFixedWarning: 'obsfix' made the change 'Set OBSGEO-L to    74.049972 from OBSGEO-[XYZ].
Set OBSGEO-B to    19.090653 from OBSGEO-[XYZ].
Set OBSGEO-H to      636.997 from OBSGEO-[XYZ]'. [astropy.wcs.wcs]
WARNING: FITSFixedWarning: 'obsfix' made the change 'Set OBSGEO-L to    74.049972 from OBSGEO-[XYZ].
Set OBSGEO-B to    19.090653 from OBSGEO-[XYZ].
Set OBSGEO-H to      636.997 from OBSGEO-[XYZ]'. [astropy.wcs.wcs]
WARNING: FITSFixedWarning: 'obsfix' made the change 'Set OBSGEO-L to    74.049972 from OBSGEO-[XYZ].
Set OBSGEO-B to    19.090653 from OBSGEO-[XYZ].
Set OBSGEO-H to      636.997 from OBSGEO-[XYZ]'. [astropy.wcs.wcs]
WARNING: FITSFixedWarning: 'obsfix' made the change 'Set OBSGEO-L to    74.049972 from OBSGEO-[XYZ].
Set OBSGEO-B to    19.090653 from OBSGEO-[XYZ].
Set OBSGEO-H to      636.997 from OBSGEO-[XYZ]'. [astropy.wcs.wcs]
WARNING: FITSFixedWarning: 'obsfix' made the change 'Set OBSGEO-L to    74.049972 from OBSGEO-[XYZ].
Set OBSGEO-B to    19.090653 from OBSGEO-[XYZ].
Set OBSGEO-H to      636.997 from OBSGEO-[XYZ]'. [astropy.wcs.wcs]
WARNING: FITSFixedWarning: 'obsfix' made the change 'Set OBSGEO-L to    74.049972 from OBSGEO-[XYZ].
Set OBSGEO-B to    19.090653 from OBSGEO-[XYZ].
Set OBSGEO-H to      636.997 from OBSGEO-[XYZ]'. [astropy.wcs.wcs]
[provenance] cmd: /Users/raj030/DATA/gmrt_40_014/work/casa_selfcal/ghpages_products/moon0520/no_phasecenter/provenance/run_stack_moon_snapshots_moon0520_no_phasecenter_phasecorr_destriped_stack_20260522_103608.cmd
[provenance] log: /Users/raj030/DATA/gmrt_40_014/work/casa_selfcal/ghpages_products/moon0520/no_phasecenter/provenance/run_stack_moon_snapshots_moon0520_no_phasecenter_phasecorr_destriped_stack_20260522_103608.log
[stack] Found 11 FITS files under /Users/raj030/DATA/gmrt_40_014/work/casa_selfcal/moon0520_stk10
[stack] Reference stack from mean JD: [5] moon0520_stk0050_n10_final.fits (JD=2459421.50185072, mean=2459421.50185919)

[stack] Destriping enabled: 20 iterations/image
[stack] Moon-mask radius: 20.00 arcmin
[stack] Destripe strategy: radial-shell
[stack] Radial shell: r0=2.56px sigma=20.00px
[stack] Fourier debug outputs: /Users/raj030/DATA/gmrt_40_014/work/casa_selfcal/ghpages_products/moon0520/no_phasecenter/destripe_debug
[stack] Destriped per-frame FITS output: /Users/raj030/DATA/gmrt_40_014/work/casa_selfcal/ghpages_products/moon0520/no_phasecenter/destriped_finals
[destripe] moon0520_stk0000_n10_final fixed scales: FFT=per-iter auto, IMG=[-0.007774, 0.021372]
[destripe] Saved convergence plot: /Users/raj030/DATA/gmrt_40_014/work/casa_selfcal/ghpages_products/moon0520/no_phasecenter/destripe_debug/moon0520_stk0000_n10_final/moon0520_stk0000_n10_final_converge_rms.png
[destripe] Saved debug GIF: /Users/raj030/DATA/gmrt_40_014/work/casa_selfcal/ghpages_products/moon0520/no_phasecenter/destripe_debug/moon0520_stk0000_n10_final/moon0520_stk0000_n10_final_iter_progression.gif
[destripe] Saved debug MP4: /Users/raj030/DATA/gmrt_40_014/work/casa_selfcal/ghpages_products/moon0520/no_phasecenter/destripe_debug/moon0520_stk0000_n10_final/moon0520_stk0000_n10_final_iter_progression.mp4
[destripe] moon0520_stk0000_n10_final.fits: center=(1598.2,1436.4) r=800.0px peaks/iter=[0, 0, 0, 0, 0, 0, 0, 0, 0, 0, 0, 0, 0, 0, 0, 0, 0, 0, 0, 0] rms/iter=['4.23e-03', '2.88e-03', '2.78e-03', '2.74e-03', '2.71e-03', '2.68e-03', '2.66e-03', '2.64e-03', '2.62e-03', '2.61e-03', '2.59e-03', '2.58e-03', '2.57e-03', '2.56e-03', '2.55e-03', '2.54e-03', '2.54e-03', '2.53e-03', '2.52e-03', '2.52e-03', '2.51e-03']
[destripe] moon0520_stk0010_n10_final fixed scales: FFT=per-iter auto, IMG=[-0.004494, 0.036417]
[destripe] Saved convergence plot: /Users/raj030/DATA/gmrt_40_014/work/casa_selfcal/ghpages_products/moon0520/no_phasecenter/destripe_debug/moon0520_stk0010_n10_final/moon0520_stk0010_n10_final_converge_rms.png
[destripe] Saved debug GIF: /Users/raj030/DATA/gmrt_40_014/work/casa_selfcal/ghpages_products/moon0520/no_phasecenter/destripe_debug/moon0520_stk0010_n10_final/moon0520_stk0010_n10_final_iter_progression.gif
[destripe] Saved debug MP4: /Users/raj030/DATA/gmrt_40_014/work/casa_selfcal/ghpages_products/moon0520/no_phasecenter/destripe_debug/moon0520_stk0010_n10_final/moon0520_stk0010_n10_final_iter_progression.mp4
[destripe] moon0520_stk0010_n10_final.fits: center=(1611.2,1416.3) r=800.0px peaks/iter=[0, 0, 0, 0, 0, 0, 0, 0, 0, 0, 0, 0, 0, 0, 0, 0, 0, 0, 0, 0] rms/iter=['2.50e-03', '1.44e-03', '1.43e-03', '1.42e-03', '1.42e-03', '1.42e-03', '1.42e-03', '1.42e-03', '1.42e-03', '1.43e-03', '1.43e-03', '1.43e-03', '1.43e-03', '1.43e-03', '1.43e-03', '1.43e-03', '1.43e-03', '1.43e-03', '1.43e-03', '1.43e-03', '1.43e-03']
[destripe] moon0520_stk0020_n10_final fixed scales: FFT=per-iter auto, IMG=[-0.004038, 0.034388]
[destripe] Saved convergence plot: /Users/raj030/DATA/gmrt_40_014/work/casa_selfcal/ghpages_products/moon0520/no_phasecenter/destripe_debug/moon0520_stk0020_n10_final/moon0520_stk0020_n10_final_converge_rms.png
[destripe] Saved debug GIF: /Users/raj030/DATA/gmrt_40_014/work/casa_selfcal/ghpages_products/moon0520/no_phasecenter/destripe_debug/moon0520_stk0020_n10_final/moon0520_stk0020_n10_final_iter_progression.gif
[destripe] Saved debug MP4: /Users/raj030/DATA/gmrt_40_014/work/casa_selfcal/ghpages_products/moon0520/no_phasecenter/destripe_debug/moon0520_stk0020_n10_final/moon0520_stk0020_n10_final_iter_progression.mp4
[destripe] moon0520_stk0020_n10_final.fits: center=(1624.3,1396.2) r=800.0px peaks/iter=[0, 0, 0, 0, 0, 0, 0, 0, 0, 0, 0, 0, 0, 0, 0, 0, 0, 0, 0, 0] rms/iter=['2.63e-03', '1.21e-03', '1.22e-03', '1.23e-03', '1.25e-03', '1.26e-03', '1.27e-03', '1.29e-03', '1.30e-03', '1.31e-03', '1.32e-03', '1.33e-03', '1.34e-03', '1.35e-03', '1.36e-03', '1.36e-03', '1.37e-03', '1.38e-03', '1.39e-03', '1.39e-03', '1.40e-03']
[destripe] moon0520_stk0030_n10_final fixed scales: FFT=per-iter auto, IMG=[-0.003790, 0.018520]
[destripe] Saved convergence plot: /Users/raj030/DATA/gmrt_40_014/work/casa_selfcal/ghpages_products/moon0520/no_phasecenter/destripe_debug/moon0520_stk0030_n10_final/moon0520_stk0030_n10_final_converge_rms.png
[destripe] Saved debug GIF: /Users/raj030/DATA/gmrt_40_014/work/casa_selfcal/ghpages_products/moon0520/no_phasecenter/destripe_debug/moon0520_stk0030_n10_final/moon0520_stk0030_n10_final_iter_progression.gif
[destripe] Saved debug MP4: /Users/raj030/DATA/gmrt_40_014/work/casa_selfcal/ghpages_products/moon0520/no_phasecenter/destripe_debug/moon0520_stk0030_n10_final/moon0520_stk0030_n10_final_iter_progression.mp4
[destripe] moon0520_stk0030_n10_final.fits: center=(1637.4,1376.0) r=800.0px peaks/iter=[0, 0, 0, 0, 0, 0, 0, 0, 0, 0, 0, 0, 0, 0, 0, 0, 0, 0, 0, 0] rms/iter=['2.11e-03', '6.30e-04', '6.17e-04', '6.23e-04', '6.31e-04', '6.38e-04', '6.45e-04', '6.51e-04', '6.56e-04', '6.61e-04', '6.66e-04', '6.70e-04', '6.74e-04', '6.78e-04', '6.82e-04', '6.85e-04', '6.88e-04', '6.92e-04', '6.95e-04', '6.98e-04', '7.00e-04']
[destripe] moon0520_stk0040_n10_final fixed scales: FFT=per-iter auto, IMG=[-0.002942, 0.006430]
[destripe] Saved convergence plot: /Users/raj030/DATA/gmrt_40_014/work/casa_selfcal/ghpages_products/moon0520/no_phasecenter/destripe_debug/moon0520_stk0040_n10_final/moon0520_stk0040_n10_final_converge_rms.png
[destripe] Saved debug GIF: /Users/raj030/DATA/gmrt_40_014/work/casa_selfcal/ghpages_products/moon0520/no_phasecenter/destripe_debug/moon0520_stk0040_n10_final/moon0520_stk0040_n10_final_iter_progression.gif
[destripe] Saved debug MP4: /Users/raj030/DATA/gmrt_40_014/work/casa_selfcal/ghpages_products/moon0520/no_phasecenter/destripe_debug/moon0520_stk0040_n10_final/moon0520_stk0040_n10_final_iter_progression.mp4
[destripe] moon0520_stk0040_n10_final.fits: center=(1650.4,1355.8) r=800.0px peaks/iter=[0, 0, 0, 0, 0, 0, 0, 0, 0, 0, 0, 0, 0, 0, 0, 0, 0, 0, 0, 0] rms/iter=['1.71e-03', '3.58e-04', '3.17e-04', '3.06e-04', '3.01e-04', '3.00e-04', '3.00e-04', '3.00e-04', '3.01e-04', '3.03e-04', '3.04e-04', '3.06e-04', '3.08e-04', '3.10e-04', '3.12e-04', '3.14e-04', '3.16e-04', '3.18e-04', '3.20e-04', '3.21e-04', '3.23e-04']
[destripe] moon0520_stk0050_n10_final fixed scales: FFT=per-iter auto, IMG=[-0.002786, 0.005783]
[destripe] Saved convergence plot: /Users/raj030/DATA/gmrt_40_014/work/casa_selfcal/ghpages_products/moon0520/no_phasecenter/destripe_debug/moon0520_stk0050_n10_final/moon0520_stk0050_n10_final_converge_rms.png
[destripe] Saved debug GIF: /Users/raj030/DATA/gmrt_40_014/work/casa_selfcal/ghpages_products/moon0520/no_phasecenter/destripe_debug/moon0520_stk0050_n10_final/moon0520_stk0050_n10_final_iter_progression.gif
[destripe] Saved debug MP4: /Users/raj030/DATA/gmrt_40_014/work/casa_selfcal/ghpages_products/moon0520/no_phasecenter/destripe_debug/moon0520_stk0050_n10_final/moon0520_stk0050_n10_final_iter_progression.mp4
[destripe] moon0520_stk0050_n10_final.fits: center=(1663.5,1335.5) r=800.0px peaks/iter=[0, 0, 0, 0, 0, 0, 0, 0, 0, 0, 0, 0, 0, 0, 0, 0, 0, 0, 0, 0] rms/iter=['1.78e-03', '3.40e-04', '2.81e-04', '2.58e-04', '2.47e-04', '2.42e-04', '2.39e-04', '2.37e-04', '2.37e-04', '2.37e-04', '2.37e-04', '2.38e-04', '2.39e-04', '2.40e-04', '2.41e-04', '2.43e-04', '2.44e-04', '2.46e-04', '2.47e-04', '2.49e-04', '2.50e-04']
[destripe] moon0520_stk0060_n10_final fixed scales: FFT=per-iter auto, IMG=[-0.002737, 0.006138]
[destripe] Saved convergence plot: /Users/raj030/DATA/gmrt_40_014/work/casa_selfcal/ghpages_products/moon0520/no_phasecenter/destripe_debug/moon0520_stk0060_n10_final/moon0520_stk0060_n10_final_converge_rms.png
[destripe] Saved debug GIF: /Users/raj030/DATA/gmrt_40_014/work/casa_selfcal/ghpages_products/moon0520/no_phasecenter/destripe_debug/moon0520_stk0060_n10_final/moon0520_stk0060_n10_final_iter_progression.gif
[destripe] Saved debug MP4: /Users/raj030/DATA/gmrt_40_014/work/casa_selfcal/ghpages_products/moon0520/no_phasecenter/destripe_debug/moon0520_stk0060_n10_final/moon0520_stk0060_n10_final_iter_progression.mp4
[destripe] moon0520_stk0060_n10_final.fits: center=(1676.6,1315.1) r=800.0px peaks/iter=[0, 0, 0, 0, 0, 0, 0, 0, 0, 0, 0, 0, 0, 0, 0, 0, 0, 0, 0, 0] rms/iter=['1.64e-03', '3.47e-04', '3.03e-04', '2.93e-04', '2.92e-04', '2.94e-04', '2.96e-04', '2.99e-04', '3.03e-04', '3.06e-04', '3.09e-04', '3.12e-04', '3.15e-04', '3.18e-04', '3.21e-04', '3.24e-04', '3.27e-04', '3.30e-04', '3.33e-04', '3.36e-04', '3.38e-04']
[destripe] moon0520_stk0070_n10_final fixed scales: FFT=per-iter auto, IMG=[-0.002593, 0.005434]
[destripe] Saved convergence plot: /Users/raj030/DATA/gmrt_40_014/work/casa_selfcal/ghpages_products/moon0520/no_phasecenter/destripe_debug/moon0520_stk0070_n10_final/moon0520_stk0070_n10_final_converge_rms.png
[destripe] Saved debug GIF: /Users/raj030/DATA/gmrt_40_014/work/casa_selfcal/ghpages_products/moon0520/no_phasecenter/destripe_debug/moon0520_stk0070_n10_final/moon0520_stk0070_n10_final_iter_progression.gif
[destripe] Saved debug MP4: /Users/raj030/DATA/gmrt_40_014/work/casa_selfcal/ghpages_products/moon0520/no_phasecenter/destripe_debug/moon0520_stk0070_n10_final/moon0520_stk0070_n10_final_iter_progression.mp4
[destripe] moon0520_stk0070_n10_final.fits: center=(1689.8,1294.7) r=800.0px peaks/iter=[0, 0, 0, 0, 0, 0, 0, 0, 0, 0, 0, 0, 0, 0, 0, 0, 0, 0, 0, 0] rms/iter=['1.54e-03', '3.40e-04', '2.87e-04', '2.64e-04', '2.50e-04', '2.39e-04', '2.29e-04', '2.22e-04', '2.15e-04', '2.09e-04', '2.05e-04', '2.00e-04', '1.97e-04', '1.94e-04', '1.92e-04', '1.90e-04', '1.88e-04', '1.87e-04', '1.86e-04', '1.86e-04', '1.85e-04']
[destripe] moon0520_stk0080_n10_final fixed scales: FFT=per-iter auto, IMG=[-0.002470, 0.004680]
[destripe] Saved convergence plot: /Users/raj030/DATA/gmrt_40_014/work/casa_selfcal/ghpages_products/moon0520/no_phasecenter/destripe_debug/moon0520_stk0080_n10_final/moon0520_stk0080_n10_final_converge_rms.png
[destripe] Saved debug GIF: /Users/raj030/DATA/gmrt_40_014/work/casa_selfcal/ghpages_products/moon0520/no_phasecenter/destripe_debug/moon0520_stk0080_n10_final/moon0520_stk0080_n10_final_iter_progression.gif
[destripe] Saved debug MP4: /Users/raj030/DATA/gmrt_40_014/work/casa_selfcal/ghpages_products/moon0520/no_phasecenter/destripe_debug/moon0520_stk0080_n10_final/moon0520_stk0080_n10_final_iter_progression.mp4
[destripe] moon0520_stk0080_n10_final.fits: center=(1702.9,1274.3) r=800.0px peaks/iter=[0, 0, 0, 0, 0, 0, 0, 0, 0, 0, 0, 0, 0, 0, 0, 0, 0, 0, 0, 0] rms/iter=['1.56e-03', '3.50e-04', '3.02e-04', '2.81e-04', '2.69e-04', '2.61e-04', '2.55e-04', '2.50e-04', '2.46e-04', '2.43e-04', '2.40e-04', '2.38e-04', '2.37e-04', '2.36e-04', '2.35e-04', '2.35e-04', '2.35e-04', '2.35e-04', '2.35e-04', '2.36e-04', '2.37e-04']
[destripe] moon0520_stk0090_n10_final fixed scales: FFT=per-iter auto, IMG=[-0.002556, 0.004884]
[destripe] Saved convergence plot: /Users/raj030/DATA/gmrt_40_014/work/casa_selfcal/ghpages_products/moon0520/no_phasecenter/destripe_debug/moon0520_stk0090_n10_final/moon0520_stk0090_n10_final_converge_rms.png
[destripe] Saved debug GIF: /Users/raj030/DATA/gmrt_40_014/work/casa_selfcal/ghpages_products/moon0520/no_phasecenter/destripe_debug/moon0520_stk0090_n10_final/moon0520_stk0090_n10_final_iter_progression.gif
[destripe] Saved debug MP4: /Users/raj030/DATA/gmrt_40_014/work/casa_selfcal/ghpages_products/moon0520/no_phasecenter/destripe_debug/moon0520_stk0090_n10_final/moon0520_stk0090_n10_final_iter_progression.mp4
[destripe] moon0520_stk0090_n10_final.fits: center=(1716.1,1253.8) r=800.0px peaks/iter=[0, 0, 0, 0, 0, 0, 0, 0, 0, 0, 0, 0, 0, 0, 0, 0, 0, 0, 0, 0] rms/iter=['1.64e-03', '3.05e-04', '2.54e-04', '2.36e-04', '2.28e-04', '2.22e-04', '2.18e-04', '2.16e-04', '2.14e-04', '2.13e-04', '2.12e-04', '2.12e-04', '2.12e-04', '2.13e-04', '2.13e-04', '2.14e-04', '2.16e-04', '2.17e-04', '2.18e-04', '2.20e-04', '2.22e-04']
[destripe] moon0520_stk0100_n13_final fixed scales: FFT=per-iter auto, IMG=[-0.003130, 0.005409]
[destripe] Saved convergence plot: /Users/raj030/DATA/gmrt_40_014/work/casa_selfcal/ghpages_products/moon0520/no_phasecenter/destripe_debug/moon0520_stk0100_n13_final/moon0520_stk0100_n13_final_converge_rms.png
[destripe] Saved debug GIF: /Users/raj030/DATA/gmrt_40_014/work/casa_selfcal/ghpages_products/moon0520/no_phasecenter/destripe_debug/moon0520_stk0100_n13_final/moon0520_stk0100_n13_final_iter_progression.gif
[destripe] Saved debug MP4: /Users/raj030/DATA/gmrt_40_014/work/casa_selfcal/ghpages_products/moon0520/no_phasecenter/destripe_debug/moon0520_stk0100_n13_final/moon0520_stk0100_n13_final_iter_progression.mp4
[destripe] moon0520_stk0100_n13_final.fits: center=(1730.5,1231.2) r=800.0px peaks/iter=[0, 0, 0, 0, 0, 0, 0, 0, 0, 0, 0, 0, 0, 0, 0, 0, 0, 0, 0, 0] rms/iter=['1.68e-03', '4.41e-04', '3.85e-04', '3.67e-04', '3.60e-04', '3.56e-04', '3.53e-04', '3.52e-04', '3.50e-04', '3.49e-04', '3.48e-04', '3.48e-04', '3.47e-04', '3.47e-04', '3.46e-04', '3.46e-04', '3.46e-04', '3.46e-04', '3.46e-04', '3.46e-04', '3.46e-04']
[stack] Registration mode: derive
[stack] Registration method: phase-correlation (upsample=10)
[stack] Shift conversion: 1 pix = 1.5000 arcsec

   #  file                                             dr_pix    dc_pix   dr_arcsec   dc_arcsec  r_arcmin
------------------------------------------------------------------------------------------------------------------
   0  moon0520_stk0000_n10_final.fits                 843.000  -1041.000    1264.500   -1561.500    33.488
   1  moon0520_stk0010_n10_final.fits                 869.000  -228.000    1303.500    -342.000    22.460
   2  moon0520_stk0020_n10_final.fits                 778.000  -776.000    1167.000   -1164.000    27.471
   3  moon0520_stk0030_n10_final.fits                 291.000  -723.000     436.500   -1084.500    19.484
   4  moon0520_stk0040_n10_final.fits                  48.000   -60.000      72.000     -90.000     1.921
   5  moon0520_stk0050_n10_final.fits                   0.000     0.000       0.000       0.000     0.000
   6  moon0520_stk0060_n10_final.fits                  27.000   -31.000      40.500     -46.500     1.028
   7  moon0520_stk0070_n10_final.fits                 -88.000  -202.000    -132.000    -303.000     5.508
   8  moon0520_stk0080_n10_final.fits                 -44.000    66.000     -66.000      99.000     1.983
   9  moon0520_stk0090_n10_final.fits                 362.000  -210.000     543.000    -315.000    10.463
  10  moon0520_stk0100_n13_final.fits                -168.000    77.000    -252.000     115.500     4.620

[stack] Stacked 11 images using mean.
[stack] Result shape: (3072, 3072)   peak=0.0106  rms=0.0009
[stack] Written: /Users/raj030/DATA/gmrt_40_014/work/casa_selfcal/ghpages_products/moon0520/no_phasecenter/moon0520_no_phasecenter_phasecorr_destriped_stack.fits
[stack] Saved preview PNG: /Users/raj030/DATA/gmrt_40_014/work/casa_selfcal/ghpages_products/moon0520/no_phasecenter/moon0520_no_phasecenter_phasecorr_destriped_stack_original.png
[stack] Saved preview PNG: /Users/raj030/DATA/gmrt_40_014/work/casa_selfcal/ghpages_products/moon0520/no_phasecenter/moon0520_no_phasecenter_phasecorr_destriped_stack_destriped.png
[ghpages-products] SKIP movie (already exists): /Users/raj030/DATA/gmrt_40_014/work/casa_selfcal/ghpages_products/moon0520/no_phasecenter/moon0520_no_phasecenter_destriped.mp4
[ghpages-products] SKIP movie (already exists): /Users/raj030/DATA/gmrt_40_014/work/casa_selfcal/ghpages_products/moon0520/no_phasecenter/moon0520_no_phasecenter_before_after_compare.mp4
[ghpages-products] SKIP cumulative coadd (already exists): /Users/raj030/DATA/gmrt_40_014/work/casa_selfcal/ghpages_products/moon0520/no_phasecenter/moon0520_observed_center_raw_cumulative_coadd.mp4
[ghpages-products] SKIP cumulative coadd (already exists): /Users/raj030/DATA/gmrt_40_014/work/casa_selfcal/ghpages_products/moon0520/no_phasecenter/moon0520_observed_center_destriped_cumulative_coadd.mp4
[ghpages-products] CLEANUP intermediate destriped FITS: /Users/raj030/DATA/gmrt_40_014/work/casa_selfcal/ghpages_products/moon0520/no_phasecenter/destriped_finals
[ghpages-products] === tClean phase-centre case ===
[ghpages-products] SKIP movie (already exists): /Users/raj030/DATA/gmrt_40_014/work/casa_selfcal/ghpages_products/moon0520/phasecenter/moon0520_phasecenter_raw_selfcal.mp4
WARNING: FITSFixedWarning: 'obsfix' made the change 'Set OBSGEO-L to    74.049972 from OBSGEO-[XYZ].
Set OBSGEO-B to    19.090653 from OBSGEO-[XYZ].
Set OBSGEO-H to      636.997 from OBSGEO-[XYZ]'. [astropy.wcs.wcs]
WARNING: FITSFixedWarning: 'obsfix' made the change 'Set OBSGEO-L to    74.049972 from OBSGEO-[XYZ].
Set OBSGEO-B to    19.090653 from OBSGEO-[XYZ].
Set OBSGEO-H to      636.997 from OBSGEO-[XYZ]'. [astropy.wcs.wcs]
WARNING: FITSFixedWarning: 'obsfix' made the change 'Set OBSGEO-L to    74.049972 from OBSGEO-[XYZ].
Set OBSGEO-B to    19.090653 from OBSGEO-[XYZ].
Set OBSGEO-H to      636.997 from OBSGEO-[XYZ]'. [astropy.wcs.wcs]
WARNING: FITSFixedWarning: 'obsfix' made the change 'Set OBSGEO-L to    74.049972 from OBSGEO-[XYZ].
Set OBSGEO-B to    19.090653 from OBSGEO-[XYZ].
Set OBSGEO-H to      636.997 from OBSGEO-[XYZ]'. [astropy.wcs.wcs]
WARNING: FITSFixedWarning: 'obsfix' made the change 'Set OBSGEO-L to    74.049972 from OBSGEO-[XYZ].
Set OBSGEO-B to    19.090653 from OBSGEO-[XYZ].
Set OBSGEO-H to      636.997 from OBSGEO-[XYZ]'. [astropy.wcs.wcs]
WARNING: FITSFixedWarning: 'obsfix' made the change 'Set OBSGEO-L to    74.049972 from OBSGEO-[XYZ].
Set OBSGEO-B to    19.090653 from OBSGEO-[XYZ].
Set OBSGEO-H to      636.997 from OBSGEO-[XYZ]'. [astropy.wcs.wcs]
WARNING: FITSFixedWarning: 'obsfix' made the change 'Set OBSGEO-L to    74.049972 from OBSGEO-[XYZ].
Set OBSGEO-B to    19.090653 from OBSGEO-[XYZ].
Set OBSGEO-H to      636.997 from OBSGEO-[XYZ]'. [astropy.wcs.wcs]
WARNING: FITSFixedWarning: 'obsfix' made the change 'Set OBSGEO-L to    74.049972 from OBSGEO-[XYZ].
Set OBSGEO-B to    19.090653 from OBSGEO-[XYZ].
Set OBSGEO-H to      636.997 from OBSGEO-[XYZ]'. [astropy.wcs.wcs]
WARNING: FITSFixedWarning: 'obsfix' made the change 'Set OBSGEO-L to    74.049972 from OBSGEO-[XYZ].
Set OBSGEO-B to    19.090653 from OBSGEO-[XYZ].
Set OBSGEO-H to      636.997 from OBSGEO-[XYZ]'. [astropy.wcs.wcs]
WARNING: FITSFixedWarning: 'obsfix' made the change 'Set OBSGEO-L to    74.049972 from OBSGEO-[XYZ].
Set OBSGEO-B to    19.090653 from OBSGEO-[XYZ].
Set OBSGEO-H to      636.997 from OBSGEO-[XYZ]'. [astropy.wcs.wcs]
WARNING: FITSFixedWarning: 'obsfix' made the change 'Set OBSGEO-L to    74.049972 from OBSGEO-[XYZ].
Set OBSGEO-B to    19.090653 from OBSGEO-[XYZ].
Set OBSGEO-H to      636.997 from OBSGEO-[XYZ]'. [astropy.wcs.wcs]
[provenance] cmd: /Users/raj030/DATA/gmrt_40_014/work/casa_selfcal/ghpages_products/moon0520/phasecenter/provenance/run_stack_moon_snapshots_moon0520_phasecenter_noshift_destriped_stack_20260522_104615.cmd
[provenance] log: /Users/raj030/DATA/gmrt_40_014/work/casa_selfcal/ghpages_products/moon0520/phasecenter/provenance/run_stack_moon_snapshots_moon0520_phasecenter_noshift_destriped_stack_20260522_104615.log
[stack] Found 11 FITS files under /Users/raj030/DATA/gmrt_40_014/work/casa_selfcal/moon0520_stk10_phasecenter
[stack] Reference stack from mean JD: [5] moon0520_stk0050_n10_final.fits (JD=2459421.50185072, mean=2459421.50185919)

[stack] Destriping enabled: 20 iterations/image
[stack] Moon-mask radius: 20.00 arcmin
[stack] Destripe strategy: radial-shell
[stack] Radial shell: r0=2.56px sigma=20.00px
[stack] Fourier debug outputs: /Users/raj030/DATA/gmrt_40_014/work/casa_selfcal/ghpages_products/moon0520/phasecenter/destripe_debug
[stack] Destriped per-frame FITS output: /Users/raj030/DATA/gmrt_40_014/work/casa_selfcal/ghpages_products/moon0520/phasecenter/destriped_finals
[destripe] moon0520_stk0000_n10_final fixed scales: FFT=per-iter auto, IMG=[-0.007931, 0.020836]
[destripe] Saved convergence plot: /Users/raj030/DATA/gmrt_40_014/work/casa_selfcal/ghpages_products/moon0520/phasecenter/destripe_debug/moon0520_stk0000_n10_final/moon0520_stk0000_n10_final_converge_rms.png
[destripe] Saved debug GIF: /Users/raj030/DATA/gmrt_40_014/work/casa_selfcal/ghpages_products/moon0520/phasecenter/destripe_debug/moon0520_stk0000_n10_final/moon0520_stk0000_n10_final_iter_progression.gif
[destripe] Saved debug MP4: /Users/raj030/DATA/gmrt_40_014/work/casa_selfcal/ghpages_products/moon0520/phasecenter/destripe_debug/moon0520_stk0000_n10_final/moon0520_stk0000_n10_final_iter_progression.mp4
[destripe] moon0520_stk0000_n10_final.fits: center=(1536.0,1536.0) r=800.0px peaks/iter=[0, 0, 0, 0, 0, 0, 0, 0, 0, 0, 0, 0, 0, 0, 0, 0, 0, 0, 0, 0] rms/iter=['4.26e-03', '2.90e-03', '2.81e-03', '2.77e-03', '2.74e-03', '2.72e-03', '2.69e-03', '2.68e-03', '2.66e-03', '2.64e-03', '2.63e-03', '2.62e-03', '2.61e-03', '2.60e-03', '2.59e-03', '2.58e-03', '2.57e-03', '2.56e-03', '2.55e-03', '2.55e-03', '2.54e-03']
[destripe] moon0520_stk0010_n10_final fixed scales: FFT=per-iter auto, IMG=[-0.004536, 0.036794]
[destripe] Saved convergence plot: /Users/raj030/DATA/gmrt_40_014/work/casa_selfcal/ghpages_products/moon0520/phasecenter/destripe_debug/moon0520_stk0010_n10_final/moon0520_stk0010_n10_final_converge_rms.png
[destripe] Saved debug GIF: /Users/raj030/DATA/gmrt_40_014/work/casa_selfcal/ghpages_products/moon0520/phasecenter/destripe_debug/moon0520_stk0010_n10_final/moon0520_stk0010_n10_final_iter_progression.gif
[destripe] Saved debug MP4: /Users/raj030/DATA/gmrt_40_014/work/casa_selfcal/ghpages_products/moon0520/phasecenter/destripe_debug/moon0520_stk0010_n10_final/moon0520_stk0010_n10_final_iter_progression.mp4
[destripe] moon0520_stk0010_n10_final.fits: center=(1536.0,1536.0) r=800.0px peaks/iter=[0, 0, 0, 0, 0, 0, 0, 0, 0, 0, 0, 0, 0, 0, 0, 0, 0, 0, 0, 0] rms/iter=['2.52e-03', '1.40e-03', '1.38e-03', '1.38e-03', '1.38e-03', '1.38e-03', '1.38e-03', '1.38e-03', '1.38e-03', '1.38e-03', '1.38e-03', '1.38e-03', '1.38e-03', '1.38e-03', '1.38e-03', '1.38e-03', '1.38e-03', '1.38e-03', '1.38e-03', '1.38e-03', '1.38e-03']
[destripe] moon0520_stk0020_n10_final fixed scales: FFT=per-iter auto, IMG=[-0.004052, 0.035316]
[destripe] Saved convergence plot: /Users/raj030/DATA/gmrt_40_014/work/casa_selfcal/ghpages_products/moon0520/phasecenter/destripe_debug/moon0520_stk0020_n10_final/moon0520_stk0020_n10_final_converge_rms.png
[destripe] Saved debug GIF: /Users/raj030/DATA/gmrt_40_014/work/casa_selfcal/ghpages_products/moon0520/phasecenter/destripe_debug/moon0520_stk0020_n10_final/moon0520_stk0020_n10_final_iter_progression.gif
[destripe] Saved debug MP4: /Users/raj030/DATA/gmrt_40_014/work/casa_selfcal/ghpages_products/moon0520/phasecenter/destripe_debug/moon0520_stk0020_n10_final/moon0520_stk0020_n10_final_iter_progression.mp4
[destripe] moon0520_stk0020_n10_final.fits: center=(1536.0,1536.0) r=800.0px peaks/iter=[0, 0, 0, 0, 0, 0, 0, 0, 0, 0, 0, 0, 0, 0, 0, 0, 0, 0, 0, 0] rms/iter=['2.55e-03', '1.19e-03', '1.19e-03', '1.21e-03', '1.22e-03', '1.24e-03', '1.25e-03', '1.26e-03', '1.27e-03', '1.28e-03', '1.29e-03', '1.30e-03', '1.31e-03', '1.32e-03', '1.33e-03', '1.33e-03', '1.34e-03', '1.35e-03', '1.35e-03', '1.36e-03', '1.37e-03']
[destripe] moon0520_stk0030_n10_final fixed scales: FFT=per-iter auto, IMG=[-0.003861, 0.015448]
[destripe] Saved convergence plot: /Users/raj030/DATA/gmrt_40_014/work/casa_selfcal/ghpages_products/moon0520/phasecenter/destripe_debug/moon0520_stk0030_n10_final/moon0520_stk0030_n10_final_converge_rms.png
[destripe] Saved debug GIF: /Users/raj030/DATA/gmrt_40_014/work/casa_selfcal/ghpages_products/moon0520/phasecenter/destripe_debug/moon0520_stk0030_n10_final/moon0520_stk0030_n10_final_iter_progression.gif
[destripe] Saved debug MP4: /Users/raj030/DATA/gmrt_40_014/work/casa_selfcal/ghpages_products/moon0520/phasecenter/destripe_debug/moon0520_stk0030_n10_final/moon0520_stk0030_n10_final_iter_progression.mp4
[destripe] moon0520_stk0030_n10_final.fits: center=(1536.0,1536.0) r=800.0px peaks/iter=[0, 0, 0, 0, 0, 0, 0, 0, 0, 0, 0, 0, 0, 0, 0, 0, 0, 0, 0, 0] rms/iter=['2.13e-03', '6.14e-04', '5.98e-04', '6.02e-04', '6.07e-04', '6.13e-04', '6.18e-04', '6.22e-04', '6.26e-04', '6.29e-04', '6.32e-04', '6.35e-04', '6.38e-04', '6.40e-04', '6.42e-04', '6.45e-04', '6.47e-04', '6.49e-04', '6.50e-04', '6.52e-04', '6.54e-04']
[destripe] moon0520_stk0040_n10_final fixed scales: FFT=per-iter auto, IMG=[-0.002465, 0.004147]
[destripe] Saved convergence plot: /Users/raj030/DATA/gmrt_40_014/work/casa_selfcal/ghpages_products/moon0520/phasecenter/destripe_debug/moon0520_stk0040_n10_final/moon0520_stk0040_n10_final_converge_rms.png
[destripe] Saved debug GIF: /Users/raj030/DATA/gmrt_40_014/work/casa_selfcal/ghpages_products/moon0520/phasecenter/destripe_debug/moon0520_stk0040_n10_final/moon0520_stk0040_n10_final_iter_progression.gif
[destripe] Saved debug MP4: /Users/raj030/DATA/gmrt_40_014/work/casa_selfcal/ghpages_products/moon0520/phasecenter/destripe_debug/moon0520_stk0040_n10_final/moon0520_stk0040_n10_final_iter_progression.mp4
[destripe] moon0520_stk0040_n10_final.fits: center=(1536.0,1536.0) r=800.0px peaks/iter=[0, 0, 0, 0, 0, 0, 0, 0, 0, 0, 0, 0, 0, 0, 0, 0, 0, 0, 0, 0] rms/iter=['1.63e-03', '3.14e-04', '2.64e-04', '2.49e-04', '2.41e-04', '2.37e-04', '2.34e-04', '2.32e-04', '2.30e-04', '2.29e-04', '2.28e-04', '2.28e-04', '2.28e-04', '2.27e-04', '2.27e-04', '2.27e-04', '2.27e-04', '2.27e-04', '2.28e-04', '2.28e-04', '2.28e-04']
[destripe] moon0520_stk0050_n10_final fixed scales: FFT=per-iter auto, IMG=[-0.002801, 0.005607]
[destripe] Saved convergence plot: /Users/raj030/DATA/gmrt_40_014/work/casa_selfcal/ghpages_products/moon0520/phasecenter/destripe_debug/moon0520_stk0050_n10_final/moon0520_stk0050_n10_final_converge_rms.png
[destripe] Saved debug GIF: /Users/raj030/DATA/gmrt_40_014/work/casa_selfcal/ghpages_products/moon0520/phasecenter/destripe_debug/moon0520_stk0050_n10_final/moon0520_stk0050_n10_final_iter_progression.gif
[destripe] Saved debug MP4: /Users/raj030/DATA/gmrt_40_014/work/casa_selfcal/ghpages_products/moon0520/phasecenter/destripe_debug/moon0520_stk0050_n10_final/moon0520_stk0050_n10_final_iter_progression.mp4
[destripe] moon0520_stk0050_n10_final.fits: center=(1536.0,1536.0) r=800.0px peaks/iter=[0, 0, 0, 0, 0, 0, 0, 0, 0, 0, 0, 0, 0, 0, 0, 0, 0, 0, 0, 0] rms/iter=['1.79e-03', '3.08e-04', '2.52e-04', '2.31e-04', '2.21e-04', '2.17e-04', '2.15e-04', '2.14e-04', '2.14e-04', '2.15e-04', '2.16e-04', '2.17e-04', '2.19e-04', '2.20e-04', '2.22e-04', '2.23e-04', '2.25e-04', '2.27e-04', '2.28e-04', '2.30e-04', '2.32e-04']
[destripe] moon0520_stk0060_n10_final fixed scales: FFT=per-iter auto, IMG=[-0.002853, 0.006486]
[destripe] Saved convergence plot: /Users/raj030/DATA/gmrt_40_014/work/casa_selfcal/ghpages_products/moon0520/phasecenter/destripe_debug/moon0520_stk0060_n10_final/moon0520_stk0060_n10_final_converge_rms.png
[destripe] Saved debug GIF: /Users/raj030/DATA/gmrt_40_014/work/casa_selfcal/ghpages_products/moon0520/phasecenter/destripe_debug/moon0520_stk0060_n10_final/moon0520_stk0060_n10_final_iter_progression.gif
[destripe] Saved debug MP4: /Users/raj030/DATA/gmrt_40_014/work/casa_selfcal/ghpages_products/moon0520/phasecenter/destripe_debug/moon0520_stk0060_n10_final/moon0520_stk0060_n10_final_iter_progression.mp4
[destripe] moon0520_stk0060_n10_final.fits: center=(1536.0,1536.0) r=800.0px peaks/iter=[0, 0, 0, 0, 0, 0, 0, 0, 0, 0, 0, 0, 0, 0, 0, 0, 0, 0, 0, 0] rms/iter=['1.72e-03', '3.32e-04', '2.93e-04', '2.85e-04', '2.85e-04', '2.88e-04', '2.92e-04', '2.96e-04', '3.00e-04', '3.03e-04', '3.07e-04', '3.11e-04', '3.14e-04', '3.18e-04', '3.21e-04', '3.24e-04', '3.28e-04', '3.31e-04', '3.34e-04', '3.37e-04', '3.40e-04']
[destripe] moon0520_stk0070_n10_final fixed scales: FFT=per-iter auto, IMG=[-0.002406, 0.005348]
[destripe] Saved convergence plot: /Users/raj030/DATA/gmrt_40_014/work/casa_selfcal/ghpages_products/moon0520/phasecenter/destripe_debug/moon0520_stk0070_n10_final/moon0520_stk0070_n10_final_converge_rms.png
[destripe] Saved debug GIF: /Users/raj030/DATA/gmrt_40_014/work/casa_selfcal/ghpages_products/moon0520/phasecenter/destripe_debug/moon0520_stk0070_n10_final/moon0520_stk0070_n10_final_iter_progression.gif
[destripe] Saved debug MP4: /Users/raj030/DATA/gmrt_40_014/work/casa_selfcal/ghpages_products/moon0520/phasecenter/destripe_debug/moon0520_stk0070_n10_final/moon0520_stk0070_n10_final_iter_progression.mp4
[destripe] moon0520_stk0070_n10_final.fits: center=(1536.0,1536.0) r=800.0px peaks/iter=[0, 0, 0, 0, 0, 0, 0, 0, 0, 0, 0, 0, 0, 0, 0, 0, 0, 0, 0, 0] rms/iter=['1.44e-03', '3.13e-04', '2.67e-04', '2.49e-04', '2.39e-04', '2.31e-04', '2.25e-04', '2.20e-04', '2.15e-04', '2.11e-04', '2.08e-04', '2.05e-04', '2.02e-04', '2.00e-04', '1.98e-04', '1.97e-04', '1.96e-04', '1.95e-04', '1.94e-04', '1.94e-04', '1.93e-04']
[destripe] moon0520_stk0080_n10_final fixed scales: FFT=per-iter auto, IMG=[-0.002680, 0.004923]
[destripe] Saved convergence plot: /Users/raj030/DATA/gmrt_40_014/work/casa_selfcal/ghpages_products/moon0520/phasecenter/destripe_debug/moon0520_stk0080_n10_final/moon0520_stk0080_n10_final_converge_rms.png
[destripe] Saved debug GIF: /Users/raj030/DATA/gmrt_40_014/work/casa_selfcal/ghpages_products/moon0520/phasecenter/destripe_debug/moon0520_stk0080_n10_final/moon0520_stk0080_n10_final_iter_progression.gif
[destripe] Saved debug MP4: /Users/raj030/DATA/gmrt_40_014/work/casa_selfcal/ghpages_products/moon0520/phasecenter/destripe_debug/moon0520_stk0080_n10_final/moon0520_stk0080_n10_final_iter_progression.mp4
[destripe] moon0520_stk0080_n10_final.fits: center=(1536.0,1536.0) r=800.0px peaks/iter=[0, 0, 0, 0, 0, 0, 0, 0, 0, 0, 0, 0, 0, 0, 0, 0, 0, 0, 0, 0] rms/iter=['1.68e-03', '3.24e-04', '2.85e-04', '2.73e-04', '2.69e-04', '2.67e-04', '2.67e-04', '2.67e-04', '2.68e-04', '2.69e-04', '2.70e-04', '2.71e-04', '2.73e-04', '2.74e-04', '2.76e-04', '2.78e-04', '2.80e-04', '2.82e-04', '2.84e-04', '2.86e-04', '2.89e-04']
[destripe] moon0520_stk0090_n10_final fixed scales: FFT=per-iter auto, IMG=[-0.002701, 0.005143]
[destripe] Saved convergence plot: /Users/raj030/DATA/gmrt_40_014/work/casa_selfcal/ghpages_products/moon0520/phasecenter/destripe_debug/moon0520_stk0090_n10_final/moon0520_stk0090_n10_final_converge_rms.png
[destripe] Saved debug GIF: /Users/raj030/DATA/gmrt_40_014/work/casa_selfcal/ghpages_products/moon0520/phasecenter/destripe_debug/moon0520_stk0090_n10_final/moon0520_stk0090_n10_final_iter_progression.gif
[destripe] Saved debug MP4: /Users/raj030/DATA/gmrt_40_014/work/casa_selfcal/ghpages_products/moon0520/phasecenter/destripe_debug/moon0520_stk0090_n10_final/moon0520_stk0090_n10_final_iter_progression.mp4
[destripe] moon0520_stk0090_n10_final.fits: center=(1536.0,1536.0) r=800.0px peaks/iter=[0, 0, 0, 0, 0, 0, 0, 0, 0, 0, 0, 0, 0, 0, 0, 0, 0, 0, 0, 0] rms/iter=['1.72e-03', '2.97e-04', '2.55e-04', '2.42e-04', '2.37e-04', '2.34e-04', '2.32e-04', '2.31e-04', '2.31e-04', '2.31e-04', '2.31e-04', '2.32e-04', '2.32e-04', '2.33e-04', '2.35e-04', '2.36e-04', '2.37e-04', '2.39e-04', '2.41e-04', '2.42e-04', '2.44e-04']
[destripe] moon0520_stk0100_n13_final fixed scales: FFT=per-iter auto, IMG=[-0.002953, 0.006936]
[destripe] Saved convergence plot: /Users/raj030/DATA/gmrt_40_014/work/casa_selfcal/ghpages_products/moon0520/phasecenter/destripe_debug/moon0520_stk0100_n13_final/moon0520_stk0100_n13_final_converge_rms.png
[destripe] Saved debug GIF: /Users/raj030/DATA/gmrt_40_014/work/casa_selfcal/ghpages_products/moon0520/phasecenter/destripe_debug/moon0520_stk0100_n13_final/moon0520_stk0100_n13_final_iter_progression.gif
[destripe] Saved debug MP4: /Users/raj030/DATA/gmrt_40_014/work/casa_selfcal/ghpages_products/moon0520/phasecenter/destripe_debug/moon0520_stk0100_n13_final/moon0520_stk0100_n13_final_iter_progression.mp4
[destripe] moon0520_stk0100_n13_final.fits: center=(1536.0,1536.0) r=800.0px peaks/iter=[0, 0, 0, 0, 0, 0, 0, 0, 0, 0, 0, 0, 0, 0, 0, 0, 0, 0, 0, 0] rms/iter=['1.81e-03', '3.81e-04', '3.40e-04', '3.32e-04', '3.30e-04', '3.31e-04', '3.32e-04', '3.34e-04', '3.36e-04', '3.39e-04', '3.41e-04', '3.43e-04', '3.45e-04', '3.47e-04', '3.50e-04', '3.52e-04', '3.54e-04', '3.56e-04', '3.58e-04', '3.59e-04', '3.61e-04']
[stack] Registration mode: none
[stack] Registration method: <none> (no image shifts will be applied)
[stack] Shift table values are fixed to 0.0 pix (direct co-add mode).
[stack] Shift conversion: 1 pix = 1.5000 arcsec

   #  file                                             dr_pix    dc_pix   dr_arcsec   dc_arcsec  r_arcmin
------------------------------------------------------------------------------------------------------------------
   0  moon0520_stk0000_n10_final.fits                   0.000     0.000       0.000       0.000     0.000
   1  moon0520_stk0010_n10_final.fits                   0.000     0.000       0.000       0.000     0.000
   2  moon0520_stk0020_n10_final.fits                   0.000     0.000       0.000       0.000     0.000
   3  moon0520_stk0030_n10_final.fits                   0.000     0.000       0.000       0.000     0.000
   4  moon0520_stk0040_n10_final.fits                   0.000     0.000       0.000       0.000     0.000
   5  moon0520_stk0050_n10_final.fits                   0.000     0.000       0.000       0.000     0.000
   6  moon0520_stk0060_n10_final.fits                   0.000     0.000       0.000       0.000     0.000
   7  moon0520_stk0070_n10_final.fits                   0.000     0.000       0.000       0.000     0.000
   8  moon0520_stk0080_n10_final.fits                   0.000     0.000       0.000       0.000     0.000
   9  moon0520_stk0090_n10_final.fits                   0.000     0.000       0.000       0.000     0.000
  10  moon0520_stk0100_n13_final.fits                   0.000     0.000       0.000       0.000     0.000

[stack] Stacked 11 images using mean.
[stack] Result shape: (3072, 3072)   peak=0.0108  rms=0.0009
[stack] Written: /Users/raj030/DATA/gmrt_40_014/work/casa_selfcal/ghpages_products/moon0520/phasecenter/moon0520_phasecenter_noshift_destriped_stack.fits
[stack] Saved preview PNG: /Users/raj030/DATA/gmrt_40_014/work/casa_selfcal/ghpages_products/moon0520/phasecenter/moon0520_phasecenter_noshift_destriped_stack_original.png
[stack] Saved preview PNG: /Users/raj030/DATA/gmrt_40_014/work/casa_selfcal/ghpages_products/moon0520/phasecenter/moon0520_phasecenter_noshift_destriped_stack_destriped.png
[ghpages-products] SKIP movie (already exists): /Users/raj030/DATA/gmrt_40_014/work/casa_selfcal/ghpages_products/moon0520/phasecenter/moon0520_phasecenter_destriped.mp4
[ghpages-products] SKIP movie (already exists): /Users/raj030/DATA/gmrt_40_014/work/casa_selfcal/ghpages_products/moon0520/phasecenter/moon0520_phasecenter_before_after_compare.mp4
[ghpages-products] SKIP cumulative coadd (already exists): /Users/raj030/DATA/gmrt_40_014/work/casa_selfcal/ghpages_products/moon0520/phasecenter/moon0520_moon_centered_raw_cumulative_coadd.mp4
[ghpages-products] SKIP cumulative coadd (already exists): /Users/raj030/DATA/gmrt_40_014/work/casa_selfcal/ghpages_products/moon0520/phasecenter/moon0520_moon_centered_destriped_cumulative_coadd.mp4
[ghpages-products] CLEANUP intermediate destriped FITS: /Users/raj030/DATA/gmrt_40_014/work/casa_selfcal/ghpages_products/moon0520/phasecenter/destriped_finals
[ghpages-products] done
[ghpages-products] no-phasecenter products: /Users/raj030/DATA/gmrt_40_014/work/casa_selfcal/ghpages_products/moon0520/no_phasecenter
[ghpages-products] phasecenter products   : /Users/raj030/DATA/gmrt_40_014/work/casa_selfcal/ghpages_products/moon0520/phasecenter
[2026-05-22 10:56:00] STEP 15 DONE  (optional): moon post-selfcal artifacts (destripe + movies)
[2026-05-22 10:56:00] STEP 16 START (optional): 3C468.1 selfcal imaging (scan6)
[2026-05-22 10:56:00] COMMAND: env SCAN_TAG=6 RUN_ID=20260522_103607_p78725_r14090 MAKE_MOVIE_AFTER_SELFCAL=0 bash /Users/raj030/github-wasimraja81/gmrt_analysis/bin/run_3c468.1_selfcal_dev.sh
[run-3c468.1-selfcal] scan_tag : scan06
[run-3c468.1-selfcal] run_id   : 20260522_103607_p78725_r14090
[run-3c468.1-selfcal] uvfits   : /Users/raj030/DATA/gmrt_40_014/work/split/3c468.1/3c468.1_primary_secondary_calibrated_flagged.uvfits
[run-3c468.1-selfcal] outdir   : /Users/raj030/DATA/gmrt_40_014/work/casa_selfcal/3c468.1_scan06_stk1
[run-3c468.1-selfcal] cmd      : /Users/raj030/DATA/gmrt_40_014/work/logs/run_3c468.1_selfcal_scan06_20260522_103607_p78725_r14090.cmd
[run-3c468.1-selfcal] log      : /Users/raj030/DATA/gmrt_40_014/work/logs/run_3c468.1_selfcal_scan06_20260522_103607_p78725_r14090.log
[2026-05-22 10:56:00] [selfcal] Using index: /Users/raj030/DATA/gmrt_40_014/work/split/3c468.1/3c468.1_primary_secondary_calibrated_flagged.uvfits.row_index_cache.npz
[2026-05-22 10:56:00] [selfcal] Scan 3C468.1 (id=4): 321 integrations
[2026-05-22 10:56:00] [selfcal] Target mode: fixed-target
[2026-05-22 10:56:00] [selfcal] Processing integrations: [168, 169, 170, 171, 172, 173, 174, 175, 176, 177, 178, 179, 180, 181, 182, 183, 184, 185, 186, 187, 188, 189, 190, 191, 192, 193, 194, 195, 196, 197, 198, 199, 200, 201, 202, 203, 204, 205, 206] (stack_size=1)
[2026-05-22 10:56:05] [selfcal] Importing UVFITS → /Users/raj030/DATA/gmrt_40_014/work/casa_selfcal/3c468.1_scan06_stk1/3c468.1_full.ms
2026-05-22 00:56:06	WARN	MSFitsInput::fillAntennaTable	XYZHAND keyword not found in AN table. Will assume antenna coordinate system is right handed.
2026-05-22 00:56:06	WARN	MSFitsInput::fillExtraTable	No systemic velocity for field 3
2026-05-22 00:56:06	WARN	MSFitsInput::fillExtraTable	No rest frequency for field 3
[2026-05-22 10:56:05] [selfcal] Fixed-target phase centre from FIELD table: RA=357.728852°  Dec=64.671627°
[selfcal] Cycle 1 params: niter=300, img uvmin=Nonekλ uvmax=Nonekλ, cal uvmin=Nonekλ uvmax=Nonekλ, scales=[0]
[selfcal] Cycle 2 params: niter=1000, img uvmin=Nonekλ uvmax=Nonekλ, cal uvmin=Nonekλ uvmax=Nonekλ, scales=[0]
[selfcal] Cycle 3 params: niter=2000, img uvmin=Nonekλ uvmax=Nonekλ, cal uvmin=Nonekλ uvmax=Nonekλ, scales=[0]
[selfcal] Cycle 4 params: niter=6000, img uvmin=Nonekλ uvmax=Nonekλ, cal uvmin=Nonekλ uvmax=Nonekλ, scales=[0]
[2026-05-22 10:56:05] [selfcal] === Stack start_idx=168  n=1  JD=2459421.395222..2459421.395222  timerange=2021/07/25/21:29:03~2021/07/25/21:29:11 ===
[2026-05-22 10:56:06] [selfcal]   3C468.1 at RA=357.7289°  Dec=64.6716°  offset=0.00arcmin from field centre  (image half-width=12.8arcmin)
[2026-05-22 10:56:06] [selfcal]   target-mode: fixed-target
[2026-05-22 10:56:06] [selfcal]   mask: <disabled by --no-mask>
[2026-05-22 10:56:06] [selfcal]   tclean phasecenter: DISABLED (using MS native phase centre)
[2026-05-22 10:56:06] [selfcal]   Cycle 1/4: tclean niter=300  img_uvrange=''  cal_uvrange=''  scales=[]
[2026-05-22 10:56:08] [selfcal]   Cycle 1/4: gaincal → /Users/raj030/DATA/gmrt_40_014/work/casa_selfcal/3c468.1_scan06_stk1/3c468p1_int0168/3c468p1_int0168_sc1.gcal
[2026-05-22 10:56:08] [selfcal]   Cycle 1/4: applycal
WARNING: VerifyWarning: Card is too long, comment will be truncated. [astropy.io.fits.card]
[2026-05-22 10:56:08] [selfcal]   Cycle 1/4: exported /Users/raj030/DATA/gmrt_40_014/work/casa_selfcal/3c468.1_scan06_stk1/3c468p1_int0168/3c468p1_int0168_sc1.fits
[2026-05-22 10:56:08] [selfcal]   Cycle 1/4: elapsed 2.56s
[2026-05-22 10:56:08] [selfcal]   Cycle 2/4: tclean niter=1000  img_uvrange=''  cal_uvrange=''  scales=[]
[2026-05-22 10:56:14] [selfcal]   Cycle 2/4: gaincal → /Users/raj030/DATA/gmrt_40_014/work/casa_selfcal/3c468.1_scan06_stk1/3c468p1_int0168/3c468p1_int0168_sc2.gcal
[2026-05-22 10:56:14] [selfcal]   Cycle 2/4: applycal
[2026-05-22 10:56:14] [selfcal]   Cycle 2/4: exported /Users/raj030/DATA/gmrt_40_014/work/casa_selfcal/3c468.1_scan06_stk1/3c468p1_int0168/3c468p1_int0168_sc2.fits
[2026-05-22 10:56:14] [selfcal]   Cycle 2/4: elapsed 5.99s
[2026-05-22 10:56:14] [selfcal]   Cycle 3/4: tclean niter=2000  img_uvrange=''  cal_uvrange=''  scales=[]
[2026-05-22 10:56:24] [selfcal]   Cycle 3/4: gaincal → /Users/raj030/DATA/gmrt_40_014/work/casa_selfcal/3c468.1_scan06_stk1/3c468p1_int0168/3c468p1_int0168_sc3.gcal
[2026-05-22 10:56:25] [selfcal]   Cycle 3/4: applycal
[2026-05-22 10:56:25] [selfcal]   Cycle 3/4: exported /Users/raj030/DATA/gmrt_40_014/work/casa_selfcal/3c468.1_scan06_stk1/3c468p1_int0168/3c468p1_int0168_sc3.fits
[2026-05-22 10:56:25] [selfcal]   Cycle 3/4: elapsed 10.52s
[2026-05-22 10:56:25] [selfcal]   Cycle 4/4: tclean niter=6000  img_uvrange=''  cal_uvrange=''  scales=[]
[2026-05-22 10:56:54] [selfcal]   Cycle 4/4: gaincal → /Users/raj030/DATA/gmrt_40_014/work/casa_selfcal/3c468.1_scan06_stk1/3c468p1_int0168/3c468p1_int0168_sc4.gcal
[2026-05-22 10:56:54] [selfcal]   Cycle 4/4: applycal
[2026-05-22 10:56:54] [selfcal]   Cycle 4/4: exported /Users/raj030/DATA/gmrt_40_014/work/casa_selfcal/3c468.1_scan06_stk1/3c468p1_int0168/3c468p1_int0168_sc4.fits
[2026-05-22 10:56:54] [selfcal]   Cycle 4/4: elapsed 29.56s
[2026-05-22 10:56:54] [selfcal]   Final image: niter=10000  uvrange=''
[2026-05-22 10:57:42] [selfcal]   Exported: /Users/raj030/DATA/gmrt_40_014/work/casa_selfcal/3c468.1_scan06_stk1/3c468p1_int0168/3c468p1_int0168_final.fits
[2026-05-22 10:57:42] [selfcal]   Final image: elapsed 48.09s
[2026-05-22 10:57:42] [selfcal] === Stack done start_idx=168  elapsed 1m36.82s ===
[2026-05-22 10:57:42] [selfcal] === Stack start_idx=169  n=1  JD=2459421.395315..2459421.395315  timerange=2021/07/25/21:29:11~2021/07/25/21:29:19 ===
[2026-05-22 10:57:42] [selfcal]   3C468.1 at RA=357.7289°  Dec=64.6716°  offset=0.00arcmin from field centre  (image half-width=12.8arcmin)
[2026-05-22 10:57:42] [selfcal]   target-mode: fixed-target
[2026-05-22 10:57:42] [selfcal]   mask: <disabled by --no-mask>
[2026-05-22 10:57:42] [selfcal]   tclean phasecenter: DISABLED (using MS native phase centre)
[2026-05-22 10:57:42] [selfcal]   Cycle 1/4: tclean niter=300  img_uvrange=''  cal_uvrange=''  scales=[]
[2026-05-22 10:57:45] [selfcal]   Cycle 1/4: gaincal → /Users/raj030/DATA/gmrt_40_014/work/casa_selfcal/3c468.1_scan06_stk1/3c468p1_int0169/3c468p1_int0169_sc1.gcal
[2026-05-22 10:57:45] [selfcal]   Cycle 1/4: applycal
[2026-05-22 10:57:45] [selfcal]   Cycle 1/4: exported /Users/raj030/DATA/gmrt_40_014/work/casa_selfcal/3c468.1_scan06_stk1/3c468p1_int0169/3c468p1_int0169_sc1.fits
[2026-05-22 10:57:45] [selfcal]   Cycle 1/4: elapsed 2.71s
[2026-05-22 10:57:45] [selfcal]   Cycle 2/4: tclean niter=1000  img_uvrange=''  cal_uvrange=''  scales=[]
[2026-05-22 10:57:51] [selfcal]   Cycle 2/4: gaincal → /Users/raj030/DATA/gmrt_40_014/work/casa_selfcal/3c468.1_scan06_stk1/3c468p1_int0169/3c468p1_int0169_sc2.gcal
[2026-05-22 10:57:51] [selfcal]   Cycle 2/4: applycal
[2026-05-22 10:57:51] [selfcal]   Cycle 2/4: exported /Users/raj030/DATA/gmrt_40_014/work/casa_selfcal/3c468.1_scan06_stk1/3c468p1_int0169/3c468p1_int0169_sc2.fits
[2026-05-22 10:57:51] [selfcal]   Cycle 2/4: elapsed 6.07s
[2026-05-22 10:57:51] [selfcal]   Cycle 3/4: tclean niter=2000  img_uvrange=''  cal_uvrange=''  scales=[]
[2026-05-22 10:58:02] [selfcal]   Cycle 3/4: gaincal → /Users/raj030/DATA/gmrt_40_014/work/casa_selfcal/3c468.1_scan06_stk1/3c468p1_int0169/3c468p1_int0169_sc3.gcal
[2026-05-22 10:58:02] [selfcal]   Cycle 3/4: applycal
[2026-05-22 10:58:02] [selfcal]   Cycle 3/4: exported /Users/raj030/DATA/gmrt_40_014/work/casa_selfcal/3c468.1_scan06_stk1/3c468p1_int0169/3c468p1_int0169_sc3.fits
[2026-05-22 10:58:02] [selfcal]   Cycle 3/4: elapsed 10.91s
[2026-05-22 10:58:02] [selfcal]   Cycle 4/4: tclean niter=6000  img_uvrange=''  cal_uvrange=''  scales=[]
[2026-05-22 10:58:32] [selfcal]   Cycle 4/4: gaincal → /Users/raj030/DATA/gmrt_40_014/work/casa_selfcal/3c468.1_scan06_stk1/3c468p1_int0169/3c468p1_int0169_sc4.gcal
[2026-05-22 10:58:32] [selfcal]   Cycle 4/4: applycal
[2026-05-22 10:58:32] [selfcal]   Cycle 4/4: exported /Users/raj030/DATA/gmrt_40_014/work/casa_selfcal/3c468.1_scan06_stk1/3c468p1_int0169/3c468p1_int0169_sc4.fits
[2026-05-22 10:58:32] [selfcal]   Cycle 4/4: elapsed 29.78s
[2026-05-22 10:58:32] [selfcal]   Final image: niter=10000  uvrange=''
[2026-05-22 10:59:20] [selfcal]   Exported: /Users/raj030/DATA/gmrt_40_014/work/casa_selfcal/3c468.1_scan06_stk1/3c468p1_int0169/3c468p1_int0169_final.fits
[2026-05-22 10:59:20] [selfcal]   Final image: elapsed 48.36s
[2026-05-22 10:59:20] [selfcal] === Stack done start_idx=169  elapsed 1m37.94s ===
[2026-05-22 10:59:20] [selfcal] === Stack start_idx=170  n=1  JD=2459421.395409..2459421.395409  timerange=2021/07/25/21:29:19~2021/07/25/21:29:27 ===
[2026-05-22 10:59:20] [selfcal]   3C468.1 at RA=357.7289°  Dec=64.6716°  offset=0.00arcmin from field centre  (image half-width=12.8arcmin)
[2026-05-22 10:59:20] [selfcal]   target-mode: fixed-target
[2026-05-22 10:59:20] [selfcal]   mask: <disabled by --no-mask>
[2026-05-22 10:59:20] [selfcal]   tclean phasecenter: DISABLED (using MS native phase centre)
[2026-05-22 10:59:20] [selfcal]   Cycle 1/4: tclean niter=300  img_uvrange=''  cal_uvrange=''  scales=[]
[2026-05-22 10:59:23] [selfcal]   Cycle 1/4: gaincal → /Users/raj030/DATA/gmrt_40_014/work/casa_selfcal/3c468.1_scan06_stk1/3c468p1_int0170/3c468p1_int0170_sc1.gcal
[2026-05-22 10:59:23] [selfcal]   Cycle 1/4: applycal
[2026-05-22 10:59:23] [selfcal]   Cycle 1/4: exported /Users/raj030/DATA/gmrt_40_014/work/casa_selfcal/3c468.1_scan06_stk1/3c468p1_int0170/3c468p1_int0170_sc1.fits
[2026-05-22 10:59:23] [selfcal]   Cycle 1/4: elapsed 2.75s
[2026-05-22 10:59:23] [selfcal]   Cycle 2/4: tclean niter=1000  img_uvrange=''  cal_uvrange=''  scales=[]
[2026-05-22 10:59:29] [selfcal]   Cycle 2/4: gaincal → /Users/raj030/DATA/gmrt_40_014/work/casa_selfcal/3c468.1_scan06_stk1/3c468p1_int0170/3c468p1_int0170_sc2.gcal
[2026-05-22 10:59:29] [selfcal]   Cycle 2/4: applycal
[2026-05-22 10:59:29] [selfcal]   Cycle 2/4: exported /Users/raj030/DATA/gmrt_40_014/work/casa_selfcal/3c468.1_scan06_stk1/3c468p1_int0170/3c468p1_int0170_sc2.fits
[2026-05-22 10:59:29] [selfcal]   Cycle 2/4: elapsed 6.26s
[2026-05-22 10:59:29] [selfcal]   Cycle 3/4: tclean niter=2000  img_uvrange=''  cal_uvrange=''  scales=[]
[2026-05-22 10:59:40] [selfcal]   Cycle 3/4: gaincal → /Users/raj030/DATA/gmrt_40_014/work/casa_selfcal/3c468.1_scan06_stk1/3c468p1_int0170/3c468p1_int0170_sc3.gcal
[2026-05-22 10:59:40] [selfcal]   Cycle 3/4: applycal
[2026-05-22 10:59:40] [selfcal]   Cycle 3/4: exported /Users/raj030/DATA/gmrt_40_014/work/casa_selfcal/3c468.1_scan06_stk1/3c468p1_int0170/3c468p1_int0170_sc3.fits
[2026-05-22 10:59:40] [selfcal]   Cycle 3/4: elapsed 10.92s
[2026-05-22 10:59:40] [selfcal]   Cycle 4/4: tclean niter=6000  img_uvrange=''  cal_uvrange=''  scales=[]
[2026-05-22 11:00:10] [selfcal]   Cycle 4/4: gaincal → /Users/raj030/DATA/gmrt_40_014/work/casa_selfcal/3c468.1_scan06_stk1/3c468p1_int0170/3c468p1_int0170_sc4.gcal
[2026-05-22 11:00:10] [selfcal]   Cycle 4/4: applycal
[2026-05-22 11:00:10] [selfcal]   Cycle 4/4: exported /Users/raj030/DATA/gmrt_40_014/work/casa_selfcal/3c468.1_scan06_stk1/3c468p1_int0170/3c468p1_int0170_sc4.fits
[2026-05-22 11:00:10] [selfcal]   Cycle 4/4: elapsed 29.71s
[2026-05-22 11:00:10] [selfcal]   Final image: niter=10000  uvrange=''
[2026-05-22 11:00:59] [selfcal]   Exported: /Users/raj030/DATA/gmrt_40_014/work/casa_selfcal/3c468.1_scan06_stk1/3c468p1_int0170/3c468p1_int0170_final.fits
[2026-05-22 11:00:59] [selfcal]   Final image: elapsed 48.98s
[2026-05-22 11:00:59] [selfcal] === Stack done start_idx=170  elapsed 1m38.73s ===
[2026-05-22 11:00:59] [selfcal] === Stack start_idx=171  n=1  JD=2459421.395502..2459421.395502  timerange=2021/07/25/21:29:27~2021/07/25/21:29:35 ===
[2026-05-22 11:00:59] [selfcal]   3C468.1 at RA=357.7289°  Dec=64.6716°  offset=0.00arcmin from field centre  (image half-width=12.8arcmin)
[2026-05-22 11:00:59] [selfcal]   target-mode: fixed-target
[2026-05-22 11:00:59] [selfcal]   mask: <disabled by --no-mask>
[2026-05-22 11:00:59] [selfcal]   tclean phasecenter: DISABLED (using MS native phase centre)
[2026-05-22 11:00:59] [selfcal]   Cycle 1/4: tclean niter=300  img_uvrange=''  cal_uvrange=''  scales=[]
[2026-05-22 11:01:02] [selfcal]   Cycle 1/4: gaincal → /Users/raj030/DATA/gmrt_40_014/work/casa_selfcal/3c468.1_scan06_stk1/3c468p1_int0171/3c468p1_int0171_sc1.gcal
[2026-05-22 11:01:02] [selfcal]   Cycle 1/4: applycal
[2026-05-22 11:01:02] [selfcal]   Cycle 1/4: exported /Users/raj030/DATA/gmrt_40_014/work/casa_selfcal/3c468.1_scan06_stk1/3c468p1_int0171/3c468p1_int0171_sc1.fits
[2026-05-22 11:01:02] [selfcal]   Cycle 1/4: elapsed 2.78s
[2026-05-22 11:01:02] [selfcal]   Cycle 2/4: tclean niter=1000  img_uvrange=''  cal_uvrange=''  scales=[]
[2026-05-22 11:01:08] [selfcal]   Cycle 2/4: gaincal → /Users/raj030/DATA/gmrt_40_014/work/casa_selfcal/3c468.1_scan06_stk1/3c468p1_int0171/3c468p1_int0171_sc2.gcal
[2026-05-22 11:01:08] [selfcal]   Cycle 2/4: applycal
[2026-05-22 11:01:08] [selfcal]   Cycle 2/4: exported /Users/raj030/DATA/gmrt_40_014/work/casa_selfcal/3c468.1_scan06_stk1/3c468p1_int0171/3c468p1_int0171_sc2.fits
[2026-05-22 11:01:08] [selfcal]   Cycle 2/4: elapsed 6.11s
[2026-05-22 11:01:08] [selfcal]   Cycle 3/4: tclean niter=2000  img_uvrange=''  cal_uvrange=''  scales=[]
[2026-05-22 11:01:19] [selfcal]   Cycle 3/4: gaincal → /Users/raj030/DATA/gmrt_40_014/work/casa_selfcal/3c468.1_scan06_stk1/3c468p1_int0171/3c468p1_int0171_sc3.gcal
[2026-05-22 11:01:19] [selfcal]   Cycle 3/4: applycal
[2026-05-22 11:01:19] [selfcal]   Cycle 3/4: exported /Users/raj030/DATA/gmrt_40_014/work/casa_selfcal/3c468.1_scan06_stk1/3c468p1_int0171/3c468p1_int0171_sc3.fits
[2026-05-22 11:01:19] [selfcal]   Cycle 3/4: elapsed 11.07s
[2026-05-22 11:01:19] [selfcal]   Cycle 4/4: tclean niter=6000  img_uvrange=''  cal_uvrange=''  scales=[]
[2026-05-22 11:01:49] [selfcal]   Cycle 4/4: gaincal → /Users/raj030/DATA/gmrt_40_014/work/casa_selfcal/3c468.1_scan06_stk1/3c468p1_int0171/3c468p1_int0171_sc4.gcal
[2026-05-22 11:01:49] [selfcal]   Cycle 4/4: applycal
[2026-05-22 11:01:49] [selfcal]   Cycle 4/4: exported /Users/raj030/DATA/gmrt_40_014/work/casa_selfcal/3c468.1_scan06_stk1/3c468p1_int0171/3c468p1_int0171_sc4.fits
[2026-05-22 11:01:49] [selfcal]   Cycle 4/4: elapsed 30.25s
[2026-05-22 11:01:49] [selfcal]   Final image: niter=10000  uvrange=''
[2026-05-22 11:02:39] [selfcal]   Exported: /Users/raj030/DATA/gmrt_40_014/work/casa_selfcal/3c468.1_scan06_stk1/3c468p1_int0171/3c468p1_int0171_final.fits
[2026-05-22 11:02:39] [selfcal]   Final image: elapsed 49.70s
[2026-05-22 11:02:39] [selfcal] === Stack done start_idx=171  elapsed 1m40.05s ===
[2026-05-22 11:02:39] [selfcal] === Stack start_idx=172  n=1  JD=2459421.395595..2459421.395595  timerange=2021/07/25/21:29:35~2021/07/25/21:29:43 ===
[2026-05-22 11:02:39] [selfcal]   3C468.1 at RA=357.7289°  Dec=64.6716°  offset=0.00arcmin from field centre  (image half-width=12.8arcmin)
[2026-05-22 11:02:39] [selfcal]   target-mode: fixed-target
[2026-05-22 11:02:39] [selfcal]   mask: <disabled by --no-mask>
[2026-05-22 11:02:39] [selfcal]   tclean phasecenter: DISABLED (using MS native phase centre)
[2026-05-22 11:02:39] [selfcal]   Cycle 1/4: tclean niter=300  img_uvrange=''  cal_uvrange=''  scales=[]
[2026-05-22 11:02:42] [selfcal]   Cycle 1/4: gaincal → /Users/raj030/DATA/gmrt_40_014/work/casa_selfcal/3c468.1_scan06_stk1/3c468p1_int0172/3c468p1_int0172_sc1.gcal
[2026-05-22 11:02:42] [selfcal]   Cycle 1/4: applycal
[2026-05-22 11:02:42] [selfcal]   Cycle 1/4: exported /Users/raj030/DATA/gmrt_40_014/work/casa_selfcal/3c468.1_scan06_stk1/3c468p1_int0172/3c468p1_int0172_sc1.fits
[2026-05-22 11:02:42] [selfcal]   Cycle 1/4: elapsed 2.81s
[2026-05-22 11:02:42] [selfcal]   Cycle 2/4: tclean niter=1000  img_uvrange=''  cal_uvrange=''  scales=[]
[2026-05-22 11:02:48] [selfcal]   Cycle 2/4: gaincal → /Users/raj030/DATA/gmrt_40_014/work/casa_selfcal/3c468.1_scan06_stk1/3c468p1_int0172/3c468p1_int0172_sc2.gcal
[2026-05-22 11:02:48] [selfcal]   Cycle 2/4: applycal
[2026-05-22 11:02:48] [selfcal]   Cycle 2/4: exported /Users/raj030/DATA/gmrt_40_014/work/casa_selfcal/3c468.1_scan06_stk1/3c468p1_int0172/3c468p1_int0172_sc2.fits
[2026-05-22 11:02:48] [selfcal]   Cycle 2/4: elapsed 6.26s
[2026-05-22 11:02:48] [selfcal]   Cycle 3/4: tclean niter=2000  img_uvrange=''  cal_uvrange=''  scales=[]
[2026-05-22 11:02:59] [selfcal]   Cycle 3/4: gaincal → /Users/raj030/DATA/gmrt_40_014/work/casa_selfcal/3c468.1_scan06_stk1/3c468p1_int0172/3c468p1_int0172_sc3.gcal
[2026-05-22 11:02:59] [selfcal]   Cycle 3/4: applycal
[2026-05-22 11:02:59] [selfcal]   Cycle 3/4: exported /Users/raj030/DATA/gmrt_40_014/work/casa_selfcal/3c468.1_scan06_stk1/3c468p1_int0172/3c468p1_int0172_sc3.fits
[2026-05-22 11:02:59] [selfcal]   Cycle 3/4: elapsed 11.09s
[2026-05-22 11:02:59] [selfcal]   Cycle 4/4: tclean niter=6000  img_uvrange=''  cal_uvrange=''  scales=[]
[2026-05-22 11:03:30] [selfcal]   Cycle 4/4: gaincal → /Users/raj030/DATA/gmrt_40_014/work/casa_selfcal/3c468.1_scan06_stk1/3c468p1_int0172/3c468p1_int0172_sc4.gcal
[2026-05-22 11:03:30] [selfcal]   Cycle 4/4: applycal
[2026-05-22 11:03:30] [selfcal]   Cycle 4/4: exported /Users/raj030/DATA/gmrt_40_014/work/casa_selfcal/3c468.1_scan06_stk1/3c468p1_int0172/3c468p1_int0172_sc4.fits
[2026-05-22 11:03:30] [selfcal]   Cycle 4/4: elapsed 30.56s
[2026-05-22 11:03:30] [selfcal]   Final image: niter=10000  uvrange=''
[2026-05-22 11:04:19] [selfcal]   Exported: /Users/raj030/DATA/gmrt_40_014/work/casa_selfcal/3c468.1_scan06_stk1/3c468p1_int0172/3c468p1_int0172_final.fits
[2026-05-22 11:04:19] [selfcal]   Final image: elapsed 48.83s
[2026-05-22 11:04:19] [selfcal] === Stack done start_idx=172  elapsed 1m39.68s ===
[2026-05-22 11:04:19] [selfcal] === Stack start_idx=173  n=1  JD=2459421.395688..2459421.395688  timerange=2021/07/25/21:29:43~2021/07/25/21:29:51 ===
[2026-05-22 11:04:19] [selfcal]   3C468.1 at RA=357.7289°  Dec=64.6716°  offset=0.00arcmin from field centre  (image half-width=12.8arcmin)
[2026-05-22 11:04:19] [selfcal]   target-mode: fixed-target
[2026-05-22 11:04:19] [selfcal]   mask: <disabled by --no-mask>
[2026-05-22 11:04:19] [selfcal]   tclean phasecenter: DISABLED (using MS native phase centre)
[2026-05-22 11:04:19] [selfcal]   Cycle 1/4: tclean niter=300  img_uvrange=''  cal_uvrange=''  scales=[]
[2026-05-22 11:04:21] [selfcal]   Cycle 1/4: gaincal → /Users/raj030/DATA/gmrt_40_014/work/casa_selfcal/3c468.1_scan06_stk1/3c468p1_int0173/3c468p1_int0173_sc1.gcal
[2026-05-22 11:04:22] [selfcal]   Cycle 1/4: applycal
[2026-05-22 11:04:22] [selfcal]   Cycle 1/4: exported /Users/raj030/DATA/gmrt_40_014/work/casa_selfcal/3c468.1_scan06_stk1/3c468p1_int0173/3c468p1_int0173_sc1.fits
[2026-05-22 11:04:22] [selfcal]   Cycle 1/4: elapsed 2.76s
[2026-05-22 11:04:22] [selfcal]   Cycle 2/4: tclean niter=1000  img_uvrange=''  cal_uvrange=''  scales=[]
[2026-05-22 11:04:28] [selfcal]   Cycle 2/4: gaincal → /Users/raj030/DATA/gmrt_40_014/work/casa_selfcal/3c468.1_scan06_stk1/3c468p1_int0173/3c468p1_int0173_sc2.gcal
[2026-05-22 11:04:28] [selfcal]   Cycle 2/4: applycal
[2026-05-22 11:04:28] [selfcal]   Cycle 2/4: exported /Users/raj030/DATA/gmrt_40_014/work/casa_selfcal/3c468.1_scan06_stk1/3c468p1_int0173/3c468p1_int0173_sc2.fits
[2026-05-22 11:04:28] [selfcal]   Cycle 2/4: elapsed 6.24s
[2026-05-22 11:04:28] [selfcal]   Cycle 3/4: tclean niter=2000  img_uvrange=''  cal_uvrange=''  scales=[]
[2026-05-22 11:04:39] [selfcal]   Cycle 3/4: gaincal → /Users/raj030/DATA/gmrt_40_014/work/casa_selfcal/3c468.1_scan06_stk1/3c468p1_int0173/3c468p1_int0173_sc3.gcal
[2026-05-22 11:04:39] [selfcal]   Cycle 3/4: applycal
[2026-05-22 11:04:39] [selfcal]   Cycle 3/4: exported /Users/raj030/DATA/gmrt_40_014/work/casa_selfcal/3c468.1_scan06_stk1/3c468p1_int0173/3c468p1_int0173_sc3.fits
[2026-05-22 11:04:39] [selfcal]   Cycle 3/4: elapsed 11.22s
[2026-05-22 11:04:39] [selfcal]   Cycle 4/4: tclean niter=6000  img_uvrange=''  cal_uvrange=''  scales=[]
[2026-05-22 11:05:09] [selfcal]   Cycle 4/4: gaincal → /Users/raj030/DATA/gmrt_40_014/work/casa_selfcal/3c468.1_scan06_stk1/3c468p1_int0173/3c468p1_int0173_sc4.gcal
[2026-05-22 11:05:10] [selfcal]   Cycle 4/4: applycal
[2026-05-22 11:05:10] [selfcal]   Cycle 4/4: exported /Users/raj030/DATA/gmrt_40_014/work/casa_selfcal/3c468.1_scan06_stk1/3c468p1_int0173/3c468p1_int0173_sc4.fits
[2026-05-22 11:05:10] [selfcal]   Cycle 4/4: elapsed 30.57s
[2026-05-22 11:05:10] [selfcal]   Final image: niter=10000  uvrange=''
[2026-05-22 11:05:59] [selfcal]   Exported: /Users/raj030/DATA/gmrt_40_014/work/casa_selfcal/3c468.1_scan06_stk1/3c468p1_int0173/3c468p1_int0173_final.fits
[2026-05-22 11:05:59] [selfcal]   Final image: elapsed 49.73s
[2026-05-22 11:05:59] [selfcal] === Stack done start_idx=173  elapsed 1m40.65s ===
[2026-05-22 11:05:59] [selfcal] === Stack start_idx=174  n=1  JD=2459421.395781..2459421.395781  timerange=2021/07/25/21:29:51~2021/07/25/21:29:59 ===
[2026-05-22 11:05:59] [selfcal]   3C468.1 at RA=357.7289°  Dec=64.6716°  offset=0.00arcmin from field centre  (image half-width=12.8arcmin)
[2026-05-22 11:05:59] [selfcal]   target-mode: fixed-target
[2026-05-22 11:05:59] [selfcal]   mask: <disabled by --no-mask>
[2026-05-22 11:05:59] [selfcal]   tclean phasecenter: DISABLED (using MS native phase centre)
[2026-05-22 11:05:59] [selfcal]   Cycle 1/4: tclean niter=300  img_uvrange=''  cal_uvrange=''  scales=[]
[2026-05-22 11:06:02] [selfcal]   Cycle 1/4: gaincal → /Users/raj030/DATA/gmrt_40_014/work/casa_selfcal/3c468.1_scan06_stk1/3c468p1_int0174/3c468p1_int0174_sc1.gcal
[2026-05-22 11:06:02] [selfcal]   Cycle 1/4: applycal
[2026-05-22 11:06:02] [selfcal]   Cycle 1/4: exported /Users/raj030/DATA/gmrt_40_014/work/casa_selfcal/3c468.1_scan06_stk1/3c468p1_int0174/3c468p1_int0174_sc1.fits
[2026-05-22 11:06:02] [selfcal]   Cycle 1/4: elapsed 2.79s
[2026-05-22 11:06:02] [selfcal]   Cycle 2/4: tclean niter=1000  img_uvrange=''  cal_uvrange=''  scales=[]
[2026-05-22 11:06:08] [selfcal]   Cycle 2/4: gaincal → /Users/raj030/DATA/gmrt_40_014/work/casa_selfcal/3c468.1_scan06_stk1/3c468p1_int0174/3c468p1_int0174_sc2.gcal
[2026-05-22 11:06:08] [selfcal]   Cycle 2/4: applycal
[2026-05-22 11:06:08] [selfcal]   Cycle 2/4: exported /Users/raj030/DATA/gmrt_40_014/work/casa_selfcal/3c468.1_scan06_stk1/3c468p1_int0174/3c468p1_int0174_sc2.fits
[2026-05-22 11:06:08] [selfcal]   Cycle 2/4: elapsed 6.15s
[2026-05-22 11:06:08] [selfcal]   Cycle 3/4: tclean niter=2000  img_uvrange=''  cal_uvrange=''  scales=[]
[2026-05-22 11:06:19] [selfcal]   Cycle 3/4: gaincal → /Users/raj030/DATA/gmrt_40_014/work/casa_selfcal/3c468.1_scan06_stk1/3c468p1_int0174/3c468p1_int0174_sc3.gcal
[2026-05-22 11:06:19] [selfcal]   Cycle 3/4: applycal
[2026-05-22 11:06:19] [selfcal]   Cycle 3/4: exported /Users/raj030/DATA/gmrt_40_014/work/casa_selfcal/3c468.1_scan06_stk1/3c468p1_int0174/3c468p1_int0174_sc3.fits
[2026-05-22 11:06:19] [selfcal]   Cycle 3/4: elapsed 11.03s
[2026-05-22 11:06:19] [selfcal]   Cycle 4/4: tclean niter=6000  img_uvrange=''  cal_uvrange=''  scales=[]
[2026-05-22 11:06:50] [selfcal]   Cycle 4/4: gaincal → /Users/raj030/DATA/gmrt_40_014/work/casa_selfcal/3c468.1_scan06_stk1/3c468p1_int0174/3c468p1_int0174_sc4.gcal
[2026-05-22 11:06:50] [selfcal]   Cycle 4/4: applycal
[2026-05-22 11:06:50] [selfcal]   Cycle 4/4: exported /Users/raj030/DATA/gmrt_40_014/work/casa_selfcal/3c468.1_scan06_stk1/3c468p1_int0174/3c468p1_int0174_sc4.fits
[2026-05-22 11:06:50] [selfcal]   Cycle 4/4: elapsed 30.62s
[2026-05-22 11:06:50] [selfcal]   Final image: niter=10000  uvrange=''
[2026-05-22 11:07:40] [selfcal]   Exported: /Users/raj030/DATA/gmrt_40_014/work/casa_selfcal/3c468.1_scan06_stk1/3c468p1_int0174/3c468p1_int0174_final.fits
[2026-05-22 11:07:40] [selfcal]   Final image: elapsed 50.27s
[2026-05-22 11:07:40] [selfcal] === Stack done start_idx=174  elapsed 1m41.00s ===
[2026-05-22 11:07:40] [selfcal] === Stack start_idx=175  n=1  JD=2459421.395875..2459421.395875  timerange=2021/07/25/21:29:59~2021/07/25/21:30:07 ===
[2026-05-22 11:07:40] [selfcal]   3C468.1 at RA=357.7289°  Dec=64.6716°  offset=0.00arcmin from field centre  (image half-width=12.8arcmin)
[2026-05-22 11:07:40] [selfcal]   target-mode: fixed-target
[2026-05-22 11:07:40] [selfcal]   mask: <disabled by --no-mask>
[2026-05-22 11:07:40] [selfcal]   tclean phasecenter: DISABLED (using MS native phase centre)
[2026-05-22 11:07:40] [selfcal]   Cycle 1/4: tclean niter=300  img_uvrange=''  cal_uvrange=''  scales=[]
[2026-05-22 11:07:43] [selfcal]   Cycle 1/4: gaincal → /Users/raj030/DATA/gmrt_40_014/work/casa_selfcal/3c468.1_scan06_stk1/3c468p1_int0175/3c468p1_int0175_sc1.gcal
[2026-05-22 11:07:43] [selfcal]   Cycle 1/4: applycal
[2026-05-22 11:07:43] [selfcal]   Cycle 1/4: exported /Users/raj030/DATA/gmrt_40_014/work/casa_selfcal/3c468.1_scan06_stk1/3c468p1_int0175/3c468p1_int0175_sc1.fits
[2026-05-22 11:07:43] [selfcal]   Cycle 1/4: elapsed 2.78s
[2026-05-22 11:07:43] [selfcal]   Cycle 2/4: tclean niter=1000  img_uvrange=''  cal_uvrange=''  scales=[]
[2026-05-22 11:07:49] [selfcal]   Cycle 2/4: gaincal → /Users/raj030/DATA/gmrt_40_014/work/casa_selfcal/3c468.1_scan06_stk1/3c468p1_int0175/3c468p1_int0175_sc2.gcal
[2026-05-22 11:07:49] [selfcal]   Cycle 2/4: applycal
[2026-05-22 11:07:50] [selfcal]   Cycle 2/4: exported /Users/raj030/DATA/gmrt_40_014/work/casa_selfcal/3c468.1_scan06_stk1/3c468p1_int0175/3c468p1_int0175_sc2.fits
[2026-05-22 11:07:50] [selfcal]   Cycle 2/4: elapsed 6.29s
[2026-05-22 11:07:50] [selfcal]   Cycle 3/4: tclean niter=2000  img_uvrange=''  cal_uvrange=''  scales=[]
[2026-05-22 11:08:00] [selfcal]   Cycle 3/4: gaincal → /Users/raj030/DATA/gmrt_40_014/work/casa_selfcal/3c468.1_scan06_stk1/3c468p1_int0175/3c468p1_int0175_sc3.gcal
[2026-05-22 11:08:01] [selfcal]   Cycle 3/4: applycal
[2026-05-22 11:08:01] [selfcal]   Cycle 3/4: exported /Users/raj030/DATA/gmrt_40_014/work/casa_selfcal/3c468.1_scan06_stk1/3c468p1_int0175/3c468p1_int0175_sc3.fits
[2026-05-22 11:08:01] [selfcal]   Cycle 3/4: elapsed 11.13s
[2026-05-22 11:08:01] [selfcal]   Cycle 4/4: tclean niter=6000  img_uvrange=''  cal_uvrange=''  scales=[]
[2026-05-22 11:08:31] [selfcal]   Cycle 4/4: gaincal → /Users/raj030/DATA/gmrt_40_014/work/casa_selfcal/3c468.1_scan06_stk1/3c468p1_int0175/3c468p1_int0175_sc4.gcal
[2026-05-22 11:08:32] [selfcal]   Cycle 4/4: applycal
[2026-05-22 11:08:32] [selfcal]   Cycle 4/4: exported /Users/raj030/DATA/gmrt_40_014/work/casa_selfcal/3c468.1_scan06_stk1/3c468p1_int0175/3c468p1_int0175_sc4.fits
[2026-05-22 11:08:32] [selfcal]   Cycle 4/4: elapsed 30.95s
[2026-05-22 11:08:32] [selfcal]   Final image: niter=10000  uvrange=''
[2026-05-22 11:09:22] [selfcal]   Exported: /Users/raj030/DATA/gmrt_40_014/work/casa_selfcal/3c468.1_scan06_stk1/3c468p1_int0175/3c468p1_int0175_final.fits
[2026-05-22 11:09:22] [selfcal]   Final image: elapsed 50.12s
[2026-05-22 11:09:22] [selfcal] === Stack done start_idx=175  elapsed 1m41.38s ===
[2026-05-22 11:09:22] [selfcal] === Stack start_idx=176  n=1  JD=2459421.395968..2459421.395968  timerange=2021/07/25/21:30:07~2021/07/25/21:30:15 ===
[2026-05-22 11:09:22] [selfcal]   3C468.1 at RA=357.7289°  Dec=64.6716°  offset=0.00arcmin from field centre  (image half-width=12.8arcmin)
[2026-05-22 11:09:22] [selfcal]   target-mode: fixed-target
[2026-05-22 11:09:22] [selfcal]   mask: <disabled by --no-mask>
[2026-05-22 11:09:22] [selfcal]   tclean phasecenter: DISABLED (using MS native phase centre)
[2026-05-22 11:09:22] [selfcal]   Cycle 1/4: tclean niter=300  img_uvrange=''  cal_uvrange=''  scales=[]
[2026-05-22 11:09:25] [selfcal]   Cycle 1/4: gaincal → /Users/raj030/DATA/gmrt_40_014/work/casa_selfcal/3c468.1_scan06_stk1/3c468p1_int0176/3c468p1_int0176_sc1.gcal
[2026-05-22 11:09:25] [selfcal]   Cycle 1/4: applycal
[2026-05-22 11:09:25] [selfcal]   Cycle 1/4: exported /Users/raj030/DATA/gmrt_40_014/work/casa_selfcal/3c468.1_scan06_stk1/3c468p1_int0176/3c468p1_int0176_sc1.fits
[2026-05-22 11:09:25] [selfcal]   Cycle 1/4: elapsed 2.85s
[2026-05-22 11:09:25] [selfcal]   Cycle 2/4: tclean niter=1000  img_uvrange=''  cal_uvrange=''  scales=[]
[2026-05-22 11:09:31] [selfcal]   Cycle 2/4: gaincal → /Users/raj030/DATA/gmrt_40_014/work/casa_selfcal/3c468.1_scan06_stk1/3c468p1_int0176/3c468p1_int0176_sc2.gcal
[2026-05-22 11:09:31] [selfcal]   Cycle 2/4: applycal
[2026-05-22 11:09:31] [selfcal]   Cycle 2/4: exported /Users/raj030/DATA/gmrt_40_014/work/casa_selfcal/3c468.1_scan06_stk1/3c468p1_int0176/3c468p1_int0176_sc2.fits
[2026-05-22 11:09:31] [selfcal]   Cycle 2/4: elapsed 6.44s
[2026-05-22 11:09:31] [selfcal]   Cycle 3/4: tclean niter=2000  img_uvrange=''  cal_uvrange=''  scales=[]
[2026-05-22 11:09:42] [selfcal]   Cycle 3/4: gaincal → /Users/raj030/DATA/gmrt_40_014/work/casa_selfcal/3c468.1_scan06_stk1/3c468p1_int0176/3c468p1_int0176_sc3.gcal
[2026-05-22 11:09:42] [selfcal]   Cycle 3/4: applycal
[2026-05-22 11:09:42] [selfcal]   Cycle 3/4: exported /Users/raj030/DATA/gmrt_40_014/work/casa_selfcal/3c468.1_scan06_stk1/3c468p1_int0176/3c468p1_int0176_sc3.fits
[2026-05-22 11:09:42] [selfcal]   Cycle 3/4: elapsed 11.10s
[2026-05-22 11:09:42] [selfcal]   Cycle 4/4: tclean niter=6000  img_uvrange=''  cal_uvrange=''  scales=[]
[2026-05-22 11:10:13] [selfcal]   Cycle 4/4: gaincal → /Users/raj030/DATA/gmrt_40_014/work/casa_selfcal/3c468.1_scan06_stk1/3c468p1_int0176/3c468p1_int0176_sc4.gcal
[2026-05-22 11:10:13] [selfcal]   Cycle 4/4: applycal
[2026-05-22 11:10:13] [selfcal]   Cycle 4/4: exported /Users/raj030/DATA/gmrt_40_014/work/casa_selfcal/3c468.1_scan06_stk1/3c468p1_int0176/3c468p1_int0176_sc4.fits
[2026-05-22 11:10:13] [selfcal]   Cycle 4/4: elapsed 30.49s
[2026-05-22 11:10:13] [selfcal]   Final image: niter=10000  uvrange=''
[2026-05-22 11:11:03] [selfcal]   Exported: /Users/raj030/DATA/gmrt_40_014/work/casa_selfcal/3c468.1_scan06_stk1/3c468p1_int0176/3c468p1_int0176_final.fits
[2026-05-22 11:11:03] [selfcal]   Final image: elapsed 49.86s
[2026-05-22 11:11:03] [selfcal] === Stack done start_idx=176  elapsed 1m40.87s ===
[2026-05-22 11:11:03] [selfcal] === Stack start_idx=177  n=1  JD=2459421.396061..2459421.396061  timerange=2021/07/25/21:30:15~2021/07/25/21:30:23 ===
[2026-05-22 11:11:03] [selfcal]   3C468.1 at RA=357.7289°  Dec=64.6716°  offset=0.00arcmin from field centre  (image half-width=12.8arcmin)
[2026-05-22 11:11:03] [selfcal]   target-mode: fixed-target
[2026-05-22 11:11:03] [selfcal]   mask: <disabled by --no-mask>
[2026-05-22 11:11:03] [selfcal]   tclean phasecenter: DISABLED (using MS native phase centre)
[2026-05-22 11:11:03] [selfcal]   Cycle 1/4: tclean niter=300  img_uvrange=''  cal_uvrange=''  scales=[]
[2026-05-22 11:11:05] [selfcal]   Cycle 1/4: gaincal → /Users/raj030/DATA/gmrt_40_014/work/casa_selfcal/3c468.1_scan06_stk1/3c468p1_int0177/3c468p1_int0177_sc1.gcal
[2026-05-22 11:11:06] [selfcal]   Cycle 1/4: applycal
[2026-05-22 11:11:06] [selfcal]   Cycle 1/4: exported /Users/raj030/DATA/gmrt_40_014/work/casa_selfcal/3c468.1_scan06_stk1/3c468p1_int0177/3c468p1_int0177_sc1.fits
[2026-05-22 11:11:06] [selfcal]   Cycle 1/4: elapsed 2.89s
[2026-05-22 11:11:06] [selfcal]   Cycle 2/4: tclean niter=1000  img_uvrange=''  cal_uvrange=''  scales=[]
[2026-05-22 11:11:12] [selfcal]   Cycle 2/4: gaincal → /Users/raj030/DATA/gmrt_40_014/work/casa_selfcal/3c468.1_scan06_stk1/3c468p1_int0177/3c468p1_int0177_sc2.gcal
[2026-05-22 11:11:12] [selfcal]   Cycle 2/4: applycal
[2026-05-22 11:11:12] [selfcal]   Cycle 2/4: exported /Users/raj030/DATA/gmrt_40_014/work/casa_selfcal/3c468.1_scan06_stk1/3c468p1_int0177/3c468p1_int0177_sc2.fits
[2026-05-22 11:11:12] [selfcal]   Cycle 2/4: elapsed 6.45s
[2026-05-22 11:11:12] [selfcal]   Cycle 3/4: tclean niter=2000  img_uvrange=''  cal_uvrange=''  scales=[]
[2026-05-22 11:11:23] [selfcal]   Cycle 3/4: gaincal → /Users/raj030/DATA/gmrt_40_014/work/casa_selfcal/3c468.1_scan06_stk1/3c468p1_int0177/3c468p1_int0177_sc3.gcal
[2026-05-22 11:11:23] [selfcal]   Cycle 3/4: applycal
[2026-05-22 11:11:23] [selfcal]   Cycle 3/4: exported /Users/raj030/DATA/gmrt_40_014/work/casa_selfcal/3c468.1_scan06_stk1/3c468p1_int0177/3c468p1_int0177_sc3.fits
[2026-05-22 11:11:23] [selfcal]   Cycle 3/4: elapsed 10.99s
[2026-05-22 11:11:23] [selfcal]   Cycle 4/4: tclean niter=6000  img_uvrange=''  cal_uvrange=''  scales=[]
[2026-05-22 11:11:54] [selfcal]   Cycle 4/4: gaincal → /Users/raj030/DATA/gmrt_40_014/work/casa_selfcal/3c468.1_scan06_stk1/3c468p1_int0177/3c468p1_int0177_sc4.gcal
[2026-05-22 11:11:54] [selfcal]   Cycle 4/4: applycal
[2026-05-22 11:11:54] [selfcal]   Cycle 4/4: exported /Users/raj030/DATA/gmrt_40_014/work/casa_selfcal/3c468.1_scan06_stk1/3c468p1_int0177/3c468p1_int0177_sc4.fits
[2026-05-22 11:11:54] [selfcal]   Cycle 4/4: elapsed 30.90s
[2026-05-22 11:11:54] [selfcal]   Final image: niter=10000  uvrange=''
[2026-05-22 11:12:44] [selfcal]   Exported: /Users/raj030/DATA/gmrt_40_014/work/casa_selfcal/3c468.1_scan06_stk1/3c468p1_int0177/3c468p1_int0177_final.fits
[2026-05-22 11:12:44] [selfcal]   Final image: elapsed 50.11s
[2026-05-22 11:12:44] [selfcal] === Stack done start_idx=177  elapsed 1m41.46s ===
[2026-05-22 11:12:44] [selfcal] === Stack start_idx=178  n=1  JD=2459421.396154..2459421.396154  timerange=2021/07/25/21:30:23~2021/07/25/21:30:31 ===
[2026-05-22 11:12:44] [selfcal]   3C468.1 at RA=357.7289°  Dec=64.6716°  offset=0.00arcmin from field centre  (image half-width=12.8arcmin)
[2026-05-22 11:12:44] [selfcal]   target-mode: fixed-target
[2026-05-22 11:12:44] [selfcal]   mask: <disabled by --no-mask>
[2026-05-22 11:12:44] [selfcal]   tclean phasecenter: DISABLED (using MS native phase centre)
[2026-05-22 11:12:44] [selfcal]   Cycle 1/4: tclean niter=300  img_uvrange=''  cal_uvrange=''  scales=[]
[2026-05-22 11:12:47] [selfcal]   Cycle 1/4: gaincal → /Users/raj030/DATA/gmrt_40_014/work/casa_selfcal/3c468.1_scan06_stk1/3c468p1_int0178/3c468p1_int0178_sc1.gcal
[2026-05-22 11:12:47] [selfcal]   Cycle 1/4: applycal
[2026-05-22 11:12:47] [selfcal]   Cycle 1/4: exported /Users/raj030/DATA/gmrt_40_014/work/casa_selfcal/3c468.1_scan06_stk1/3c468p1_int0178/3c468p1_int0178_sc1.fits
[2026-05-22 11:12:47] [selfcal]   Cycle 1/4: elapsed 2.85s
[2026-05-22 11:12:47] [selfcal]   Cycle 2/4: tclean niter=1000  img_uvrange=''  cal_uvrange=''  scales=[]
[2026-05-22 11:12:53] [selfcal]   Cycle 2/4: gaincal → /Users/raj030/DATA/gmrt_40_014/work/casa_selfcal/3c468.1_scan06_stk1/3c468p1_int0178/3c468p1_int0178_sc2.gcal
[2026-05-22 11:12:53] [selfcal]   Cycle 2/4: applycal
[2026-05-22 11:12:53] [selfcal]   Cycle 2/4: exported /Users/raj030/DATA/gmrt_40_014/work/casa_selfcal/3c468.1_scan06_stk1/3c468p1_int0178/3c468p1_int0178_sc2.fits
[2026-05-22 11:12:53] [selfcal]   Cycle 2/4: elapsed 6.26s
[2026-05-22 11:12:53] [selfcal]   Cycle 3/4: tclean niter=2000  img_uvrange=''  cal_uvrange=''  scales=[]
[2026-05-22 11:13:04] [selfcal]   Cycle 3/4: gaincal → /Users/raj030/DATA/gmrt_40_014/work/casa_selfcal/3c468.1_scan06_stk1/3c468p1_int0178/3c468p1_int0178_sc3.gcal
[2026-05-22 11:13:05] [selfcal]   Cycle 3/4: applycal
[2026-05-22 11:13:05] [selfcal]   Cycle 3/4: exported /Users/raj030/DATA/gmrt_40_014/work/casa_selfcal/3c468.1_scan06_stk1/3c468p1_int0178/3c468p1_int0178_sc3.fits
[2026-05-22 11:13:05] [selfcal]   Cycle 3/4: elapsed 11.31s
[2026-05-22 11:13:05] [selfcal]   Cycle 4/4: tclean niter=6000  img_uvrange=''  cal_uvrange=''  scales=[]
[2026-05-22 11:13:35] [selfcal]   Cycle 4/4: gaincal → /Users/raj030/DATA/gmrt_40_014/work/casa_selfcal/3c468.1_scan06_stk1/3c468p1_int0178/3c468p1_int0178_sc4.gcal
[2026-05-22 11:13:36] [selfcal]   Cycle 4/4: applycal
[2026-05-22 11:13:36] [selfcal]   Cycle 4/4: exported /Users/raj030/DATA/gmrt_40_014/work/casa_selfcal/3c468.1_scan06_stk1/3c468p1_int0178/3c468p1_int0178_sc4.fits
[2026-05-22 11:13:36] [selfcal]   Cycle 4/4: elapsed 31.09s
[2026-05-22 11:13:36] [selfcal]   Final image: niter=10000  uvrange=''
[2026-05-22 11:14:27] [selfcal]   Exported: /Users/raj030/DATA/gmrt_40_014/work/casa_selfcal/3c468.1_scan06_stk1/3c468p1_int0178/3c468p1_int0178_final.fits
[2026-05-22 11:14:27] [selfcal]   Final image: elapsed 51.68s
[2026-05-22 11:14:27] [selfcal] === Stack done start_idx=178  elapsed 1m43.30s ===
[2026-05-22 11:14:27] [selfcal] === Stack start_idx=179  n=1  JD=2459421.396247..2459421.396247  timerange=2021/07/25/21:30:31~2021/07/25/21:30:39 ===
[2026-05-22 11:14:28] [selfcal]   3C468.1 at RA=357.7289°  Dec=64.6716°  offset=0.00arcmin from field centre  (image half-width=12.8arcmin)
[2026-05-22 11:14:28] [selfcal]   target-mode: fixed-target
[2026-05-22 11:14:28] [selfcal]   mask: <disabled by --no-mask>
[2026-05-22 11:14:28] [selfcal]   tclean phasecenter: DISABLED (using MS native phase centre)
[2026-05-22 11:14:28] [selfcal]   Cycle 1/4: tclean niter=300  img_uvrange=''  cal_uvrange=''  scales=[]
[2026-05-22 11:14:30] [selfcal]   Cycle 1/4: gaincal → /Users/raj030/DATA/gmrt_40_014/work/casa_selfcal/3c468.1_scan06_stk1/3c468p1_int0179/3c468p1_int0179_sc1.gcal
[2026-05-22 11:14:31] [selfcal]   Cycle 1/4: applycal
[2026-05-22 11:14:31] [selfcal]   Cycle 1/4: exported /Users/raj030/DATA/gmrt_40_014/work/casa_selfcal/3c468.1_scan06_stk1/3c468p1_int0179/3c468p1_int0179_sc1.fits
[2026-05-22 11:14:31] [selfcal]   Cycle 1/4: elapsed 3.08s
[2026-05-22 11:14:31] [selfcal]   Cycle 2/4: tclean niter=1000  img_uvrange=''  cal_uvrange=''  scales=[]
[2026-05-22 11:14:37] [selfcal]   Cycle 2/4: gaincal → /Users/raj030/DATA/gmrt_40_014/work/casa_selfcal/3c468.1_scan06_stk1/3c468p1_int0179/3c468p1_int0179_sc2.gcal
[2026-05-22 11:14:37] [selfcal]   Cycle 2/4: applycal
[2026-05-22 11:14:37] [selfcal]   Cycle 2/4: exported /Users/raj030/DATA/gmrt_40_014/work/casa_selfcal/3c468.1_scan06_stk1/3c468p1_int0179/3c468p1_int0179_sc2.fits
[2026-05-22 11:14:37] [selfcal]   Cycle 2/4: elapsed 6.53s
[2026-05-22 11:14:37] [selfcal]   Cycle 3/4: tclean niter=2000  img_uvrange=''  cal_uvrange=''  scales=[]
[2026-05-22 11:14:48] [selfcal]   Cycle 3/4: gaincal → /Users/raj030/DATA/gmrt_40_014/work/casa_selfcal/3c468.1_scan06_stk1/3c468p1_int0179/3c468p1_int0179_sc3.gcal
[2026-05-22 11:14:48] [selfcal]   Cycle 3/4: applycal
[2026-05-22 11:14:49] [selfcal]   Cycle 3/4: exported /Users/raj030/DATA/gmrt_40_014/work/casa_selfcal/3c468.1_scan06_stk1/3c468p1_int0179/3c468p1_int0179_sc3.fits
[2026-05-22 11:14:49] [selfcal]   Cycle 3/4: elapsed 11.43s
[2026-05-22 11:14:49] [selfcal]   Cycle 4/4: tclean niter=6000  img_uvrange=''  cal_uvrange=''  scales=[]
[2026-05-22 11:15:19] [selfcal]   Cycle 4/4: gaincal → /Users/raj030/DATA/gmrt_40_014/work/casa_selfcal/3c468.1_scan06_stk1/3c468p1_int0179/3c468p1_int0179_sc4.gcal
[2026-05-22 11:15:19] [selfcal]   Cycle 4/4: applycal
[2026-05-22 11:15:19] [selfcal]   Cycle 4/4: exported /Users/raj030/DATA/gmrt_40_014/work/casa_selfcal/3c468.1_scan06_stk1/3c468p1_int0179/3c468p1_int0179_sc4.fits
[2026-05-22 11:15:19] [selfcal]   Cycle 4/4: elapsed 30.83s
[2026-05-22 11:15:19] [selfcal]   Final image: niter=10000  uvrange=''
[2026-05-22 11:16:10] [selfcal]   Exported: /Users/raj030/DATA/gmrt_40_014/work/casa_selfcal/3c468.1_scan06_stk1/3c468p1_int0179/3c468p1_int0179_final.fits
[2026-05-22 11:16:10] [selfcal]   Final image: elapsed 50.55s
[2026-05-22 11:16:10] [selfcal] === Stack done start_idx=179  elapsed 1m42.55s ===
[2026-05-22 11:16:10] [selfcal] === Stack start_idx=180  n=1  JD=2459421.396341..2459421.396341  timerange=2021/07/25/21:30:39~2021/07/25/21:30:47 ===
[2026-05-22 11:16:10] [selfcal]   3C468.1 at RA=357.7289°  Dec=64.6716°  offset=0.00arcmin from field centre  (image half-width=12.8arcmin)
[2026-05-22 11:16:10] [selfcal]   target-mode: fixed-target
[2026-05-22 11:16:10] [selfcal]   mask: <disabled by --no-mask>
[2026-05-22 11:16:10] [selfcal]   tclean phasecenter: DISABLED (using MS native phase centre)
[2026-05-22 11:16:10] [selfcal]   Cycle 1/4: tclean niter=300  img_uvrange=''  cal_uvrange=''  scales=[]
[2026-05-22 11:16:13] [selfcal]   Cycle 1/4: gaincal → /Users/raj030/DATA/gmrt_40_014/work/casa_selfcal/3c468.1_scan06_stk1/3c468p1_int0180/3c468p1_int0180_sc1.gcal
[2026-05-22 11:16:13] [selfcal]   Cycle 1/4: applycal
[2026-05-22 11:16:13] [selfcal]   Cycle 1/4: exported /Users/raj030/DATA/gmrt_40_014/work/casa_selfcal/3c468.1_scan06_stk1/3c468p1_int0180/3c468p1_int0180_sc1.fits
[2026-05-22 11:16:13] [selfcal]   Cycle 1/4: elapsed 2.86s
[2026-05-22 11:16:13] [selfcal]   Cycle 2/4: tclean niter=1000  img_uvrange=''  cal_uvrange=''  scales=[]
[2026-05-22 11:16:19] [selfcal]   Cycle 2/4: gaincal → /Users/raj030/DATA/gmrt_40_014/work/casa_selfcal/3c468.1_scan06_stk1/3c468p1_int0180/3c468p1_int0180_sc2.gcal
[2026-05-22 11:16:19] [selfcal]   Cycle 2/4: applycal
[2026-05-22 11:16:19] [selfcal]   Cycle 2/4: exported /Users/raj030/DATA/gmrt_40_014/work/casa_selfcal/3c468.1_scan06_stk1/3c468p1_int0180/3c468p1_int0180_sc2.fits
[2026-05-22 11:16:19] [selfcal]   Cycle 2/4: elapsed 6.26s
[2026-05-22 11:16:19] [selfcal]   Cycle 3/4: tclean niter=2000  img_uvrange=''  cal_uvrange=''  scales=[]
[2026-05-22 11:16:30] [selfcal]   Cycle 3/4: gaincal → /Users/raj030/DATA/gmrt_40_014/work/casa_selfcal/3c468.1_scan06_stk1/3c468p1_int0180/3c468p1_int0180_sc3.gcal
[2026-05-22 11:16:30] [selfcal]   Cycle 3/4: applycal
[2026-05-22 11:16:30] [selfcal]   Cycle 3/4: exported /Users/raj030/DATA/gmrt_40_014/work/casa_selfcal/3c468.1_scan06_stk1/3c468p1_int0180/3c468p1_int0180_sc3.fits
[2026-05-22 11:16:30] [selfcal]   Cycle 3/4: elapsed 11.17s
[2026-05-22 11:16:30] [selfcal]   Cycle 4/4: tclean niter=6000  img_uvrange=''  cal_uvrange=''  scales=[]
[2026-05-22 11:17:01] [selfcal]   Cycle 4/4: gaincal → /Users/raj030/DATA/gmrt_40_014/work/casa_selfcal/3c468.1_scan06_stk1/3c468p1_int0180/3c468p1_int0180_sc4.gcal
[2026-05-22 11:17:01] [selfcal]   Cycle 4/4: applycal
[2026-05-22 11:17:01] [selfcal]   Cycle 4/4: exported /Users/raj030/DATA/gmrt_40_014/work/casa_selfcal/3c468.1_scan06_stk1/3c468p1_int0180/3c468p1_int0180_sc4.fits
[2026-05-22 11:17:01] [selfcal]   Cycle 4/4: elapsed 30.83s
[2026-05-22 11:17:01] [selfcal]   Final image: niter=10000  uvrange=''
[2026-05-22 11:17:52] [selfcal]   Exported: /Users/raj030/DATA/gmrt_40_014/work/casa_selfcal/3c468.1_scan06_stk1/3c468p1_int0180/3c468p1_int0180_final.fits
[2026-05-22 11:17:52] [selfcal]   Final image: elapsed 51.01s
[2026-05-22 11:17:52] [selfcal] === Stack done start_idx=180  elapsed 1m42.26s ===
[2026-05-22 11:17:52] [selfcal] === Stack start_idx=181  n=1  JD=2459421.396434..2459421.396434  timerange=2021/07/25/21:30:47~2021/07/25/21:30:55 ===
[2026-05-22 11:17:52] [selfcal]   3C468.1 at RA=357.7289°  Dec=64.6716°  offset=0.00arcmin from field centre  (image half-width=12.8arcmin)
[2026-05-22 11:17:52] [selfcal]   target-mode: fixed-target
[2026-05-22 11:17:52] [selfcal]   mask: <disabled by --no-mask>
[2026-05-22 11:17:52] [selfcal]   tclean phasecenter: DISABLED (using MS native phase centre)
[2026-05-22 11:17:52] [selfcal]   Cycle 1/4: tclean niter=300  img_uvrange=''  cal_uvrange=''  scales=[]
[2026-05-22 11:17:55] [selfcal]   Cycle 1/4: gaincal → /Users/raj030/DATA/gmrt_40_014/work/casa_selfcal/3c468.1_scan06_stk1/3c468p1_int0181/3c468p1_int0181_sc1.gcal
[2026-05-22 11:17:55] [selfcal]   Cycle 1/4: applycal
[2026-05-22 11:17:55] [selfcal]   Cycle 1/4: exported /Users/raj030/DATA/gmrt_40_014/work/casa_selfcal/3c468.1_scan06_stk1/3c468p1_int0181/3c468p1_int0181_sc1.fits
[2026-05-22 11:17:55] [selfcal]   Cycle 1/4: elapsed 2.85s
[2026-05-22 11:17:55] [selfcal]   Cycle 2/4: tclean niter=1000  img_uvrange=''  cal_uvrange=''  scales=[]
[2026-05-22 11:18:01] [selfcal]   Cycle 2/4: gaincal → /Users/raj030/DATA/gmrt_40_014/work/casa_selfcal/3c468.1_scan06_stk1/3c468p1_int0181/3c468p1_int0181_sc2.gcal
[2026-05-22 11:18:01] [selfcal]   Cycle 2/4: applycal
[2026-05-22 11:18:01] [selfcal]   Cycle 2/4: exported /Users/raj030/DATA/gmrt_40_014/work/casa_selfcal/3c468.1_scan06_stk1/3c468p1_int0181/3c468p1_int0181_sc2.fits
[2026-05-22 11:18:01] [selfcal]   Cycle 2/4: elapsed 6.30s
[2026-05-22 11:18:01] [selfcal]   Cycle 3/4: tclean niter=2000  img_uvrange=''  cal_uvrange=''  scales=[]
[2026-05-22 11:18:13] [selfcal]   Cycle 3/4: gaincal → /Users/raj030/DATA/gmrt_40_014/work/casa_selfcal/3c468.1_scan06_stk1/3c468p1_int0181/3c468p1_int0181_sc3.gcal
[2026-05-22 11:18:13] [selfcal]   Cycle 3/4: applycal
[2026-05-22 11:18:13] [selfcal]   Cycle 3/4: exported /Users/raj030/DATA/gmrt_40_014/work/casa_selfcal/3c468.1_scan06_stk1/3c468p1_int0181/3c468p1_int0181_sc3.fits
[2026-05-22 11:18:13] [selfcal]   Cycle 3/4: elapsed 11.24s
[2026-05-22 11:18:13] [selfcal]   Cycle 4/4: tclean niter=6000  img_uvrange=''  cal_uvrange=''  scales=[]
[2026-05-22 11:18:44] [selfcal]   Cycle 4/4: gaincal → /Users/raj030/DATA/gmrt_40_014/work/casa_selfcal/3c468.1_scan06_stk1/3c468p1_int0181/3c468p1_int0181_sc4.gcal
[2026-05-22 11:18:44] [selfcal]   Cycle 4/4: applycal
[2026-05-22 11:18:44] [selfcal]   Cycle 4/4: exported /Users/raj030/DATA/gmrt_40_014/work/casa_selfcal/3c468.1_scan06_stk1/3c468p1_int0181/3c468p1_int0181_sc4.fits
[2026-05-22 11:18:44] [selfcal]   Cycle 4/4: elapsed 31.00s
[2026-05-22 11:18:44] [selfcal]   Final image: niter=10000  uvrange=''
[2026-05-22 11:19:34] [selfcal]   Exported: /Users/raj030/DATA/gmrt_40_014/work/casa_selfcal/3c468.1_scan06_stk1/3c468p1_int0181/3c468p1_int0181_final.fits
[2026-05-22 11:19:34] [selfcal]   Final image: elapsed 50.08s
[2026-05-22 11:19:34] [selfcal] === Stack done start_idx=181  elapsed 1m41.61s ===
[2026-05-22 11:19:34] [selfcal] === Stack start_idx=182  n=1  JD=2459421.396527..2459421.396527  timerange=2021/07/25/21:30:55~2021/07/25/21:31:03 ===
[2026-05-22 11:19:34] [selfcal]   3C468.1 at RA=357.7289°  Dec=64.6716°  offset=0.00arcmin from field centre  (image half-width=12.8arcmin)
[2026-05-22 11:19:34] [selfcal]   target-mode: fixed-target
[2026-05-22 11:19:34] [selfcal]   mask: <disabled by --no-mask>
[2026-05-22 11:19:34] [selfcal]   tclean phasecenter: DISABLED (using MS native phase centre)
[2026-05-22 11:19:34] [selfcal]   Cycle 1/4: tclean niter=300  img_uvrange=''  cal_uvrange=''  scales=[]
[2026-05-22 11:19:37] [selfcal]   Cycle 1/4: gaincal → /Users/raj030/DATA/gmrt_40_014/work/casa_selfcal/3c468.1_scan06_stk1/3c468p1_int0182/3c468p1_int0182_sc1.gcal
[2026-05-22 11:19:37] [selfcal]   Cycle 1/4: applycal
[2026-05-22 11:19:37] [selfcal]   Cycle 1/4: exported /Users/raj030/DATA/gmrt_40_014/work/casa_selfcal/3c468.1_scan06_stk1/3c468p1_int0182/3c468p1_int0182_sc1.fits
[2026-05-22 11:19:37] [selfcal]   Cycle 1/4: elapsed 2.90s
[2026-05-22 11:19:37] [selfcal]   Cycle 2/4: tclean niter=1000  img_uvrange=''  cal_uvrange=''  scales=[]
[2026-05-22 11:19:43] [selfcal]   Cycle 2/4: gaincal → /Users/raj030/DATA/gmrt_40_014/work/casa_selfcal/3c468.1_scan06_stk1/3c468p1_int0182/3c468p1_int0182_sc2.gcal
[2026-05-22 11:19:43] [selfcal]   Cycle 2/4: applycal
[2026-05-22 11:19:43] [selfcal]   Cycle 2/4: exported /Users/raj030/DATA/gmrt_40_014/work/casa_selfcal/3c468.1_scan06_stk1/3c468p1_int0182/3c468p1_int0182_sc2.fits
[2026-05-22 11:19:43] [selfcal]   Cycle 2/4: elapsed 6.34s
[2026-05-22 11:19:43] [selfcal]   Cycle 3/4: tclean niter=2000  img_uvrange=''  cal_uvrange=''  scales=[]
[2026-05-22 11:19:54] [selfcal]   Cycle 3/4: gaincal → /Users/raj030/DATA/gmrt_40_014/work/casa_selfcal/3c468.1_scan06_stk1/3c468p1_int0182/3c468p1_int0182_sc3.gcal
[2026-05-22 11:19:54] [selfcal]   Cycle 3/4: applycal
[2026-05-22 11:19:54] [selfcal]   Cycle 3/4: exported /Users/raj030/DATA/gmrt_40_014/work/casa_selfcal/3c468.1_scan06_stk1/3c468p1_int0182/3c468p1_int0182_sc3.fits
[2026-05-22 11:19:54] [selfcal]   Cycle 3/4: elapsed 11.12s
[2026-05-22 11:19:54] [selfcal]   Cycle 4/4: tclean niter=6000  img_uvrange=''  cal_uvrange=''  scales=[]
[2026-05-22 11:20:25] [selfcal]   Cycle 4/4: gaincal → /Users/raj030/DATA/gmrt_40_014/work/casa_selfcal/3c468.1_scan06_stk1/3c468p1_int0182/3c468p1_int0182_sc4.gcal
[2026-05-22 11:20:25] [selfcal]   Cycle 4/4: applycal
[2026-05-22 11:20:25] [selfcal]   Cycle 4/4: exported /Users/raj030/DATA/gmrt_40_014/work/casa_selfcal/3c468.1_scan06_stk1/3c468p1_int0182/3c468p1_int0182_sc4.fits
[2026-05-22 11:20:25] [selfcal]   Cycle 4/4: elapsed 30.79s
[2026-05-22 11:20:25] [selfcal]   Final image: niter=10000  uvrange=''
[2026-05-22 11:21:15] [selfcal]   Exported: /Users/raj030/DATA/gmrt_40_014/work/casa_selfcal/3c468.1_scan06_stk1/3c468p1_int0182/3c468p1_int0182_final.fits
[2026-05-22 11:21:15] [selfcal]   Final image: elapsed 49.98s
[2026-05-22 11:21:15] [selfcal] === Stack done start_idx=182  elapsed 1m41.26s ===
[2026-05-22 11:21:15] [selfcal] === Stack start_idx=183  n=1  JD=2459421.396620..2459421.396620  timerange=2021/07/25/21:31:03~2021/07/25/21:31:11 ===
[2026-05-22 11:21:15] [selfcal]   3C468.1 at RA=357.7289°  Dec=64.6716°  offset=0.00arcmin from field centre  (image half-width=12.8arcmin)
[2026-05-22 11:21:15] [selfcal]   target-mode: fixed-target
[2026-05-22 11:21:15] [selfcal]   mask: <disabled by --no-mask>
[2026-05-22 11:21:15] [selfcal]   tclean phasecenter: DISABLED (using MS native phase centre)
[2026-05-22 11:21:15] [selfcal]   Cycle 1/4: tclean niter=300  img_uvrange=''  cal_uvrange=''  scales=[]
[2026-05-22 11:21:18] [selfcal]   Cycle 1/4: gaincal → /Users/raj030/DATA/gmrt_40_014/work/casa_selfcal/3c468.1_scan06_stk1/3c468p1_int0183/3c468p1_int0183_sc1.gcal
[2026-05-22 11:21:18] [selfcal]   Cycle 1/4: applycal
[2026-05-22 11:21:18] [selfcal]   Cycle 1/4: exported /Users/raj030/DATA/gmrt_40_014/work/casa_selfcal/3c468.1_scan06_stk1/3c468p1_int0183/3c468p1_int0183_sc1.fits
[2026-05-22 11:21:18] [selfcal]   Cycle 1/4: elapsed 2.90s
[2026-05-22 11:21:18] [selfcal]   Cycle 2/4: tclean niter=1000  img_uvrange=''  cal_uvrange=''  scales=[]
[2026-05-22 11:21:24] [selfcal]   Cycle 2/4: gaincal → /Users/raj030/DATA/gmrt_40_014/work/casa_selfcal/3c468.1_scan06_stk1/3c468p1_int0183/3c468p1_int0183_sc2.gcal
[2026-05-22 11:21:24] [selfcal]   Cycle 2/4: applycal
[2026-05-22 11:21:24] [selfcal]   Cycle 2/4: exported /Users/raj030/DATA/gmrt_40_014/work/casa_selfcal/3c468.1_scan06_stk1/3c468p1_int0183/3c468p1_int0183_sc2.fits
[2026-05-22 11:21:24] [selfcal]   Cycle 2/4: elapsed 6.28s
[2026-05-22 11:21:24] [selfcal]   Cycle 3/4: tclean niter=2000  img_uvrange=''  cal_uvrange=''  scales=[]
[2026-05-22 11:21:35] [selfcal]   Cycle 3/4: gaincal → /Users/raj030/DATA/gmrt_40_014/work/casa_selfcal/3c468.1_scan06_stk1/3c468p1_int0183/3c468p1_int0183_sc3.gcal
[2026-05-22 11:21:36] [selfcal]   Cycle 3/4: applycal
[2026-05-22 11:21:36] [selfcal]   Cycle 3/4: exported /Users/raj030/DATA/gmrt_40_014/work/casa_selfcal/3c468.1_scan06_stk1/3c468p1_int0183/3c468p1_int0183_sc3.fits
[2026-05-22 11:21:36] [selfcal]   Cycle 3/4: elapsed 11.27s
[2026-05-22 11:21:36] [selfcal]   Cycle 4/4: tclean niter=6000  img_uvrange=''  cal_uvrange=''  scales=[]
[2026-05-22 11:22:06] [selfcal]   Cycle 4/4: gaincal → /Users/raj030/DATA/gmrt_40_014/work/casa_selfcal/3c468.1_scan06_stk1/3c468p1_int0183/3c468p1_int0183_sc4.gcal
[2026-05-22 11:22:06] [selfcal]   Cycle 4/4: applycal
[2026-05-22 11:22:06] [selfcal]   Cycle 4/4: exported /Users/raj030/DATA/gmrt_40_014/work/casa_selfcal/3c468.1_scan06_stk1/3c468p1_int0183/3c468p1_int0183_sc4.fits
[2026-05-22 11:22:06] [selfcal]   Cycle 4/4: elapsed 30.68s
[2026-05-22 11:22:06] [selfcal]   Final image: niter=10000  uvrange=''
[2026-05-22 11:22:57] [selfcal]   Exported: /Users/raj030/DATA/gmrt_40_014/work/casa_selfcal/3c468.1_scan06_stk1/3c468p1_int0183/3c468p1_int0183_final.fits
[2026-05-22 11:22:57] [selfcal]   Final image: elapsed 50.21s
[2026-05-22 11:22:57] [selfcal] === Stack done start_idx=183  elapsed 1m41.46s ===
[2026-05-22 11:22:57] [selfcal] === Stack start_idx=184  n=1  JD=2459421.396713..2459421.396713  timerange=2021/07/25/21:31:12~2021/07/25/21:31:20 ===
[2026-05-22 11:22:57] [selfcal]   3C468.1 at RA=357.7289°  Dec=64.6716°  offset=0.00arcmin from field centre  (image half-width=12.8arcmin)
[2026-05-22 11:22:57] [selfcal]   target-mode: fixed-target
[2026-05-22 11:22:57] [selfcal]   mask: <disabled by --no-mask>
[2026-05-22 11:22:57] [selfcal]   tclean phasecenter: DISABLED (using MS native phase centre)
[2026-05-22 11:22:57] [selfcal]   Cycle 1/4: tclean niter=300  img_uvrange=''  cal_uvrange=''  scales=[]
[2026-05-22 11:22:59] [selfcal]   Cycle 1/4: gaincal → /Users/raj030/DATA/gmrt_40_014/work/casa_selfcal/3c468.1_scan06_stk1/3c468p1_int0184/3c468p1_int0184_sc1.gcal
[2026-05-22 11:22:59] [selfcal]   Cycle 1/4: applycal
[2026-05-22 11:22:59] [selfcal]   Cycle 1/4: exported /Users/raj030/DATA/gmrt_40_014/work/casa_selfcal/3c468.1_scan06_stk1/3c468p1_int0184/3c468p1_int0184_sc1.fits
[2026-05-22 11:22:59] [selfcal]   Cycle 1/4: elapsed 2.84s
[2026-05-22 11:22:59] [selfcal]   Cycle 2/4: tclean niter=1000  img_uvrange=''  cal_uvrange=''  scales=[]
[2026-05-22 11:23:06] [selfcal]   Cycle 2/4: gaincal → /Users/raj030/DATA/gmrt_40_014/work/casa_selfcal/3c468.1_scan06_stk1/3c468p1_int0184/3c468p1_int0184_sc2.gcal
[2026-05-22 11:23:06] [selfcal]   Cycle 2/4: applycal
[2026-05-22 11:23:06] [selfcal]   Cycle 2/4: exported /Users/raj030/DATA/gmrt_40_014/work/casa_selfcal/3c468.1_scan06_stk1/3c468p1_int0184/3c468p1_int0184_sc2.fits
[2026-05-22 11:23:06] [selfcal]   Cycle 2/4: elapsed 6.25s
[2026-05-22 11:23:06] [selfcal]   Cycle 3/4: tclean niter=2000  img_uvrange=''  cal_uvrange=''  scales=[]
[2026-05-22 11:23:17] [selfcal]   Cycle 3/4: gaincal → /Users/raj030/DATA/gmrt_40_014/work/casa_selfcal/3c468.1_scan06_stk1/3c468p1_int0184/3c468p1_int0184_sc3.gcal
[2026-05-22 11:23:17] [selfcal]   Cycle 3/4: applycal
[2026-05-22 11:23:17] [selfcal]   Cycle 3/4: exported /Users/raj030/DATA/gmrt_40_014/work/casa_selfcal/3c468.1_scan06_stk1/3c468p1_int0184/3c468p1_int0184_sc3.fits
[2026-05-22 11:23:17] [selfcal]   Cycle 3/4: elapsed 11.18s
[2026-05-22 11:23:17] [selfcal]   Cycle 4/4: tclean niter=6000  img_uvrange=''  cal_uvrange=''  scales=[]
[2026-05-22 11:23:48] [selfcal]   Cycle 4/4: gaincal → /Users/raj030/DATA/gmrt_40_014/work/casa_selfcal/3c468.1_scan06_stk1/3c468p1_int0184/3c468p1_int0184_sc4.gcal
[2026-05-22 11:23:48] [selfcal]   Cycle 4/4: applycal
[2026-05-22 11:23:48] [selfcal]   Cycle 4/4: exported /Users/raj030/DATA/gmrt_40_014/work/casa_selfcal/3c468.1_scan06_stk1/3c468p1_int0184/3c468p1_int0184_sc4.fits
[2026-05-22 11:23:48] [selfcal]   Cycle 4/4: elapsed 30.93s
[2026-05-22 11:23:48] [selfcal]   Final image: niter=10000  uvrange=''
[2026-05-22 11:24:39] [selfcal]   Exported: /Users/raj030/DATA/gmrt_40_014/work/casa_selfcal/3c468.1_scan06_stk1/3c468p1_int0184/3c468p1_int0184_final.fits
[2026-05-22 11:24:39] [selfcal]   Final image: elapsed 50.75s
[2026-05-22 11:24:39] [selfcal] === Stack done start_idx=184  elapsed 1m42.08s ===
[2026-05-22 11:24:39] [selfcal] === Stack start_idx=185  n=1  JD=2459421.396807..2459421.396807  timerange=2021/07/25/21:31:20~2021/07/25/21:31:28 ===
[2026-05-22 11:24:39] [selfcal]   3C468.1 at RA=357.7289°  Dec=64.6716°  offset=0.00arcmin from field centre  (image half-width=12.8arcmin)
[2026-05-22 11:24:39] [selfcal]   target-mode: fixed-target
[2026-05-22 11:24:39] [selfcal]   mask: <disabled by --no-mask>
[2026-05-22 11:24:39] [selfcal]   tclean phasecenter: DISABLED (using MS native phase centre)
[2026-05-22 11:24:39] [selfcal]   Cycle 1/4: tclean niter=300  img_uvrange=''  cal_uvrange=''  scales=[]
[2026-05-22 11:24:41] [selfcal]   Cycle 1/4: gaincal → /Users/raj030/DATA/gmrt_40_014/work/casa_selfcal/3c468.1_scan06_stk1/3c468p1_int0185/3c468p1_int0185_sc1.gcal
[2026-05-22 11:24:42] [selfcal]   Cycle 1/4: applycal
[2026-05-22 11:24:42] [selfcal]   Cycle 1/4: exported /Users/raj030/DATA/gmrt_40_014/work/casa_selfcal/3c468.1_scan06_stk1/3c468p1_int0185/3c468p1_int0185_sc1.fits
[2026-05-22 11:24:42] [selfcal]   Cycle 1/4: elapsed 2.90s
[2026-05-22 11:24:42] [selfcal]   Cycle 2/4: tclean niter=1000  img_uvrange=''  cal_uvrange=''  scales=[]
[2026-05-22 11:24:48] [selfcal]   Cycle 2/4: gaincal → /Users/raj030/DATA/gmrt_40_014/work/casa_selfcal/3c468.1_scan06_stk1/3c468p1_int0185/3c468p1_int0185_sc2.gcal
[2026-05-22 11:24:48] [selfcal]   Cycle 2/4: applycal
[2026-05-22 11:24:48] [selfcal]   Cycle 2/4: exported /Users/raj030/DATA/gmrt_40_014/work/casa_selfcal/3c468.1_scan06_stk1/3c468p1_int0185/3c468p1_int0185_sc2.fits
[2026-05-22 11:24:48] [selfcal]   Cycle 2/4: elapsed 6.30s
[2026-05-22 11:24:48] [selfcal]   Cycle 3/4: tclean niter=2000  img_uvrange=''  cal_uvrange=''  scales=[]
[2026-05-22 11:24:59] [selfcal]   Cycle 3/4: gaincal → /Users/raj030/DATA/gmrt_40_014/work/casa_selfcal/3c468.1_scan06_stk1/3c468p1_int0185/3c468p1_int0185_sc3.gcal
[2026-05-22 11:24:59] [selfcal]   Cycle 3/4: applycal
[2026-05-22 11:24:59] [selfcal]   Cycle 3/4: exported /Users/raj030/DATA/gmrt_40_014/work/casa_selfcal/3c468.1_scan06_stk1/3c468p1_int0185/3c468p1_int0185_sc3.fits
[2026-05-22 11:24:59] [selfcal]   Cycle 3/4: elapsed 11.21s
[2026-05-22 11:24:59] [selfcal]   Cycle 4/4: tclean niter=6000  img_uvrange=''  cal_uvrange=''  scales=[]
[2026-05-22 11:25:30] [selfcal]   Cycle 4/4: gaincal → /Users/raj030/DATA/gmrt_40_014/work/casa_selfcal/3c468.1_scan06_stk1/3c468p1_int0185/3c468p1_int0185_sc4.gcal
[2026-05-22 11:25:30] [selfcal]   Cycle 4/4: applycal
[2026-05-22 11:25:30] [selfcal]   Cycle 4/4: exported /Users/raj030/DATA/gmrt_40_014/work/casa_selfcal/3c468.1_scan06_stk1/3c468p1_int0185/3c468p1_int0185_sc4.fits
[2026-05-22 11:25:30] [selfcal]   Cycle 4/4: elapsed 31.00s
[2026-05-22 11:25:30] [selfcal]   Final image: niter=10000  uvrange=''
[2026-05-22 11:26:20] [selfcal]   Exported: /Users/raj030/DATA/gmrt_40_014/work/casa_selfcal/3c468.1_scan06_stk1/3c468p1_int0185/3c468p1_int0185_final.fits
[2026-05-22 11:26:20] [selfcal]   Final image: elapsed 49.65s
[2026-05-22 11:26:20] [selfcal] === Stack done start_idx=185  elapsed 1m41.20s ===
[2026-05-22 11:26:20] [selfcal] === Stack start_idx=186  n=1  JD=2459421.396900..2459421.396900  timerange=2021/07/25/21:31:28~2021/07/25/21:31:36 ===
[2026-05-22 11:26:20] [selfcal]   3C468.1 at RA=357.7289°  Dec=64.6716°  offset=0.00arcmin from field centre  (image half-width=12.8arcmin)
[2026-05-22 11:26:20] [selfcal]   target-mode: fixed-target
[2026-05-22 11:26:20] [selfcal]   mask: <disabled by --no-mask>
[2026-05-22 11:26:20] [selfcal]   tclean phasecenter: DISABLED (using MS native phase centre)
[2026-05-22 11:26:20] [selfcal]   Cycle 1/4: tclean niter=300  img_uvrange=''  cal_uvrange=''  scales=[]
[2026-05-22 11:26:23] [selfcal]   Cycle 1/4: gaincal → /Users/raj030/DATA/gmrt_40_014/work/casa_selfcal/3c468.1_scan06_stk1/3c468p1_int0186/3c468p1_int0186_sc1.gcal
[2026-05-22 11:26:23] [selfcal]   Cycle 1/4: applycal
[2026-05-22 11:26:23] [selfcal]   Cycle 1/4: exported /Users/raj030/DATA/gmrt_40_014/work/casa_selfcal/3c468.1_scan06_stk1/3c468p1_int0186/3c468p1_int0186_sc1.fits
[2026-05-22 11:26:23] [selfcal]   Cycle 1/4: elapsed 2.80s
[2026-05-22 11:26:23] [selfcal]   Cycle 2/4: tclean niter=1000  img_uvrange=''  cal_uvrange=''  scales=[]
[2026-05-22 11:26:29] [selfcal]   Cycle 2/4: gaincal → /Users/raj030/DATA/gmrt_40_014/work/casa_selfcal/3c468.1_scan06_stk1/3c468p1_int0186/3c468p1_int0186_sc2.gcal
[2026-05-22 11:26:29] [selfcal]   Cycle 2/4: applycal
[2026-05-22 11:26:29] [selfcal]   Cycle 2/4: exported /Users/raj030/DATA/gmrt_40_014/work/casa_selfcal/3c468.1_scan06_stk1/3c468p1_int0186/3c468p1_int0186_sc2.fits
[2026-05-22 11:26:29] [selfcal]   Cycle 2/4: elapsed 6.27s
[2026-05-22 11:26:29] [selfcal]   Cycle 3/4: tclean niter=2000  img_uvrange=''  cal_uvrange=''  scales=[]
[2026-05-22 11:26:40] [selfcal]   Cycle 3/4: gaincal → /Users/raj030/DATA/gmrt_40_014/work/casa_selfcal/3c468.1_scan06_stk1/3c468p1_int0186/3c468p1_int0186_sc3.gcal
[2026-05-22 11:26:40] [selfcal]   Cycle 3/4: applycal
[2026-05-22 11:26:40] [selfcal]   Cycle 3/4: exported /Users/raj030/DATA/gmrt_40_014/work/casa_selfcal/3c468.1_scan06_stk1/3c468p1_int0186/3c468p1_int0186_sc3.fits
[2026-05-22 11:26:40] [selfcal]   Cycle 3/4: elapsed 11.15s
[2026-05-22 11:26:40] [selfcal]   Cycle 4/4: tclean niter=6000  img_uvrange=''  cal_uvrange=''  scales=[]
[2026-05-22 11:27:11] [selfcal]   Cycle 4/4: gaincal → /Users/raj030/DATA/gmrt_40_014/work/casa_selfcal/3c468.1_scan06_stk1/3c468p1_int0186/3c468p1_int0186_sc4.gcal
[2026-05-22 11:27:11] [selfcal]   Cycle 4/4: applycal
[2026-05-22 11:27:11] [selfcal]   Cycle 4/4: exported /Users/raj030/DATA/gmrt_40_014/work/casa_selfcal/3c468.1_scan06_stk1/3c468p1_int0186/3c468p1_int0186_sc4.fits
[2026-05-22 11:27:11] [selfcal]   Cycle 4/4: elapsed 30.85s
[2026-05-22 11:27:11] [selfcal]   Final image: niter=10000  uvrange=''
[2026-05-22 11:28:01] [selfcal]   Exported: /Users/raj030/DATA/gmrt_40_014/work/casa_selfcal/3c468.1_scan06_stk1/3c468p1_int0186/3c468p1_int0186_final.fits
[2026-05-22 11:28:01] [selfcal]   Final image: elapsed 50.15s
[2026-05-22 11:28:01] [selfcal] === Stack done start_idx=186  elapsed 1m41.34s ===
[2026-05-22 11:28:01] [selfcal] === Stack start_idx=187  n=1  JD=2459421.396993..2459421.396993  timerange=2021/07/25/21:31:36~2021/07/25/21:31:44 ===
[2026-05-22 11:28:01] [selfcal]   3C468.1 at RA=357.7289°  Dec=64.6716°  offset=0.00arcmin from field centre  (image half-width=12.8arcmin)
[2026-05-22 11:28:01] [selfcal]   target-mode: fixed-target
[2026-05-22 11:28:01] [selfcal]   mask: <disabled by --no-mask>
[2026-05-22 11:28:01] [selfcal]   tclean phasecenter: DISABLED (using MS native phase centre)
[2026-05-22 11:28:01] [selfcal]   Cycle 1/4: tclean niter=300  img_uvrange=''  cal_uvrange=''  scales=[]
[2026-05-22 11:28:04] [selfcal]   Cycle 1/4: gaincal → /Users/raj030/DATA/gmrt_40_014/work/casa_selfcal/3c468.1_scan06_stk1/3c468p1_int0187/3c468p1_int0187_sc1.gcal
[2026-05-22 11:28:04] [selfcal]   Cycle 1/4: applycal
[2026-05-22 11:28:04] [selfcal]   Cycle 1/4: exported /Users/raj030/DATA/gmrt_40_014/work/casa_selfcal/3c468.1_scan06_stk1/3c468p1_int0187/3c468p1_int0187_sc1.fits
[2026-05-22 11:28:04] [selfcal]   Cycle 1/4: elapsed 2.86s
[2026-05-22 11:28:04] [selfcal]   Cycle 2/4: tclean niter=1000  img_uvrange=''  cal_uvrange=''  scales=[]
[2026-05-22 11:28:10] [selfcal]   Cycle 2/4: gaincal → /Users/raj030/DATA/gmrt_40_014/work/casa_selfcal/3c468.1_scan06_stk1/3c468p1_int0187/3c468p1_int0187_sc2.gcal
[2026-05-22 11:28:10] [selfcal]   Cycle 2/4: applycal
[2026-05-22 11:28:11] [selfcal]   Cycle 2/4: exported /Users/raj030/DATA/gmrt_40_014/work/casa_selfcal/3c468.1_scan06_stk1/3c468p1_int0187/3c468p1_int0187_sc2.fits
[2026-05-22 11:28:11] [selfcal]   Cycle 2/4: elapsed 6.37s
[2026-05-22 11:28:11] [selfcal]   Cycle 3/4: tclean niter=2000  img_uvrange=''  cal_uvrange=''  scales=[]
[2026-05-22 11:28:22] [selfcal]   Cycle 3/4: gaincal → /Users/raj030/DATA/gmrt_40_014/work/casa_selfcal/3c468.1_scan06_stk1/3c468p1_int0187/3c468p1_int0187_sc3.gcal
[2026-05-22 11:28:22] [selfcal]   Cycle 3/4: applycal
[2026-05-22 11:28:22] [selfcal]   Cycle 3/4: exported /Users/raj030/DATA/gmrt_40_014/work/casa_selfcal/3c468.1_scan06_stk1/3c468p1_int0187/3c468p1_int0187_sc3.fits
[2026-05-22 11:28:22] [selfcal]   Cycle 3/4: elapsed 11.17s
[2026-05-22 11:28:22] [selfcal]   Cycle 4/4: tclean niter=6000  img_uvrange=''  cal_uvrange=''  scales=[]
[2026-05-22 11:28:52] [selfcal]   Cycle 4/4: gaincal → /Users/raj030/DATA/gmrt_40_014/work/casa_selfcal/3c468.1_scan06_stk1/3c468p1_int0187/3c468p1_int0187_sc4.gcal
[2026-05-22 11:28:52] [selfcal]   Cycle 4/4: applycal
[2026-05-22 11:28:53] [selfcal]   Cycle 4/4: exported /Users/raj030/DATA/gmrt_40_014/work/casa_selfcal/3c468.1_scan06_stk1/3c468p1_int0187/3c468p1_int0187_sc4.fits
[2026-05-22 11:28:53] [selfcal]   Cycle 4/4: elapsed 30.87s
[2026-05-22 11:28:53] [selfcal]   Final image: niter=10000  uvrange=''
[2026-05-22 11:29:44] [selfcal]   Exported: /Users/raj030/DATA/gmrt_40_014/work/casa_selfcal/3c468.1_scan06_stk1/3c468p1_int0187/3c468p1_int0187_final.fits
[2026-05-22 11:29:44] [selfcal]   Final image: elapsed 51.11s
[2026-05-22 11:29:44] [selfcal] === Stack done start_idx=187  elapsed 1m42.51s ===
[2026-05-22 11:29:44] [selfcal] === Stack start_idx=188  n=1  JD=2459421.397086..2459421.397086  timerange=2021/07/25/21:31:44~2021/07/25/21:31:52 ===
[2026-05-22 11:29:44] [selfcal]   3C468.1 at RA=357.7289°  Dec=64.6716°  offset=0.00arcmin from field centre  (image half-width=12.8arcmin)
[2026-05-22 11:29:44] [selfcal]   target-mode: fixed-target
[2026-05-22 11:29:44] [selfcal]   mask: <disabled by --no-mask>
[2026-05-22 11:29:44] [selfcal]   tclean phasecenter: DISABLED (using MS native phase centre)
[2026-05-22 11:29:44] [selfcal]   Cycle 1/4: tclean niter=300  img_uvrange=''  cal_uvrange=''  scales=[]
[2026-05-22 11:29:46] [selfcal]   Cycle 1/4: gaincal → /Users/raj030/DATA/gmrt_40_014/work/casa_selfcal/3c468.1_scan06_stk1/3c468p1_int0188/3c468p1_int0188_sc1.gcal
[2026-05-22 11:29:47] [selfcal]   Cycle 1/4: applycal
[2026-05-22 11:29:47] [selfcal]   Cycle 1/4: exported /Users/raj030/DATA/gmrt_40_014/work/casa_selfcal/3c468.1_scan06_stk1/3c468p1_int0188/3c468p1_int0188_sc1.fits
[2026-05-22 11:29:47] [selfcal]   Cycle 1/4: elapsed 2.86s
[2026-05-22 11:29:47] [selfcal]   Cycle 2/4: tclean niter=1000  img_uvrange=''  cal_uvrange=''  scales=[]
[2026-05-22 11:29:53] [selfcal]   Cycle 2/4: gaincal → /Users/raj030/DATA/gmrt_40_014/work/casa_selfcal/3c468.1_scan06_stk1/3c468p1_int0188/3c468p1_int0188_sc2.gcal
[2026-05-22 11:29:53] [selfcal]   Cycle 2/4: applycal
[2026-05-22 11:29:53] [selfcal]   Cycle 2/4: exported /Users/raj030/DATA/gmrt_40_014/work/casa_selfcal/3c468.1_scan06_stk1/3c468p1_int0188/3c468p1_int0188_sc2.fits
[2026-05-22 11:29:53] [selfcal]   Cycle 2/4: elapsed 6.38s
[2026-05-22 11:29:53] [selfcal]   Cycle 3/4: tclean niter=2000  img_uvrange=''  cal_uvrange=''  scales=[]
[2026-05-22 11:30:04] [selfcal]   Cycle 3/4: gaincal → /Users/raj030/DATA/gmrt_40_014/work/casa_selfcal/3c468.1_scan06_stk1/3c468p1_int0188/3c468p1_int0188_sc3.gcal
[2026-05-22 11:30:04] [selfcal]   Cycle 3/4: applycal
[2026-05-22 11:30:04] [selfcal]   Cycle 3/4: exported /Users/raj030/DATA/gmrt_40_014/work/casa_selfcal/3c468.1_scan06_stk1/3c468p1_int0188/3c468p1_int0188_sc3.fits
[2026-05-22 11:30:04] [selfcal]   Cycle 3/4: elapsed 11.34s
[2026-05-22 11:30:04] [selfcal]   Cycle 4/4: tclean niter=6000  img_uvrange=''  cal_uvrange=''  scales=[]
[2026-05-22 11:30:35] [selfcal]   Cycle 4/4: gaincal → /Users/raj030/DATA/gmrt_40_014/work/casa_selfcal/3c468.1_scan06_stk1/3c468p1_int0188/3c468p1_int0188_sc4.gcal
[2026-05-22 11:30:36] [selfcal]   Cycle 4/4: applycal
[2026-05-22 11:30:36] [selfcal]   Cycle 4/4: exported /Users/raj030/DATA/gmrt_40_014/work/casa_selfcal/3c468.1_scan06_stk1/3c468p1_int0188/3c468p1_int0188_sc4.fits
[2026-05-22 11:30:36] [selfcal]   Cycle 4/4: elapsed 31.28s
[2026-05-22 11:30:36] [selfcal]   Final image: niter=10000  uvrange=''
[2026-05-22 11:31:27] [selfcal]   Exported: /Users/raj030/DATA/gmrt_40_014/work/casa_selfcal/3c468.1_scan06_stk1/3c468p1_int0188/3c468p1_int0188_final.fits
[2026-05-22 11:31:27] [selfcal]   Final image: elapsed 50.89s
[2026-05-22 11:31:27] [selfcal] === Stack done start_idx=188  elapsed 1m42.89s ===
[2026-05-22 11:31:27] [selfcal] === Stack start_idx=189  n=1  JD=2459421.397180..2459421.397180  timerange=2021/07/25/21:31:52~2021/07/25/21:32:00 ===
[2026-05-22 11:31:27] [selfcal]   3C468.1 at RA=357.7289°  Dec=64.6716°  offset=0.00arcmin from field centre  (image half-width=12.8arcmin)
[2026-05-22 11:31:27] [selfcal]   target-mode: fixed-target
[2026-05-22 11:31:27] [selfcal]   mask: <disabled by --no-mask>
[2026-05-22 11:31:27] [selfcal]   tclean phasecenter: DISABLED (using MS native phase centre)
[2026-05-22 11:31:27] [selfcal]   Cycle 1/4: tclean niter=300  img_uvrange=''  cal_uvrange=''  scales=[]
[2026-05-22 11:31:29] [selfcal]   Cycle 1/4: gaincal → /Users/raj030/DATA/gmrt_40_014/work/casa_selfcal/3c468.1_scan06_stk1/3c468p1_int0189/3c468p1_int0189_sc1.gcal
[2026-05-22 11:31:29] [selfcal]   Cycle 1/4: applycal
[2026-05-22 11:31:29] [selfcal]   Cycle 1/4: exported /Users/raj030/DATA/gmrt_40_014/work/casa_selfcal/3c468.1_scan06_stk1/3c468p1_int0189/3c468p1_int0189_sc1.fits
[2026-05-22 11:31:29] [selfcal]   Cycle 1/4: elapsed 2.78s
[2026-05-22 11:31:29] [selfcal]   Cycle 2/4: tclean niter=1000  img_uvrange=''  cal_uvrange=''  scales=[]
[2026-05-22 11:31:36] [selfcal]   Cycle 2/4: gaincal → /Users/raj030/DATA/gmrt_40_014/work/casa_selfcal/3c468.1_scan06_stk1/3c468p1_int0189/3c468p1_int0189_sc2.gcal
[2026-05-22 11:31:36] [selfcal]   Cycle 2/4: applycal
[2026-05-22 11:31:36] [selfcal]   Cycle 2/4: exported /Users/raj030/DATA/gmrt_40_014/work/casa_selfcal/3c468.1_scan06_stk1/3c468p1_int0189/3c468p1_int0189_sc2.fits
[2026-05-22 11:31:36] [selfcal]   Cycle 2/4: elapsed 6.35s
[2026-05-22 11:31:36] [selfcal]   Cycle 3/4: tclean niter=2000  img_uvrange=''  cal_uvrange=''  scales=[]
[2026-05-22 11:31:47] [selfcal]   Cycle 3/4: gaincal → /Users/raj030/DATA/gmrt_40_014/work/casa_selfcal/3c468.1_scan06_stk1/3c468p1_int0189/3c468p1_int0189_sc3.gcal
[2026-05-22 11:31:47] [selfcal]   Cycle 3/4: applycal
[2026-05-22 11:31:47] [selfcal]   Cycle 3/4: exported /Users/raj030/DATA/gmrt_40_014/work/casa_selfcal/3c468.1_scan06_stk1/3c468p1_int0189/3c468p1_int0189_sc3.fits
[2026-05-22 11:31:47] [selfcal]   Cycle 3/4: elapsed 11.05s
[2026-05-22 11:31:47] [selfcal]   Cycle 4/4: tclean niter=6000  img_uvrange=''  cal_uvrange=''  scales=[]
[2026-05-22 11:32:17] [selfcal]   Cycle 4/4: gaincal → /Users/raj030/DATA/gmrt_40_014/work/casa_selfcal/3c468.1_scan06_stk1/3c468p1_int0189/3c468p1_int0189_sc4.gcal
[2026-05-22 11:32:18] [selfcal]   Cycle 4/4: applycal
[2026-05-22 11:32:18] [selfcal]   Cycle 4/4: exported /Users/raj030/DATA/gmrt_40_014/work/casa_selfcal/3c468.1_scan06_stk1/3c468p1_int0189/3c468p1_int0189_sc4.fits
[2026-05-22 11:32:18] [selfcal]   Cycle 4/4: elapsed 30.72s
[2026-05-22 11:32:18] [selfcal]   Final image: niter=10000  uvrange=''
[2026-05-22 11:33:08] [selfcal]   Exported: /Users/raj030/DATA/gmrt_40_014/work/casa_selfcal/3c468.1_scan06_stk1/3c468p1_int0189/3c468p1_int0189_final.fits
[2026-05-22 11:33:08] [selfcal]   Final image: elapsed 50.21s
[2026-05-22 11:33:08] [selfcal] === Stack done start_idx=189  elapsed 1m41.23s ===
[2026-05-22 11:33:08] [selfcal] === Stack start_idx=190  n=1  JD=2459421.397273..2459421.397273  timerange=2021/07/25/21:32:00~2021/07/25/21:32:08 ===
[2026-05-22 11:33:08] [selfcal]   3C468.1 at RA=357.7289°  Dec=64.6716°  offset=0.00arcmin from field centre  (image half-width=12.8arcmin)
[2026-05-22 11:33:08] [selfcal]   target-mode: fixed-target
[2026-05-22 11:33:08] [selfcal]   mask: <disabled by --no-mask>
[2026-05-22 11:33:08] [selfcal]   tclean phasecenter: DISABLED (using MS native phase centre)
[2026-05-22 11:33:08] [selfcal]   Cycle 1/4: tclean niter=300  img_uvrange=''  cal_uvrange=''  scales=[]
[2026-05-22 11:33:11] [selfcal]   Cycle 1/4: gaincal → /Users/raj030/DATA/gmrt_40_014/work/casa_selfcal/3c468.1_scan06_stk1/3c468p1_int0190/3c468p1_int0190_sc1.gcal
[2026-05-22 11:33:11] [selfcal]   Cycle 1/4: applycal
[2026-05-22 11:33:11] [selfcal]   Cycle 1/4: exported /Users/raj030/DATA/gmrt_40_014/work/casa_selfcal/3c468.1_scan06_stk1/3c468p1_int0190/3c468p1_int0190_sc1.fits
[2026-05-22 11:33:11] [selfcal]   Cycle 1/4: elapsed 2.84s
[2026-05-22 11:33:11] [selfcal]   Cycle 2/4: tclean niter=1000  img_uvrange=''  cal_uvrange=''  scales=[]
[2026-05-22 11:33:17] [selfcal]   Cycle 2/4: gaincal → /Users/raj030/DATA/gmrt_40_014/work/casa_selfcal/3c468.1_scan06_stk1/3c468p1_int0190/3c468p1_int0190_sc2.gcal
[2026-05-22 11:33:17] [selfcal]   Cycle 2/4: applycal
[2026-05-22 11:33:17] [selfcal]   Cycle 2/4: exported /Users/raj030/DATA/gmrt_40_014/work/casa_selfcal/3c468.1_scan06_stk1/3c468p1_int0190/3c468p1_int0190_sc2.fits
[2026-05-22 11:33:17] [selfcal]   Cycle 2/4: elapsed 6.25s
[2026-05-22 11:33:17] [selfcal]   Cycle 3/4: tclean niter=2000  img_uvrange=''  cal_uvrange=''  scales=[]
[2026-05-22 11:33:28] [selfcal]   Cycle 3/4: gaincal → /Users/raj030/DATA/gmrt_40_014/work/casa_selfcal/3c468.1_scan06_stk1/3c468p1_int0190/3c468p1_int0190_sc3.gcal
[2026-05-22 11:33:28] [selfcal]   Cycle 3/4: applycal
[2026-05-22 11:33:28] [selfcal]   Cycle 3/4: exported /Users/raj030/DATA/gmrt_40_014/work/casa_selfcal/3c468.1_scan06_stk1/3c468p1_int0190/3c468p1_int0190_sc3.fits
[2026-05-22 11:33:28] [selfcal]   Cycle 3/4: elapsed 11.10s
[2026-05-22 11:33:28] [selfcal]   Cycle 4/4: tclean niter=6000  img_uvrange=''  cal_uvrange=''  scales=[]
[2026-05-22 11:33:59] [selfcal]   Cycle 4/4: gaincal → /Users/raj030/DATA/gmrt_40_014/work/casa_selfcal/3c468.1_scan06_stk1/3c468p1_int0190/3c468p1_int0190_sc4.gcal
[2026-05-22 11:33:59] [selfcal]   Cycle 4/4: applycal
[2026-05-22 11:33:59] [selfcal]   Cycle 4/4: exported /Users/raj030/DATA/gmrt_40_014/work/casa_selfcal/3c468.1_scan06_stk1/3c468p1_int0190/3c468p1_int0190_sc4.fits
[2026-05-22 11:33:59] [selfcal]   Cycle 4/4: elapsed 30.87s
[2026-05-22 11:33:59] [selfcal]   Final image: niter=10000  uvrange=''
[2026-05-22 11:34:49] [selfcal]   Exported: /Users/raj030/DATA/gmrt_40_014/work/casa_selfcal/3c468.1_scan06_stk1/3c468p1_int0190/3c468p1_int0190_final.fits
[2026-05-22 11:34:49] [selfcal]   Final image: elapsed 50.00s
[2026-05-22 11:34:49] [selfcal] === Stack done start_idx=190  elapsed 1m41.19s ===
[2026-05-22 11:34:49] [selfcal] === Stack start_idx=191  n=1  JD=2459421.397366..2459421.397366  timerange=2021/07/25/21:32:08~2021/07/25/21:32:16 ===
[2026-05-22 11:34:49] [selfcal]   3C468.1 at RA=357.7289°  Dec=64.6716°  offset=0.00arcmin from field centre  (image half-width=12.8arcmin)
[2026-05-22 11:34:49] [selfcal]   target-mode: fixed-target
[2026-05-22 11:34:49] [selfcal]   mask: <disabled by --no-mask>
[2026-05-22 11:34:49] [selfcal]   tclean phasecenter: DISABLED (using MS native phase centre)
[2026-05-22 11:34:49] [selfcal]   Cycle 1/4: tclean niter=300  img_uvrange=''  cal_uvrange=''  scales=[]
[2026-05-22 11:34:52] [selfcal]   Cycle 1/4: gaincal → /Users/raj030/DATA/gmrt_40_014/work/casa_selfcal/3c468.1_scan06_stk1/3c468p1_int0191/3c468p1_int0191_sc1.gcal
[2026-05-22 11:34:52] [selfcal]   Cycle 1/4: applycal
[2026-05-22 11:34:52] [selfcal]   Cycle 1/4: exported /Users/raj030/DATA/gmrt_40_014/work/casa_selfcal/3c468.1_scan06_stk1/3c468p1_int0191/3c468p1_int0191_sc1.fits
[2026-05-22 11:34:52] [selfcal]   Cycle 1/4: elapsed 2.77s
[2026-05-22 11:34:52] [selfcal]   Cycle 2/4: tclean niter=1000  img_uvrange=''  cal_uvrange=''  scales=[]
[2026-05-22 11:34:58] [selfcal]   Cycle 2/4: gaincal → /Users/raj030/DATA/gmrt_40_014/work/casa_selfcal/3c468.1_scan06_stk1/3c468p1_int0191/3c468p1_int0191_sc2.gcal
[2026-05-22 11:34:58] [selfcal]   Cycle 2/4: applycal
[2026-05-22 11:34:58] [selfcal]   Cycle 2/4: exported /Users/raj030/DATA/gmrt_40_014/work/casa_selfcal/3c468.1_scan06_stk1/3c468p1_int0191/3c468p1_int0191_sc2.fits
[2026-05-22 11:34:58] [selfcal]   Cycle 2/4: elapsed 6.19s
[2026-05-22 11:34:58] [selfcal]   Cycle 3/4: tclean niter=2000  img_uvrange=''  cal_uvrange=''  scales=[]
[2026-05-22 11:35:09] [selfcal]   Cycle 3/4: gaincal → /Users/raj030/DATA/gmrt_40_014/work/casa_selfcal/3c468.1_scan06_stk1/3c468p1_int0191/3c468p1_int0191_sc3.gcal
[2026-05-22 11:35:09] [selfcal]   Cycle 3/4: applycal
[2026-05-22 11:35:09] [selfcal]   Cycle 3/4: exported /Users/raj030/DATA/gmrt_40_014/work/casa_selfcal/3c468.1_scan06_stk1/3c468p1_int0191/3c468p1_int0191_sc3.fits
[2026-05-22 11:35:09] [selfcal]   Cycle 3/4: elapsed 11.18s
[2026-05-22 11:35:09] [selfcal]   Cycle 4/4: tclean niter=6000  img_uvrange=''  cal_uvrange=''  scales=[]
[2026-05-22 11:35:40] [selfcal]   Cycle 4/4: gaincal → /Users/raj030/DATA/gmrt_40_014/work/casa_selfcal/3c468.1_scan06_stk1/3c468p1_int0191/3c468p1_int0191_sc4.gcal
[2026-05-22 11:35:40] [selfcal]   Cycle 4/4: applycal
[2026-05-22 11:35:40] [selfcal]   Cycle 4/4: exported /Users/raj030/DATA/gmrt_40_014/work/casa_selfcal/3c468.1_scan06_stk1/3c468p1_int0191/3c468p1_int0191_sc4.fits
[2026-05-22 11:35:40] [selfcal]   Cycle 4/4: elapsed 30.63s
[2026-05-22 11:35:40] [selfcal]   Final image: niter=10000  uvrange=''
[2026-05-22 11:36:30] [selfcal]   Exported: /Users/raj030/DATA/gmrt_40_014/work/casa_selfcal/3c468.1_scan06_stk1/3c468p1_int0191/3c468p1_int0191_final.fits
[2026-05-22 11:36:30] [selfcal]   Final image: elapsed 50.31s
[2026-05-22 11:36:30] [selfcal] === Stack done start_idx=191  elapsed 1m41.19s ===
[2026-05-22 11:36:30] [selfcal] === Stack start_idx=192  n=1  JD=2459421.397459..2459421.397459  timerange=2021/07/25/21:32:16~2021/07/25/21:32:24 ===
[2026-05-22 11:36:30] [selfcal]   3C468.1 at RA=357.7289°  Dec=64.6716°  offset=0.00arcmin from field centre  (image half-width=12.8arcmin)
[2026-05-22 11:36:30] [selfcal]   target-mode: fixed-target
[2026-05-22 11:36:30] [selfcal]   mask: <disabled by --no-mask>
[2026-05-22 11:36:30] [selfcal]   tclean phasecenter: DISABLED (using MS native phase centre)
[2026-05-22 11:36:30] [selfcal]   Cycle 1/4: tclean niter=300  img_uvrange=''  cal_uvrange=''  scales=[]
[2026-05-22 11:36:33] [selfcal]   Cycle 1/4: gaincal → /Users/raj030/DATA/gmrt_40_014/work/casa_selfcal/3c468.1_scan06_stk1/3c468p1_int0192/3c468p1_int0192_sc1.gcal
[2026-05-22 11:36:33] [selfcal]   Cycle 1/4: applycal
[2026-05-22 11:36:33] [selfcal]   Cycle 1/4: exported /Users/raj030/DATA/gmrt_40_014/work/casa_selfcal/3c468.1_scan06_stk1/3c468p1_int0192/3c468p1_int0192_sc1.fits
[2026-05-22 11:36:33] [selfcal]   Cycle 1/4: elapsed 2.93s
[2026-05-22 11:36:33] [selfcal]   Cycle 2/4: tclean niter=1000  img_uvrange=''  cal_uvrange=''  scales=[]
[2026-05-22 11:36:39] [selfcal]   Cycle 2/4: gaincal → /Users/raj030/DATA/gmrt_40_014/work/casa_selfcal/3c468.1_scan06_stk1/3c468p1_int0192/3c468p1_int0192_sc2.gcal
[2026-05-22 11:36:40] [selfcal]   Cycle 2/4: applycal
[2026-05-22 11:36:40] [selfcal]   Cycle 2/4: exported /Users/raj030/DATA/gmrt_40_014/work/casa_selfcal/3c468.1_scan06_stk1/3c468p1_int0192/3c468p1_int0192_sc2.fits
[2026-05-22 11:36:40] [selfcal]   Cycle 2/4: elapsed 6.40s
[2026-05-22 11:36:40] [selfcal]   Cycle 3/4: tclean niter=2000  img_uvrange=''  cal_uvrange=''  scales=[]
[2026-05-22 11:36:51] [selfcal]   Cycle 3/4: gaincal → /Users/raj030/DATA/gmrt_40_014/work/casa_selfcal/3c468.1_scan06_stk1/3c468p1_int0192/3c468p1_int0192_sc3.gcal
[2026-05-22 11:36:51] [selfcal]   Cycle 3/4: applycal
[2026-05-22 11:36:51] [selfcal]   Cycle 3/4: exported /Users/raj030/DATA/gmrt_40_014/work/casa_selfcal/3c468.1_scan06_stk1/3c468p1_int0192/3c468p1_int0192_sc3.fits
[2026-05-22 11:36:51] [selfcal]   Cycle 3/4: elapsed 11.19s
[2026-05-22 11:36:51] [selfcal]   Cycle 4/4: tclean niter=6000  img_uvrange=''  cal_uvrange=''  scales=[]
[2026-05-22 11:37:21] [selfcal]   Cycle 4/4: gaincal → /Users/raj030/DATA/gmrt_40_014/work/casa_selfcal/3c468.1_scan06_stk1/3c468p1_int0192/3c468p1_int0192_sc4.gcal
[2026-05-22 11:37:21] [selfcal]   Cycle 4/4: applycal
[2026-05-22 11:37:22] [selfcal]   Cycle 4/4: exported /Users/raj030/DATA/gmrt_40_014/work/casa_selfcal/3c468.1_scan06_stk1/3c468p1_int0192/3c468p1_int0192_sc4.fits
[2026-05-22 11:37:22] [selfcal]   Cycle 4/4: elapsed 30.66s
[2026-05-22 11:37:22] [selfcal]   Final image: niter=10000  uvrange=''
[2026-05-22 11:38:11] [selfcal]   Exported: /Users/raj030/DATA/gmrt_40_014/work/casa_selfcal/3c468.1_scan06_stk1/3c468p1_int0192/3c468p1_int0192_final.fits
[2026-05-22 11:38:11] [selfcal]   Final image: elapsed 49.99s
[2026-05-22 11:38:11] [selfcal] === Stack done start_idx=192  elapsed 1m41.30s ===
[2026-05-22 11:38:11] [selfcal] === Stack start_idx=193  n=1  JD=2459421.397552..2459421.397552  timerange=2021/07/25/21:32:24~2021/07/25/21:32:32 ===
[2026-05-22 11:38:12] [selfcal]   3C468.1 at RA=357.7289°  Dec=64.6716°  offset=0.00arcmin from field centre  (image half-width=12.8arcmin)
[2026-05-22 11:38:12] [selfcal]   target-mode: fixed-target
[2026-05-22 11:38:12] [selfcal]   mask: <disabled by --no-mask>
[2026-05-22 11:38:12] [selfcal]   tclean phasecenter: DISABLED (using MS native phase centre)
[2026-05-22 11:38:12] [selfcal]   Cycle 1/4: tclean niter=300  img_uvrange=''  cal_uvrange=''  scales=[]
[2026-05-22 11:38:14] [selfcal]   Cycle 1/4: gaincal → /Users/raj030/DATA/gmrt_40_014/work/casa_selfcal/3c468.1_scan06_stk1/3c468p1_int0193/3c468p1_int0193_sc1.gcal
[2026-05-22 11:38:14] [selfcal]   Cycle 1/4: applycal
[2026-05-22 11:38:15] [selfcal]   Cycle 1/4: exported /Users/raj030/DATA/gmrt_40_014/work/casa_selfcal/3c468.1_scan06_stk1/3c468p1_int0193/3c468p1_int0193_sc1.fits
[2026-05-22 11:38:15] [selfcal]   Cycle 1/4: elapsed 2.96s
[2026-05-22 11:38:15] [selfcal]   Cycle 2/4: tclean niter=1000  img_uvrange=''  cal_uvrange=''  scales=[]
[2026-05-22 11:38:21] [selfcal]   Cycle 2/4: gaincal → /Users/raj030/DATA/gmrt_40_014/work/casa_selfcal/3c468.1_scan06_stk1/3c468p1_int0193/3c468p1_int0193_sc2.gcal
[2026-05-22 11:38:21] [selfcal]   Cycle 2/4: applycal
[2026-05-22 11:38:21] [selfcal]   Cycle 2/4: exported /Users/raj030/DATA/gmrt_40_014/work/casa_selfcal/3c468.1_scan06_stk1/3c468p1_int0193/3c468p1_int0193_sc2.fits
[2026-05-22 11:38:21] [selfcal]   Cycle 2/4: elapsed 6.31s
[2026-05-22 11:38:21] [selfcal]   Cycle 3/4: tclean niter=2000  img_uvrange=''  cal_uvrange=''  scales=[]
[2026-05-22 11:38:32] [selfcal]   Cycle 3/4: gaincal → /Users/raj030/DATA/gmrt_40_014/work/casa_selfcal/3c468.1_scan06_stk1/3c468p1_int0193/3c468p1_int0193_sc3.gcal
[2026-05-22 11:38:32] [selfcal]   Cycle 3/4: applycal
[2026-05-22 11:38:32] [selfcal]   Cycle 3/4: exported /Users/raj030/DATA/gmrt_40_014/work/casa_selfcal/3c468.1_scan06_stk1/3c468p1_int0193/3c468p1_int0193_sc3.fits
[2026-05-22 11:38:32] [selfcal]   Cycle 3/4: elapsed 11.48s
[2026-05-22 11:38:32] [selfcal]   Cycle 4/4: tclean niter=6000  img_uvrange=''  cal_uvrange=''  scales=[]
[2026-05-22 11:39:03] [selfcal]   Cycle 4/4: gaincal → /Users/raj030/DATA/gmrt_40_014/work/casa_selfcal/3c468.1_scan06_stk1/3c468p1_int0193/3c468p1_int0193_sc4.gcal
[2026-05-22 11:39:03] [selfcal]   Cycle 4/4: applycal
[2026-05-22 11:39:03] [selfcal]   Cycle 4/4: exported /Users/raj030/DATA/gmrt_40_014/work/casa_selfcal/3c468.1_scan06_stk1/3c468p1_int0193/3c468p1_int0193_sc4.fits
[2026-05-22 11:39:03] [selfcal]   Cycle 4/4: elapsed 31.06s
[2026-05-22 11:39:03] [selfcal]   Final image: niter=10000  uvrange=''
[2026-05-22 11:39:54] [selfcal]   Exported: /Users/raj030/DATA/gmrt_40_014/work/casa_selfcal/3c468.1_scan06_stk1/3c468p1_int0193/3c468p1_int0193_final.fits
[2026-05-22 11:39:54] [selfcal]   Final image: elapsed 50.61s
[2026-05-22 11:39:54] [selfcal] === Stack done start_idx=193  elapsed 1m42.53s ===
[2026-05-22 11:39:54] [selfcal] === Stack start_idx=194  n=1  JD=2459421.397646..2459421.397646  timerange=2021/07/25/21:32:32~2021/07/25/21:32:40 ===
[2026-05-22 11:39:54] [selfcal]   3C468.1 at RA=357.7289°  Dec=64.6716°  offset=0.00arcmin from field centre  (image half-width=12.8arcmin)
[2026-05-22 11:39:54] [selfcal]   target-mode: fixed-target
[2026-05-22 11:39:54] [selfcal]   mask: <disabled by --no-mask>
[2026-05-22 11:39:54] [selfcal]   tclean phasecenter: DISABLED (using MS native phase centre)
[2026-05-22 11:39:54] [selfcal]   Cycle 1/4: tclean niter=300  img_uvrange=''  cal_uvrange=''  scales=[]
[2026-05-22 11:39:57] [selfcal]   Cycle 1/4: gaincal → /Users/raj030/DATA/gmrt_40_014/work/casa_selfcal/3c468.1_scan06_stk1/3c468p1_int0194/3c468p1_int0194_sc1.gcal
[2026-05-22 11:39:57] [selfcal]   Cycle 1/4: applycal
[2026-05-22 11:39:57] [selfcal]   Cycle 1/4: exported /Users/raj030/DATA/gmrt_40_014/work/casa_selfcal/3c468.1_scan06_stk1/3c468p1_int0194/3c468p1_int0194_sc1.fits
[2026-05-22 11:39:57] [selfcal]   Cycle 1/4: elapsed 2.80s
[2026-05-22 11:39:57] [selfcal]   Cycle 2/4: tclean niter=1000  img_uvrange=''  cal_uvrange=''  scales=[]
[2026-05-22 11:40:03] [selfcal]   Cycle 2/4: gaincal → /Users/raj030/DATA/gmrt_40_014/work/casa_selfcal/3c468.1_scan06_stk1/3c468p1_int0194/3c468p1_int0194_sc2.gcal
[2026-05-22 11:40:03] [selfcal]   Cycle 2/4: applycal
[2026-05-22 11:40:03] [selfcal]   Cycle 2/4: exported /Users/raj030/DATA/gmrt_40_014/work/casa_selfcal/3c468.1_scan06_stk1/3c468p1_int0194/3c468p1_int0194_sc2.fits
[2026-05-22 11:40:03] [selfcal]   Cycle 2/4: elapsed 6.37s
[2026-05-22 11:40:03] [selfcal]   Cycle 3/4: tclean niter=2000  img_uvrange=''  cal_uvrange=''  scales=[]
[2026-05-22 11:40:14] [selfcal]   Cycle 3/4: gaincal → /Users/raj030/DATA/gmrt_40_014/work/casa_selfcal/3c468.1_scan06_stk1/3c468p1_int0194/3c468p1_int0194_sc3.gcal
[2026-05-22 11:40:14] [selfcal]   Cycle 3/4: applycal
[2026-05-22 11:40:14] [selfcal]   Cycle 3/4: exported /Users/raj030/DATA/gmrt_40_014/work/casa_selfcal/3c468.1_scan06_stk1/3c468p1_int0194/3c468p1_int0194_sc3.fits
[2026-05-22 11:40:14] [selfcal]   Cycle 3/4: elapsed 11.17s
[2026-05-22 11:40:14] [selfcal]   Cycle 4/4: tclean niter=6000  img_uvrange=''  cal_uvrange=''  scales=[]
[2026-05-22 11:40:45] [selfcal]   Cycle 4/4: gaincal → /Users/raj030/DATA/gmrt_40_014/work/casa_selfcal/3c468.1_scan06_stk1/3c468p1_int0194/3c468p1_int0194_sc4.gcal
[2026-05-22 11:40:45] [selfcal]   Cycle 4/4: applycal
[2026-05-22 11:40:46] [selfcal]   Cycle 4/4: exported /Users/raj030/DATA/gmrt_40_014/work/casa_selfcal/3c468.1_scan06_stk1/3c468p1_int0194/3c468p1_int0194_sc4.fits
[2026-05-22 11:40:46] [selfcal]   Cycle 4/4: elapsed 31.08s
[2026-05-22 11:40:46] [selfcal]   Final image: niter=10000  uvrange=''
[2026-05-22 11:41:36] [selfcal]   Exported: /Users/raj030/DATA/gmrt_40_014/work/casa_selfcal/3c468.1_scan06_stk1/3c468p1_int0194/3c468p1_int0194_final.fits
[2026-05-22 11:41:36] [selfcal]   Final image: elapsed 50.30s
[2026-05-22 11:41:36] [selfcal] === Stack done start_idx=194  elapsed 1m41.85s ===
[2026-05-22 11:41:36] [selfcal] === Stack start_idx=195  n=1  JD=2459421.397739..2459421.397739  timerange=2021/07/25/21:32:40~2021/07/25/21:32:48 ===
[2026-05-22 11:41:36] [selfcal]   3C468.1 at RA=357.7289°  Dec=64.6716°  offset=0.00arcmin from field centre  (image half-width=12.8arcmin)
[2026-05-22 11:41:36] [selfcal]   target-mode: fixed-target
[2026-05-22 11:41:36] [selfcal]   mask: <disabled by --no-mask>
[2026-05-22 11:41:36] [selfcal]   tclean phasecenter: DISABLED (using MS native phase centre)
[2026-05-22 11:41:36] [selfcal]   Cycle 1/4: tclean niter=300  img_uvrange=''  cal_uvrange=''  scales=[]
[2026-05-22 11:41:39] [selfcal]   Cycle 1/4: gaincal → /Users/raj030/DATA/gmrt_40_014/work/casa_selfcal/3c468.1_scan06_stk1/3c468p1_int0195/3c468p1_int0195_sc1.gcal
[2026-05-22 11:41:39] [selfcal]   Cycle 1/4: applycal
[2026-05-22 11:41:39] [selfcal]   Cycle 1/4: exported /Users/raj030/DATA/gmrt_40_014/work/casa_selfcal/3c468.1_scan06_stk1/3c468p1_int0195/3c468p1_int0195_sc1.fits
[2026-05-22 11:41:39] [selfcal]   Cycle 1/4: elapsed 2.89s
[2026-05-22 11:41:39] [selfcal]   Cycle 2/4: tclean niter=1000  img_uvrange=''  cal_uvrange=''  scales=[]
[2026-05-22 11:41:45] [selfcal]   Cycle 2/4: gaincal → /Users/raj030/DATA/gmrt_40_014/work/casa_selfcal/3c468.1_scan06_stk1/3c468p1_int0195/3c468p1_int0195_sc2.gcal
[2026-05-22 11:41:45] [selfcal]   Cycle 2/4: applycal
[2026-05-22 11:41:45] [selfcal]   Cycle 2/4: exported /Users/raj030/DATA/gmrt_40_014/work/casa_selfcal/3c468.1_scan06_stk1/3c468p1_int0195/3c468p1_int0195_sc2.fits
[2026-05-22 11:41:45] [selfcal]   Cycle 2/4: elapsed 6.25s
[2026-05-22 11:41:45] [selfcal]   Cycle 3/4: tclean niter=2000  img_uvrange=''  cal_uvrange=''  scales=[]
[2026-05-22 11:41:56] [selfcal]   Cycle 3/4: gaincal → /Users/raj030/DATA/gmrt_40_014/work/casa_selfcal/3c468.1_scan06_stk1/3c468p1_int0195/3c468p1_int0195_sc3.gcal
[2026-05-22 11:41:56] [selfcal]   Cycle 3/4: applycal
[2026-05-22 11:41:56] [selfcal]   Cycle 3/4: exported /Users/raj030/DATA/gmrt_40_014/work/casa_selfcal/3c468.1_scan06_stk1/3c468p1_int0195/3c468p1_int0195_sc3.fits
[2026-05-22 11:41:56] [selfcal]   Cycle 3/4: elapsed 11.25s
[2026-05-22 11:41:56] [selfcal]   Cycle 4/4: tclean niter=6000  img_uvrange=''  cal_uvrange=''  scales=[]
[2026-05-22 11:42:27] [selfcal]   Cycle 4/4: gaincal → /Users/raj030/DATA/gmrt_40_014/work/casa_selfcal/3c468.1_scan06_stk1/3c468p1_int0195/3c468p1_int0195_sc4.gcal
[2026-05-22 11:42:28] [selfcal]   Cycle 4/4: applycal
[2026-05-22 11:42:28] [selfcal]   Cycle 4/4: exported /Users/raj030/DATA/gmrt_40_014/work/casa_selfcal/3c468.1_scan06_stk1/3c468p1_int0195/3c468p1_int0195_sc4.fits
[2026-05-22 11:42:28] [selfcal]   Cycle 4/4: elapsed 31.17s
[2026-05-22 11:42:28] [selfcal]   Final image: niter=10000  uvrange=''
[2026-05-22 11:43:20] [selfcal]   Exported: /Users/raj030/DATA/gmrt_40_014/work/casa_selfcal/3c468.1_scan06_stk1/3c468p1_int0195/3c468p1_int0195_final.fits
[2026-05-22 11:43:20] [selfcal]   Final image: elapsed 52.00s
[2026-05-22 11:43:20] [selfcal] === Stack done start_idx=195  elapsed 1m43.73s ===
[2026-05-22 11:43:20] [selfcal] === Stack start_idx=196  n=1  JD=2459421.397832..2459421.397832  timerange=2021/07/25/21:32:48~2021/07/25/21:32:56 ===
[2026-05-22 11:43:20] [selfcal]   3C468.1 at RA=357.7289°  Dec=64.6716°  offset=0.00arcmin from field centre  (image half-width=12.8arcmin)
[2026-05-22 11:43:20] [selfcal]   target-mode: fixed-target
[2026-05-22 11:43:20] [selfcal]   mask: <disabled by --no-mask>
[2026-05-22 11:43:20] [selfcal]   tclean phasecenter: DISABLED (using MS native phase centre)
[2026-05-22 11:43:20] [selfcal]   Cycle 1/4: tclean niter=300  img_uvrange=''  cal_uvrange=''  scales=[]
[2026-05-22 11:43:23] [selfcal]   Cycle 1/4: gaincal → /Users/raj030/DATA/gmrt_40_014/work/casa_selfcal/3c468.1_scan06_stk1/3c468p1_int0196/3c468p1_int0196_sc1.gcal
[2026-05-22 11:43:23] [selfcal]   Cycle 1/4: applycal
[2026-05-22 11:43:23] [selfcal]   Cycle 1/4: exported /Users/raj030/DATA/gmrt_40_014/work/casa_selfcal/3c468.1_scan06_stk1/3c468p1_int0196/3c468p1_int0196_sc1.fits
[2026-05-22 11:43:23] [selfcal]   Cycle 1/4: elapsed 3.09s
[2026-05-22 11:43:23] [selfcal]   Cycle 2/4: tclean niter=1000  img_uvrange=''  cal_uvrange=''  scales=[]
[2026-05-22 11:43:29] [selfcal]   Cycle 2/4: gaincal → /Users/raj030/DATA/gmrt_40_014/work/casa_selfcal/3c468.1_scan06_stk1/3c468p1_int0196/3c468p1_int0196_sc2.gcal
[2026-05-22 11:43:29] [selfcal]   Cycle 2/4: applycal
[2026-05-22 11:43:29] [selfcal]   Cycle 2/4: exported /Users/raj030/DATA/gmrt_40_014/work/casa_selfcal/3c468.1_scan06_stk1/3c468p1_int0196/3c468p1_int0196_sc2.fits
[2026-05-22 11:43:29] [selfcal]   Cycle 2/4: elapsed 6.56s
[2026-05-22 11:43:29] [selfcal]   Cycle 3/4: tclean niter=2000  img_uvrange=''  cal_uvrange=''  scales=[]
[2026-05-22 11:43:41] [selfcal]   Cycle 3/4: gaincal → /Users/raj030/DATA/gmrt_40_014/work/casa_selfcal/3c468.1_scan06_stk1/3c468p1_int0196/3c468p1_int0196_sc3.gcal
[2026-05-22 11:43:41] [selfcal]   Cycle 3/4: applycal
[2026-05-22 11:43:41] [selfcal]   Cycle 3/4: exported /Users/raj030/DATA/gmrt_40_014/work/casa_selfcal/3c468.1_scan06_stk1/3c468p1_int0196/3c468p1_int0196_sc3.fits
[2026-05-22 11:43:41] [selfcal]   Cycle 3/4: elapsed 11.44s
[2026-05-22 11:43:41] [selfcal]   Cycle 4/4: tclean niter=6000  img_uvrange=''  cal_uvrange=''  scales=[]
[2026-05-22 11:44:12] [selfcal]   Cycle 4/4: gaincal → /Users/raj030/DATA/gmrt_40_014/work/casa_selfcal/3c468.1_scan06_stk1/3c468p1_int0196/3c468p1_int0196_sc4.gcal
[2026-05-22 11:44:12] [selfcal]   Cycle 4/4: applycal
[2026-05-22 11:44:12] [selfcal]   Cycle 4/4: exported /Users/raj030/DATA/gmrt_40_014/work/casa_selfcal/3c468.1_scan06_stk1/3c468p1_int0196/3c468p1_int0196_sc4.fits
[2026-05-22 11:44:12] [selfcal]   Cycle 4/4: elapsed 31.21s
[2026-05-22 11:44:12] [selfcal]   Final image: niter=10000  uvrange=''
[2026-05-22 11:45:03] [selfcal]   Exported: /Users/raj030/DATA/gmrt_40_014/work/casa_selfcal/3c468.1_scan06_stk1/3c468p1_int0196/3c468p1_int0196_final.fits
[2026-05-22 11:45:03] [selfcal]   Final image: elapsed 50.93s
[2026-05-22 11:45:03] [selfcal] === Stack done start_idx=196  elapsed 1m43.38s ===
[2026-05-22 11:45:03] [selfcal] === Stack start_idx=197  n=1  JD=2459421.397925..2459421.397925  timerange=2021/07/25/21:32:56~2021/07/25/21:33:04 ===
[2026-05-22 11:45:03] [selfcal]   3C468.1 at RA=357.7289°  Dec=64.6716°  offset=0.00arcmin from field centre  (image half-width=12.8arcmin)
[2026-05-22 11:45:03] [selfcal]   target-mode: fixed-target
[2026-05-22 11:45:03] [selfcal]   mask: <disabled by --no-mask>
[2026-05-22 11:45:03] [selfcal]   tclean phasecenter: DISABLED (using MS native phase centre)
[2026-05-22 11:45:03] [selfcal]   Cycle 1/4: tclean niter=300  img_uvrange=''  cal_uvrange=''  scales=[]
[2026-05-22 11:45:06] [selfcal]   Cycle 1/4: gaincal → /Users/raj030/DATA/gmrt_40_014/work/casa_selfcal/3c468.1_scan06_stk1/3c468p1_int0197/3c468p1_int0197_sc1.gcal
[2026-05-22 11:45:06] [selfcal]   Cycle 1/4: applycal
[2026-05-22 11:45:06] [selfcal]   Cycle 1/4: exported /Users/raj030/DATA/gmrt_40_014/work/casa_selfcal/3c468.1_scan06_stk1/3c468p1_int0197/3c468p1_int0197_sc1.fits
[2026-05-22 11:45:06] [selfcal]   Cycle 1/4: elapsed 2.86s
[2026-05-22 11:45:06] [selfcal]   Cycle 2/4: tclean niter=1000  img_uvrange=''  cal_uvrange=''  scales=[]
[2026-05-22 11:45:12] [selfcal]   Cycle 2/4: gaincal → /Users/raj030/DATA/gmrt_40_014/work/casa_selfcal/3c468.1_scan06_stk1/3c468p1_int0197/3c468p1_int0197_sc2.gcal
[2026-05-22 11:45:12] [selfcal]   Cycle 2/4: applycal
[2026-05-22 11:45:12] [selfcal]   Cycle 2/4: exported /Users/raj030/DATA/gmrt_40_014/work/casa_selfcal/3c468.1_scan06_stk1/3c468p1_int0197/3c468p1_int0197_sc2.fits
[2026-05-22 11:45:12] [selfcal]   Cycle 2/4: elapsed 6.32s
[2026-05-22 11:45:12] [selfcal]   Cycle 3/4: tclean niter=2000  img_uvrange=''  cal_uvrange=''  scales=[]
[2026-05-22 11:45:23] [selfcal]   Cycle 3/4: gaincal → /Users/raj030/DATA/gmrt_40_014/work/casa_selfcal/3c468.1_scan06_stk1/3c468p1_int0197/3c468p1_int0197_sc3.gcal
[2026-05-22 11:45:24] [selfcal]   Cycle 3/4: applycal
[2026-05-22 11:45:24] [selfcal]   Cycle 3/4: exported /Users/raj030/DATA/gmrt_40_014/work/casa_selfcal/3c468.1_scan06_stk1/3c468p1_int0197/3c468p1_int0197_sc3.fits
[2026-05-22 11:45:24] [selfcal]   Cycle 3/4: elapsed 11.29s
[2026-05-22 11:45:24] [selfcal]   Cycle 4/4: tclean niter=6000  img_uvrange=''  cal_uvrange=''  scales=[]
[2026-05-22 11:45:55] [selfcal]   Cycle 4/4: gaincal → /Users/raj030/DATA/gmrt_40_014/work/casa_selfcal/3c468.1_scan06_stk1/3c468p1_int0197/3c468p1_int0197_sc4.gcal
[2026-05-22 11:45:55] [selfcal]   Cycle 4/4: applycal
[2026-05-22 11:45:55] [selfcal]   Cycle 4/4: exported /Users/raj030/DATA/gmrt_40_014/work/casa_selfcal/3c468.1_scan06_stk1/3c468p1_int0197/3c468p1_int0197_sc4.fits
[2026-05-22 11:45:55] [selfcal]   Cycle 4/4: elapsed 31.18s
[2026-05-22 11:45:55] [selfcal]   Final image: niter=10000  uvrange=''
[2026-05-22 11:46:45] [selfcal]   Exported: /Users/raj030/DATA/gmrt_40_014/work/casa_selfcal/3c468.1_scan06_stk1/3c468p1_int0197/3c468p1_int0197_final.fits
[2026-05-22 11:46:45] [selfcal]   Final image: elapsed 50.67s
[2026-05-22 11:46:45] [selfcal] === Stack done start_idx=197  elapsed 1m42.45s ===
[2026-05-22 11:46:45] [selfcal] === Stack start_idx=198  n=1  JD=2459421.398018..2459421.398018  timerange=2021/07/25/21:33:04~2021/07/25/21:33:12 ===
[2026-05-22 11:46:46] [selfcal]   3C468.1 at RA=357.7289°  Dec=64.6716°  offset=0.00arcmin from field centre  (image half-width=12.8arcmin)
[2026-05-22 11:46:46] [selfcal]   target-mode: fixed-target
[2026-05-22 11:46:46] [selfcal]   mask: <disabled by --no-mask>
[2026-05-22 11:46:46] [selfcal]   tclean phasecenter: DISABLED (using MS native phase centre)
[2026-05-22 11:46:46] [selfcal]   Cycle 1/4: tclean niter=300  img_uvrange=''  cal_uvrange=''  scales=[]
[2026-05-22 11:46:48] [selfcal]   Cycle 1/4: gaincal → /Users/raj030/DATA/gmrt_40_014/work/casa_selfcal/3c468.1_scan06_stk1/3c468p1_int0198/3c468p1_int0198_sc1.gcal
[2026-05-22 11:46:48] [selfcal]   Cycle 1/4: applycal
[2026-05-22 11:46:48] [selfcal]   Cycle 1/4: exported /Users/raj030/DATA/gmrt_40_014/work/casa_selfcal/3c468.1_scan06_stk1/3c468p1_int0198/3c468p1_int0198_sc1.fits
[2026-05-22 11:46:48] [selfcal]   Cycle 1/4: elapsed 2.83s
[2026-05-22 11:46:48] [selfcal]   Cycle 2/4: tclean niter=1000  img_uvrange=''  cal_uvrange=''  scales=[]
[2026-05-22 11:46:55] [selfcal]   Cycle 2/4: gaincal → /Users/raj030/DATA/gmrt_40_014/work/casa_selfcal/3c468.1_scan06_stk1/3c468p1_int0198/3c468p1_int0198_sc2.gcal
[2026-05-22 11:46:55] [selfcal]   Cycle 2/4: applycal
[2026-05-22 11:46:55] [selfcal]   Cycle 2/4: exported /Users/raj030/DATA/gmrt_40_014/work/casa_selfcal/3c468.1_scan06_stk1/3c468p1_int0198/3c468p1_int0198_sc2.fits
[2026-05-22 11:46:55] [selfcal]   Cycle 2/4: elapsed 6.29s
[2026-05-22 11:46:55] [selfcal]   Cycle 3/4: tclean niter=2000  img_uvrange=''  cal_uvrange=''  scales=[]
[2026-05-22 11:47:06] [selfcal]   Cycle 3/4: gaincal → /Users/raj030/DATA/gmrt_40_014/work/casa_selfcal/3c468.1_scan06_stk1/3c468p1_int0198/3c468p1_int0198_sc3.gcal
[2026-05-22 11:47:06] [selfcal]   Cycle 3/4: applycal
[2026-05-22 11:47:06] [selfcal]   Cycle 3/4: exported /Users/raj030/DATA/gmrt_40_014/work/casa_selfcal/3c468.1_scan06_stk1/3c468p1_int0198/3c468p1_int0198_sc3.fits
[2026-05-22 11:47:06] [selfcal]   Cycle 3/4: elapsed 11.16s
[2026-05-22 11:47:06] [selfcal]   Cycle 4/4: tclean niter=6000  img_uvrange=''  cal_uvrange=''  scales=[]
[2026-05-22 11:47:37] [selfcal]   Cycle 4/4: gaincal → /Users/raj030/DATA/gmrt_40_014/work/casa_selfcal/3c468.1_scan06_stk1/3c468p1_int0198/3c468p1_int0198_sc4.gcal
[2026-05-22 11:47:37] [selfcal]   Cycle 4/4: applycal
[2026-05-22 11:47:37] [selfcal]   Cycle 4/4: exported /Users/raj030/DATA/gmrt_40_014/work/casa_selfcal/3c468.1_scan06_stk1/3c468p1_int0198/3c468p1_int0198_sc4.fits
[2026-05-22 11:47:37] [selfcal]   Cycle 4/4: elapsed 31.25s
[2026-05-22 11:47:37] [selfcal]   Final image: niter=10000  uvrange=''
[2026-05-22 11:48:28] [selfcal]   Exported: /Users/raj030/DATA/gmrt_40_014/work/casa_selfcal/3c468.1_scan06_stk1/3c468p1_int0198/3c468p1_int0198_final.fits
[2026-05-22 11:48:28] [selfcal]   Final image: elapsed 50.48s
[2026-05-22 11:48:28] [selfcal] === Stack done start_idx=198  elapsed 1m42.13s ===
[2026-05-22 11:48:28] [selfcal] === Stack start_idx=199  n=1  JD=2459421.398112..2459421.398112  timerange=2021/07/25/21:33:12~2021/07/25/21:33:20 ===
[2026-05-22 11:48:28] [selfcal]   3C468.1 at RA=357.7289°  Dec=64.6716°  offset=0.00arcmin from field centre  (image half-width=12.8arcmin)
[2026-05-22 11:48:28] [selfcal]   target-mode: fixed-target
[2026-05-22 11:48:28] [selfcal]   mask: <disabled by --no-mask>
[2026-05-22 11:48:28] [selfcal]   tclean phasecenter: DISABLED (using MS native phase centre)
[2026-05-22 11:48:28] [selfcal]   Cycle 1/4: tclean niter=300  img_uvrange=''  cal_uvrange=''  scales=[]
[2026-05-22 11:48:31] [selfcal]   Cycle 1/4: gaincal → /Users/raj030/DATA/gmrt_40_014/work/casa_selfcal/3c468.1_scan06_stk1/3c468p1_int0199/3c468p1_int0199_sc1.gcal
[2026-05-22 11:48:31] [selfcal]   Cycle 1/4: applycal
[2026-05-22 11:48:31] [selfcal]   Cycle 1/4: exported /Users/raj030/DATA/gmrt_40_014/work/casa_selfcal/3c468.1_scan06_stk1/3c468p1_int0199/3c468p1_int0199_sc1.fits
[2026-05-22 11:48:31] [selfcal]   Cycle 1/4: elapsed 3.07s
[2026-05-22 11:48:31] [selfcal]   Cycle 2/4: tclean niter=1000  img_uvrange=''  cal_uvrange=''  scales=[]
[2026-05-22 11:48:37] [selfcal]   Cycle 2/4: gaincal → /Users/raj030/DATA/gmrt_40_014/work/casa_selfcal/3c468.1_scan06_stk1/3c468p1_int0199/3c468p1_int0199_sc2.gcal
[2026-05-22 11:48:37] [selfcal]   Cycle 2/4: applycal
[2026-05-22 11:48:37] [selfcal]   Cycle 2/4: exported /Users/raj030/DATA/gmrt_40_014/work/casa_selfcal/3c468.1_scan06_stk1/3c468p1_int0199/3c468p1_int0199_sc2.fits
[2026-05-22 11:48:37] [selfcal]   Cycle 2/4: elapsed 6.67s
[2026-05-22 11:48:37] [selfcal]   Cycle 3/4: tclean niter=2000  img_uvrange=''  cal_uvrange=''  scales=[]
[2026-05-22 11:48:49] [selfcal]   Cycle 3/4: gaincal → /Users/raj030/DATA/gmrt_40_014/work/casa_selfcal/3c468.1_scan06_stk1/3c468p1_int0199/3c468p1_int0199_sc3.gcal
[2026-05-22 11:48:49] [selfcal]   Cycle 3/4: applycal
[2026-05-22 11:48:49] [selfcal]   Cycle 3/4: exported /Users/raj030/DATA/gmrt_40_014/work/casa_selfcal/3c468.1_scan06_stk1/3c468p1_int0199/3c468p1_int0199_sc3.fits
[2026-05-22 11:48:49] [selfcal]   Cycle 3/4: elapsed 11.35s
[2026-05-22 11:48:49] [selfcal]   Cycle 4/4: tclean niter=6000  img_uvrange=''  cal_uvrange=''  scales=[]
[2026-05-22 11:49:20] [selfcal]   Cycle 4/4: gaincal → /Users/raj030/DATA/gmrt_40_014/work/casa_selfcal/3c468.1_scan06_stk1/3c468p1_int0199/3c468p1_int0199_sc4.gcal
[2026-05-22 11:49:20] [selfcal]   Cycle 4/4: applycal
[2026-05-22 11:49:20] [selfcal]   Cycle 4/4: exported /Users/raj030/DATA/gmrt_40_014/work/casa_selfcal/3c468.1_scan06_stk1/3c468p1_int0199/3c468p1_int0199_sc4.fits
[2026-05-22 11:49:20] [selfcal]   Cycle 4/4: elapsed 31.53s
[2026-05-22 11:49:20] [selfcal]   Final image: niter=10000  uvrange=''
[2026-05-22 11:50:11] [selfcal]   Exported: /Users/raj030/DATA/gmrt_40_014/work/casa_selfcal/3c468.1_scan06_stk1/3c468p1_int0199/3c468p1_int0199_final.fits
[2026-05-22 11:50:11] [selfcal]   Final image: elapsed 50.93s
[2026-05-22 11:50:11] [selfcal] === Stack done start_idx=199  elapsed 1m43.68s ===
[2026-05-22 11:50:11] [selfcal] === Stack start_idx=200  n=1  JD=2459421.398205..2459421.398205  timerange=2021/07/25/21:33:20~2021/07/25/21:33:28 ===
[2026-05-22 11:50:11] [selfcal]   3C468.1 at RA=357.7289°  Dec=64.6716°  offset=0.00arcmin from field centre  (image half-width=12.8arcmin)
[2026-05-22 11:50:11] [selfcal]   target-mode: fixed-target
[2026-05-22 11:50:11] [selfcal]   mask: <disabled by --no-mask>
[2026-05-22 11:50:11] [selfcal]   tclean phasecenter: DISABLED (using MS native phase centre)
[2026-05-22 11:50:11] [selfcal]   Cycle 1/4: tclean niter=300  img_uvrange=''  cal_uvrange=''  scales=[]
[2026-05-22 11:50:14] [selfcal]   Cycle 1/4: gaincal → /Users/raj030/DATA/gmrt_40_014/work/casa_selfcal/3c468.1_scan06_stk1/3c468p1_int0200/3c468p1_int0200_sc1.gcal
[2026-05-22 11:50:14] [selfcal]   Cycle 1/4: applycal
[2026-05-22 11:50:14] [selfcal]   Cycle 1/4: exported /Users/raj030/DATA/gmrt_40_014/work/casa_selfcal/3c468.1_scan06_stk1/3c468p1_int0200/3c468p1_int0200_sc1.fits
[2026-05-22 11:50:14] [selfcal]   Cycle 1/4: elapsed 2.94s
[2026-05-22 11:50:14] [selfcal]   Cycle 2/4: tclean niter=1000  img_uvrange=''  cal_uvrange=''  scales=[]
[2026-05-22 11:50:21] [selfcal]   Cycle 2/4: gaincal → /Users/raj030/DATA/gmrt_40_014/work/casa_selfcal/3c468.1_scan06_stk1/3c468p1_int0200/3c468p1_int0200_sc2.gcal
[2026-05-22 11:50:21] [selfcal]   Cycle 2/4: applycal
[2026-05-22 11:50:21] [selfcal]   Cycle 2/4: exported /Users/raj030/DATA/gmrt_40_014/work/casa_selfcal/3c468.1_scan06_stk1/3c468p1_int0200/3c468p1_int0200_sc2.fits
[2026-05-22 11:50:21] [selfcal]   Cycle 2/4: elapsed 6.42s
[2026-05-22 11:50:21] [selfcal]   Cycle 3/4: tclean niter=2000  img_uvrange=''  cal_uvrange=''  scales=[]
[2026-05-22 11:50:32] [selfcal]   Cycle 3/4: gaincal → /Users/raj030/DATA/gmrt_40_014/work/casa_selfcal/3c468.1_scan06_stk1/3c468p1_int0200/3c468p1_int0200_sc3.gcal
[2026-05-22 11:50:32] [selfcal]   Cycle 3/4: applycal
[2026-05-22 11:50:32] [selfcal]   Cycle 3/4: exported /Users/raj030/DATA/gmrt_40_014/work/casa_selfcal/3c468.1_scan06_stk1/3c468p1_int0200/3c468p1_int0200_sc3.fits
[2026-05-22 11:50:32] [selfcal]   Cycle 3/4: elapsed 11.33s
[2026-05-22 11:50:32] [selfcal]   Cycle 4/4: tclean niter=6000  img_uvrange=''  cal_uvrange=''  scales=[]
[2026-05-22 11:51:03] [selfcal]   Cycle 4/4: gaincal → /Users/raj030/DATA/gmrt_40_014/work/casa_selfcal/3c468.1_scan06_stk1/3c468p1_int0200/3c468p1_int0200_sc4.gcal
[2026-05-22 11:51:03] [selfcal]   Cycle 4/4: applycal
[2026-05-22 11:51:03] [selfcal]   Cycle 4/4: exported /Users/raj030/DATA/gmrt_40_014/work/casa_selfcal/3c468.1_scan06_stk1/3c468p1_int0200/3c468p1_int0200_sc4.fits
[2026-05-22 11:51:03] [selfcal]   Cycle 4/4: elapsed 31.33s
[2026-05-22 11:51:03] [selfcal]   Final image: niter=10000  uvrange=''
[2026-05-22 11:51:55] [selfcal]   Exported: /Users/raj030/DATA/gmrt_40_014/work/casa_selfcal/3c468.1_scan06_stk1/3c468p1_int0200/3c468p1_int0200_final.fits
[2026-05-22 11:51:55] [selfcal]   Final image: elapsed 51.21s
[2026-05-22 11:51:55] [selfcal] === Stack done start_idx=200  elapsed 1m43.37s ===
[2026-05-22 11:51:55] [selfcal] === Stack start_idx=201  n=1  JD=2459421.398298..2459421.398298  timerange=2021/07/25/21:33:28~2021/07/25/21:33:36 ===
[2026-05-22 11:51:55] [selfcal]   3C468.1 at RA=357.7289°  Dec=64.6716°  offset=0.00arcmin from field centre  (image half-width=12.8arcmin)
[2026-05-22 11:51:55] [selfcal]   target-mode: fixed-target
[2026-05-22 11:51:55] [selfcal]   mask: <disabled by --no-mask>
[2026-05-22 11:51:55] [selfcal]   tclean phasecenter: DISABLED (using MS native phase centre)
[2026-05-22 11:51:55] [selfcal]   Cycle 1/4: tclean niter=300  img_uvrange=''  cal_uvrange=''  scales=[]
[2026-05-22 11:51:57] [selfcal]   Cycle 1/4: gaincal → /Users/raj030/DATA/gmrt_40_014/work/casa_selfcal/3c468.1_scan06_stk1/3c468p1_int0201/3c468p1_int0201_sc1.gcal
[2026-05-22 11:51:58] [selfcal]   Cycle 1/4: applycal
[2026-05-22 11:51:58] [selfcal]   Cycle 1/4: exported /Users/raj030/DATA/gmrt_40_014/work/casa_selfcal/3c468.1_scan06_stk1/3c468p1_int0201/3c468p1_int0201_sc1.fits
[2026-05-22 11:51:58] [selfcal]   Cycle 1/4: elapsed 2.90s
[2026-05-22 11:51:58] [selfcal]   Cycle 2/4: tclean niter=1000  img_uvrange=''  cal_uvrange=''  scales=[]
[2026-05-22 11:52:04] [selfcal]   Cycle 2/4: gaincal → /Users/raj030/DATA/gmrt_40_014/work/casa_selfcal/3c468.1_scan06_stk1/3c468p1_int0201/3c468p1_int0201_sc2.gcal
[2026-05-22 11:52:04] [selfcal]   Cycle 2/4: applycal
[2026-05-22 11:52:04] [selfcal]   Cycle 2/4: exported /Users/raj030/DATA/gmrt_40_014/work/casa_selfcal/3c468.1_scan06_stk1/3c468p1_int0201/3c468p1_int0201_sc2.fits
[2026-05-22 11:52:04] [selfcal]   Cycle 2/4: elapsed 6.31s
[2026-05-22 11:52:04] [selfcal]   Cycle 3/4: tclean niter=2000  img_uvrange=''  cal_uvrange=''  scales=[]
[2026-05-22 11:52:15] [selfcal]   Cycle 3/4: gaincal → /Users/raj030/DATA/gmrt_40_014/work/casa_selfcal/3c468.1_scan06_stk1/3c468p1_int0201/3c468p1_int0201_sc3.gcal
[2026-05-22 11:52:15] [selfcal]   Cycle 3/4: applycal
[2026-05-22 11:52:15] [selfcal]   Cycle 3/4: exported /Users/raj030/DATA/gmrt_40_014/work/casa_selfcal/3c468.1_scan06_stk1/3c468p1_int0201/3c468p1_int0201_sc3.fits
[2026-05-22 11:52:15] [selfcal]   Cycle 3/4: elapsed 11.45s
[2026-05-22 11:52:15] [selfcal]   Cycle 4/4: tclean niter=6000  img_uvrange=''  cal_uvrange=''  scales=[]
[2026-05-22 11:52:47] [selfcal]   Cycle 4/4: gaincal → /Users/raj030/DATA/gmrt_40_014/work/casa_selfcal/3c468.1_scan06_stk1/3c468p1_int0201/3c468p1_int0201_sc4.gcal
[2026-05-22 11:52:47] [selfcal]   Cycle 4/4: applycal
[2026-05-22 11:52:47] [selfcal]   Cycle 4/4: exported /Users/raj030/DATA/gmrt_40_014/work/casa_selfcal/3c468.1_scan06_stk1/3c468p1_int0201/3c468p1_int0201_sc4.fits
[2026-05-22 11:52:47] [selfcal]   Cycle 4/4: elapsed 31.76s
[2026-05-22 11:52:47] [selfcal]   Final image: niter=10000  uvrange=''
[2026-05-22 11:53:39] [selfcal]   Exported: /Users/raj030/DATA/gmrt_40_014/work/casa_selfcal/3c468.1_scan06_stk1/3c468p1_int0201/3c468p1_int0201_final.fits
[2026-05-22 11:53:39] [selfcal]   Final image: elapsed 51.52s
[2026-05-22 11:53:39] [selfcal] === Stack done start_idx=201  elapsed 1m44.06s ===
[2026-05-22 11:53:39] [selfcal] === Stack start_idx=202  n=1  JD=2459421.398391..2459421.398391  timerange=2021/07/25/21:33:37~2021/07/25/21:33:45 ===
[2026-05-22 11:53:39] [selfcal]   3C468.1 at RA=357.7289°  Dec=64.6716°  offset=0.00arcmin from field centre  (image half-width=12.8arcmin)
[2026-05-22 11:53:39] [selfcal]   target-mode: fixed-target
[2026-05-22 11:53:39] [selfcal]   mask: <disabled by --no-mask>
[2026-05-22 11:53:39] [selfcal]   tclean phasecenter: DISABLED (using MS native phase centre)
[2026-05-22 11:53:39] [selfcal]   Cycle 1/4: tclean niter=300  img_uvrange=''  cal_uvrange=''  scales=[]
[2026-05-22 11:53:42] [selfcal]   Cycle 1/4: gaincal → /Users/raj030/DATA/gmrt_40_014/work/casa_selfcal/3c468.1_scan06_stk1/3c468p1_int0202/3c468p1_int0202_sc1.gcal
[2026-05-22 11:53:42] [selfcal]   Cycle 1/4: applycal
[2026-05-22 11:53:42] [selfcal]   Cycle 1/4: exported /Users/raj030/DATA/gmrt_40_014/work/casa_selfcal/3c468.1_scan06_stk1/3c468p1_int0202/3c468p1_int0202_sc1.fits
[2026-05-22 11:53:42] [selfcal]   Cycle 1/4: elapsed 2.91s
[2026-05-22 11:53:42] [selfcal]   Cycle 2/4: tclean niter=1000  img_uvrange=''  cal_uvrange=''  scales=[]
[2026-05-22 11:53:48] [selfcal]   Cycle 2/4: gaincal → /Users/raj030/DATA/gmrt_40_014/work/casa_selfcal/3c468.1_scan06_stk1/3c468p1_int0202/3c468p1_int0202_sc2.gcal
[2026-05-22 11:53:48] [selfcal]   Cycle 2/4: applycal
[2026-05-22 11:53:48] [selfcal]   Cycle 2/4: exported /Users/raj030/DATA/gmrt_40_014/work/casa_selfcal/3c468.1_scan06_stk1/3c468p1_int0202/3c468p1_int0202_sc2.fits
[2026-05-22 11:53:48] [selfcal]   Cycle 2/4: elapsed 6.38s
[2026-05-22 11:53:48] [selfcal]   Cycle 3/4: tclean niter=2000  img_uvrange=''  cal_uvrange=''  scales=[]
[2026-05-22 11:53:59] [selfcal]   Cycle 3/4: gaincal → /Users/raj030/DATA/gmrt_40_014/work/casa_selfcal/3c468.1_scan06_stk1/3c468p1_int0202/3c468p1_int0202_sc3.gcal
[2026-05-22 11:53:59] [selfcal]   Cycle 3/4: applycal
[2026-05-22 11:53:59] [selfcal]   Cycle 3/4: exported /Users/raj030/DATA/gmrt_40_014/work/casa_selfcal/3c468.1_scan06_stk1/3c468p1_int0202/3c468p1_int0202_sc3.fits
[2026-05-22 11:53:59] [selfcal]   Cycle 3/4: elapsed 11.33s
[2026-05-22 11:53:59] [selfcal]   Cycle 4/4: tclean niter=6000  img_uvrange=''  cal_uvrange=''  scales=[]
[2026-05-22 11:54:31] [selfcal]   Cycle 4/4: gaincal → /Users/raj030/DATA/gmrt_40_014/work/casa_selfcal/3c468.1_scan06_stk1/3c468p1_int0202/3c468p1_int0202_sc4.gcal
[2026-05-22 11:54:31] [selfcal]   Cycle 4/4: applycal
[2026-05-22 11:54:31] [selfcal]   Cycle 4/4: exported /Users/raj030/DATA/gmrt_40_014/work/casa_selfcal/3c468.1_scan06_stk1/3c468p1_int0202/3c468p1_int0202_sc4.fits
[2026-05-22 11:54:31] [selfcal]   Cycle 4/4: elapsed 31.32s
[2026-05-22 11:54:31] [selfcal]   Final image: niter=10000  uvrange=''
[2026-05-22 11:55:22] [selfcal]   Exported: /Users/raj030/DATA/gmrt_40_014/work/casa_selfcal/3c468.1_scan06_stk1/3c468p1_int0202/3c468p1_int0202_final.fits
[2026-05-22 11:55:22] [selfcal]   Final image: elapsed 51.39s
[2026-05-22 11:55:22] [selfcal] === Stack done start_idx=202  elapsed 1m43.47s ===
[2026-05-22 11:55:22] [selfcal] === Stack start_idx=203  n=1  JD=2459421.398484..2459421.398484  timerange=2021/07/25/21:33:45~2021/07/25/21:33:53 ===
[2026-05-22 11:55:22] [selfcal]   3C468.1 at RA=357.7289°  Dec=64.6716°  offset=0.00arcmin from field centre  (image half-width=12.8arcmin)
[2026-05-22 11:55:22] [selfcal]   target-mode: fixed-target
[2026-05-22 11:55:22] [selfcal]   mask: <disabled by --no-mask>
[2026-05-22 11:55:22] [selfcal]   tclean phasecenter: DISABLED (using MS native phase centre)
[2026-05-22 11:55:22] [selfcal]   Cycle 1/4: tclean niter=300  img_uvrange=''  cal_uvrange=''  scales=[]
[2026-05-22 11:55:25] [selfcal]   Cycle 1/4: gaincal → /Users/raj030/DATA/gmrt_40_014/work/casa_selfcal/3c468.1_scan06_stk1/3c468p1_int0203/3c468p1_int0203_sc1.gcal
[2026-05-22 11:55:25] [selfcal]   Cycle 1/4: applycal
[2026-05-22 11:55:25] [selfcal]   Cycle 1/4: exported /Users/raj030/DATA/gmrt_40_014/work/casa_selfcal/3c468.1_scan06_stk1/3c468p1_int0203/3c468p1_int0203_sc1.fits
[2026-05-22 11:55:25] [selfcal]   Cycle 1/4: elapsed 2.99s
[2026-05-22 11:55:25] [selfcal]   Cycle 2/4: tclean niter=1000  img_uvrange=''  cal_uvrange=''  scales=[]
[2026-05-22 11:55:32] [selfcal]   Cycle 2/4: gaincal → /Users/raj030/DATA/gmrt_40_014/work/casa_selfcal/3c468.1_scan06_stk1/3c468p1_int0203/3c468p1_int0203_sc2.gcal
[2026-05-22 11:55:32] [selfcal]   Cycle 2/4: applycal
[2026-05-22 11:55:32] [selfcal]   Cycle 2/4: exported /Users/raj030/DATA/gmrt_40_014/work/casa_selfcal/3c468.1_scan06_stk1/3c468p1_int0203/3c468p1_int0203_sc2.fits
[2026-05-22 11:55:32] [selfcal]   Cycle 2/4: elapsed 6.40s
[2026-05-22 11:55:32] [selfcal]   Cycle 3/4: tclean niter=2000  img_uvrange=''  cal_uvrange=''  scales=[]
[2026-05-22 11:55:43] [selfcal]   Cycle 3/4: gaincal → /Users/raj030/DATA/gmrt_40_014/work/casa_selfcal/3c468.1_scan06_stk1/3c468p1_int0203/3c468p1_int0203_sc3.gcal
[2026-05-22 11:55:43] [selfcal]   Cycle 3/4: applycal
[2026-05-22 11:55:43] [selfcal]   Cycle 3/4: exported /Users/raj030/DATA/gmrt_40_014/work/casa_selfcal/3c468.1_scan06_stk1/3c468p1_int0203/3c468p1_int0203_sc3.fits
[2026-05-22 11:55:43] [selfcal]   Cycle 3/4: elapsed 11.55s
[2026-05-22 11:55:43] [selfcal]   Cycle 4/4: tclean niter=6000  img_uvrange=''  cal_uvrange=''  scales=[]
[2026-05-22 11:56:15] [selfcal]   Cycle 4/4: gaincal → /Users/raj030/DATA/gmrt_40_014/work/casa_selfcal/3c468.1_scan06_stk1/3c468p1_int0203/3c468p1_int0203_sc4.gcal
[2026-05-22 11:56:15] [selfcal]   Cycle 4/4: applycal
[2026-05-22 11:56:15] [selfcal]   Cycle 4/4: exported /Users/raj030/DATA/gmrt_40_014/work/casa_selfcal/3c468.1_scan06_stk1/3c468p1_int0203/3c468p1_int0203_sc4.fits
[2026-05-22 11:56:15] [selfcal]   Cycle 4/4: elapsed 31.69s
[2026-05-22 11:56:15] [selfcal]   Final image: niter=10000  uvrange=''
[2026-05-22 11:57:06] [selfcal]   Exported: /Users/raj030/DATA/gmrt_40_014/work/casa_selfcal/3c468.1_scan06_stk1/3c468p1_int0203/3c468p1_int0203_final.fits
[2026-05-22 11:57:06] [selfcal]   Final image: elapsed 51.06s
[2026-05-22 11:57:06] [selfcal] === Stack done start_idx=203  elapsed 1m43.83s ===
[2026-05-22 11:57:06] [selfcal] === Stack start_idx=204  n=1  JD=2459421.398578..2459421.398578  timerange=2021/07/25/21:33:53~2021/07/25/21:34:01 ===
[2026-05-22 11:57:06] [selfcal]   3C468.1 at RA=357.7289°  Dec=64.6716°  offset=0.00arcmin from field centre  (image half-width=12.8arcmin)
[2026-05-22 11:57:06] [selfcal]   target-mode: fixed-target
[2026-05-22 11:57:06] [selfcal]   mask: <disabled by --no-mask>
[2026-05-22 11:57:06] [selfcal]   tclean phasecenter: DISABLED (using MS native phase centre)
[2026-05-22 11:57:06] [selfcal]   Cycle 1/4: tclean niter=300  img_uvrange=''  cal_uvrange=''  scales=[]
[2026-05-22 11:57:09] [selfcal]   Cycle 1/4: gaincal → /Users/raj030/DATA/gmrt_40_014/work/casa_selfcal/3c468.1_scan06_stk1/3c468p1_int0204/3c468p1_int0204_sc1.gcal
[2026-05-22 11:57:09] [selfcal]   Cycle 1/4: applycal
[2026-05-22 11:57:09] [selfcal]   Cycle 1/4: exported /Users/raj030/DATA/gmrt_40_014/work/casa_selfcal/3c468.1_scan06_stk1/3c468p1_int0204/3c468p1_int0204_sc1.fits
[2026-05-22 11:57:09] [selfcal]   Cycle 1/4: elapsed 2.93s
[2026-05-22 11:57:09] [selfcal]   Cycle 2/4: tclean niter=1000  img_uvrange=''  cal_uvrange=''  scales=[]
[2026-05-22 11:57:15] [selfcal]   Cycle 2/4: gaincal → /Users/raj030/DATA/gmrt_40_014/work/casa_selfcal/3c468.1_scan06_stk1/3c468p1_int0204/3c468p1_int0204_sc2.gcal
[2026-05-22 11:57:15] [selfcal]   Cycle 2/4: applycal
[2026-05-22 11:57:15] [selfcal]   Cycle 2/4: exported /Users/raj030/DATA/gmrt_40_014/work/casa_selfcal/3c468.1_scan06_stk1/3c468p1_int0204/3c468p1_int0204_sc2.fits
[2026-05-22 11:57:15] [selfcal]   Cycle 2/4: elapsed 6.38s
[2026-05-22 11:57:15] [selfcal]   Cycle 3/4: tclean niter=2000  img_uvrange=''  cal_uvrange=''  scales=[]
[2026-05-22 11:57:27] [selfcal]   Cycle 3/4: gaincal → /Users/raj030/DATA/gmrt_40_014/work/casa_selfcal/3c468.1_scan06_stk1/3c468p1_int0204/3c468p1_int0204_sc3.gcal
[2026-05-22 11:57:27] [selfcal]   Cycle 3/4: applycal
[2026-05-22 11:57:27] [selfcal]   Cycle 3/4: exported /Users/raj030/DATA/gmrt_40_014/work/casa_selfcal/3c468.1_scan06_stk1/3c468p1_int0204/3c468p1_int0204_sc3.fits
[2026-05-22 11:57:27] [selfcal]   Cycle 3/4: elapsed 11.36s
[2026-05-22 11:57:27] [selfcal]   Cycle 4/4: tclean niter=6000  img_uvrange=''  cal_uvrange=''  scales=[]
[2026-05-22 11:57:58] [selfcal]   Cycle 4/4: gaincal → /Users/raj030/DATA/gmrt_40_014/work/casa_selfcal/3c468.1_scan06_stk1/3c468p1_int0204/3c468p1_int0204_sc4.gcal
[2026-05-22 11:57:58] [selfcal]   Cycle 4/4: applycal
[2026-05-22 11:57:58] [selfcal]   Cycle 4/4: exported /Users/raj030/DATA/gmrt_40_014/work/casa_selfcal/3c468.1_scan06_stk1/3c468p1_int0204/3c468p1_int0204_sc4.fits
[2026-05-22 11:57:58] [selfcal]   Cycle 4/4: elapsed 31.37s
[2026-05-22 11:57:58] [selfcal]   Final image: niter=10000  uvrange=''
[2026-05-22 11:58:49] [selfcal]   Exported: /Users/raj030/DATA/gmrt_40_014/work/casa_selfcal/3c468.1_scan06_stk1/3c468p1_int0204/3c468p1_int0204_final.fits
[2026-05-22 11:58:49] [selfcal]   Final image: elapsed 51.23s
[2026-05-22 11:58:49] [selfcal] === Stack done start_idx=204  elapsed 1m43.40s ===
[2026-05-22 11:58:49] [selfcal] === Stack start_idx=205  n=1  JD=2459421.398671..2459421.398671  timerange=2021/07/25/21:34:01~2021/07/25/21:34:09 ===
[2026-05-22 11:58:50] [selfcal]   3C468.1 at RA=357.7289°  Dec=64.6716°  offset=0.00arcmin from field centre  (image half-width=12.8arcmin)
[2026-05-22 11:58:50] [selfcal]   target-mode: fixed-target
[2026-05-22 11:58:50] [selfcal]   mask: <disabled by --no-mask>
[2026-05-22 11:58:50] [selfcal]   tclean phasecenter: DISABLED (using MS native phase centre)
[2026-05-22 11:58:50] [selfcal]   Cycle 1/4: tclean niter=300  img_uvrange=''  cal_uvrange=''  scales=[]
[2026-05-22 11:58:52] [selfcal]   Cycle 1/4: gaincal → /Users/raj030/DATA/gmrt_40_014/work/casa_selfcal/3c468.1_scan06_stk1/3c468p1_int0205/3c468p1_int0205_sc1.gcal
[2026-05-22 11:58:52] [selfcal]   Cycle 1/4: applycal
[2026-05-22 11:58:52] [selfcal]   Cycle 1/4: exported /Users/raj030/DATA/gmrt_40_014/work/casa_selfcal/3c468.1_scan06_stk1/3c468p1_int0205/3c468p1_int0205_sc1.fits
[2026-05-22 11:58:52] [selfcal]   Cycle 1/4: elapsed 2.92s
[2026-05-22 11:58:52] [selfcal]   Cycle 2/4: tclean niter=1000  img_uvrange=''  cal_uvrange=''  scales=[]
[2026-05-22 11:58:59] [selfcal]   Cycle 2/4: gaincal → /Users/raj030/DATA/gmrt_40_014/work/casa_selfcal/3c468.1_scan06_stk1/3c468p1_int0205/3c468p1_int0205_sc2.gcal
[2026-05-22 11:58:59] [selfcal]   Cycle 2/4: applycal
[2026-05-22 11:58:59] [selfcal]   Cycle 2/4: exported /Users/raj030/DATA/gmrt_40_014/work/casa_selfcal/3c468.1_scan06_stk1/3c468p1_int0205/3c468p1_int0205_sc2.fits
[2026-05-22 11:58:59] [selfcal]   Cycle 2/4: elapsed 6.42s
[2026-05-22 11:58:59] [selfcal]   Cycle 3/4: tclean niter=2000  img_uvrange=''  cal_uvrange=''  scales=[]
[2026-05-22 11:59:10] [selfcal]   Cycle 3/4: gaincal → /Users/raj030/DATA/gmrt_40_014/work/casa_selfcal/3c468.1_scan06_stk1/3c468p1_int0205/3c468p1_int0205_sc3.gcal
[2026-05-22 11:59:10] [selfcal]   Cycle 3/4: applycal
[2026-05-22 11:59:10] [selfcal]   Cycle 3/4: exported /Users/raj030/DATA/gmrt_40_014/work/casa_selfcal/3c468.1_scan06_stk1/3c468p1_int0205/3c468p1_int0205_sc3.fits
[2026-05-22 11:59:10] [selfcal]   Cycle 3/4: elapsed 11.36s
[2026-05-22 11:59:10] [selfcal]   Cycle 4/4: tclean niter=6000  img_uvrange=''  cal_uvrange=''  scales=[]
[2026-05-22 11:59:41] [selfcal]   Cycle 4/4: gaincal → /Users/raj030/DATA/gmrt_40_014/work/casa_selfcal/3c468.1_scan06_stk1/3c468p1_int0205/3c468p1_int0205_sc4.gcal
[2026-05-22 11:59:42] [selfcal]   Cycle 4/4: applycal
[2026-05-22 11:59:42] [selfcal]   Cycle 4/4: exported /Users/raj030/DATA/gmrt_40_014/work/casa_selfcal/3c468.1_scan06_stk1/3c468p1_int0205/3c468p1_int0205_sc4.fits
[2026-05-22 11:59:42] [selfcal]   Cycle 4/4: elapsed 31.48s
[2026-05-22 11:59:42] [selfcal]   Final image: niter=10000  uvrange=''
[2026-05-22 12:00:33] [selfcal]   Exported: /Users/raj030/DATA/gmrt_40_014/work/casa_selfcal/3c468.1_scan06_stk1/3c468p1_int0205/3c468p1_int0205_final.fits
[2026-05-22 12:00:33] [selfcal]   Final image: elapsed 51.00s
[2026-05-22 12:00:33] [selfcal] === Stack done start_idx=205  elapsed 1m43.30s ===
[2026-05-22 12:00:33] [selfcal] === Stack start_idx=206  n=1  JD=2459421.398764..2459421.398764  timerange=2021/07/25/21:34:09~2021/07/25/21:34:17 ===
[2026-05-22 12:00:33] [selfcal]   3C468.1 at RA=357.7289°  Dec=64.6716°  offset=0.00arcmin from field centre  (image half-width=12.8arcmin)
[2026-05-22 12:00:33] [selfcal]   target-mode: fixed-target
[2026-05-22 12:00:33] [selfcal]   mask: <disabled by --no-mask>
[2026-05-22 12:00:33] [selfcal]   tclean phasecenter: DISABLED (using MS native phase centre)
[2026-05-22 12:00:33] [selfcal]   Cycle 1/4: tclean niter=300  img_uvrange=''  cal_uvrange=''  scales=[]
[2026-05-22 12:00:36] [selfcal]   Cycle 1/4: gaincal → /Users/raj030/DATA/gmrt_40_014/work/casa_selfcal/3c468.1_scan06_stk1/3c468p1_int0206/3c468p1_int0206_sc1.gcal
[2026-05-22 12:00:36] [selfcal]   Cycle 1/4: applycal
[2026-05-22 12:00:36] [selfcal]   Cycle 1/4: exported /Users/raj030/DATA/gmrt_40_014/work/casa_selfcal/3c468.1_scan06_stk1/3c468p1_int0206/3c468p1_int0206_sc1.fits
[2026-05-22 12:00:36] [selfcal]   Cycle 1/4: elapsed 2.92s
[2026-05-22 12:00:36] [selfcal]   Cycle 2/4: tclean niter=1000  img_uvrange=''  cal_uvrange=''  scales=[]
[2026-05-22 12:00:42] [selfcal]   Cycle 2/4: gaincal → /Users/raj030/DATA/gmrt_40_014/work/casa_selfcal/3c468.1_scan06_stk1/3c468p1_int0206/3c468p1_int0206_sc2.gcal
[2026-05-22 12:00:42] [selfcal]   Cycle 2/4: applycal
[2026-05-22 12:00:42] [selfcal]   Cycle 2/4: exported /Users/raj030/DATA/gmrt_40_014/work/casa_selfcal/3c468.1_scan06_stk1/3c468p1_int0206/3c468p1_int0206_sc2.fits
[2026-05-22 12:00:42] [selfcal]   Cycle 2/4: elapsed 6.49s
[2026-05-22 12:00:42] [selfcal]   Cycle 3/4: tclean niter=2000  img_uvrange=''  cal_uvrange=''  scales=[]
[2026-05-22 12:00:54] [selfcal]   Cycle 3/4: gaincal → /Users/raj030/DATA/gmrt_40_014/work/casa_selfcal/3c468.1_scan06_stk1/3c468p1_int0206/3c468p1_int0206_sc3.gcal
[2026-05-22 12:00:54] [selfcal]   Cycle 3/4: applycal
[2026-05-22 12:00:54] [selfcal]   Cycle 3/4: exported /Users/raj030/DATA/gmrt_40_014/work/casa_selfcal/3c468.1_scan06_stk1/3c468p1_int0206/3c468p1_int0206_sc3.fits
[2026-05-22 12:00:54] [selfcal]   Cycle 3/4: elapsed 11.63s
[2026-05-22 12:00:54] [selfcal]   Cycle 4/4: tclean niter=6000  img_uvrange=''  cal_uvrange=''  scales=[]
[2026-05-22 12:01:25] [selfcal]   Cycle 4/4: gaincal → /Users/raj030/DATA/gmrt_40_014/work/casa_selfcal/3c468.1_scan06_stk1/3c468p1_int0206/3c468p1_int0206_sc4.gcal
[2026-05-22 12:01:25] [selfcal]   Cycle 4/4: applycal
[2026-05-22 12:01:25] [selfcal]   Cycle 4/4: exported /Users/raj030/DATA/gmrt_40_014/work/casa_selfcal/3c468.1_scan06_stk1/3c468p1_int0206/3c468p1_int0206_sc4.fits
[2026-05-22 12:01:25] [selfcal]   Cycle 4/4: elapsed 31.30s
[2026-05-22 12:01:25] [selfcal]   Final image: niter=10000  uvrange=''
[2026-05-22 12:02:16] [selfcal]   Exported: /Users/raj030/DATA/gmrt_40_014/work/casa_selfcal/3c468.1_scan06_stk1/3c468p1_int0206/3c468p1_int0206_final.fits
[2026-05-22 12:02:16] [selfcal]   Final image: elapsed 51.30s
[2026-05-22 12:02:16] [selfcal] === Stack done start_idx=206  elapsed 1m43.77s ===
[2026-05-22 12:02:16] [selfcal] Done.  39 stacks processed.
[2026-05-22 12:02:16] [selfcal] Summary: /Users/raj030/DATA/gmrt_40_014/work/casa_selfcal/3c468.1_scan06_stk1/summary.json
swig/python detected a memory leak of type 'casac::coordsys *', no destructor found.
[run-3c468.1-selfcal] Optional movie generation disabled (MAKE_MOVIE_AFTER_SELFCAL=0).

Log: /Users/raj030/DATA/gmrt_40_014/work/logs/run_3c468.1_selfcal_scan06_20260522_103607_p78725_r14090.log
Cmd: /Users/raj030/DATA/gmrt_40_014/work/logs/run_3c468.1_selfcal_scan06_20260522_103607_p78725_r14090.cmd
Outputs: /Users/raj030/DATA/gmrt_40_014/work/casa_selfcal/3c468.1_scan06_stk1
[2026-05-22 12:02:17] STEP 16 DONE  (optional): 3C468.1 selfcal imaging (scan6)
[2026-05-22 12:02:17] STEP 17 START (optional): 3C468.1 post-selfcal artifacts (stack + movie + RMS)
[2026-05-22 12:02:17] COMMAND: env WORK_SELFCAL_ROOT=/Users/raj030/DATA/gmrt_40_014/work/casa_selfcal RUN_ID=20260522_103607_p78725_r14090 SELFCAL_GLOB=3c468.1_scan*_stk* bash /Users/raj030/github-wasimraja81/gmrt_analysis/bin/run_3c468.1_post_selfcal_artifacts.sh
[3c468.1-post] python            : /Users/raj030/github-wasimraja81/gmrt_analysis/gmrt/bin/python
[3c468.1-post] selfcal root       : /Users/raj030/DATA/gmrt_40_014/work/casa_selfcal
[3c468.1-post] selfcal glob       : 3c468.1_scan*_stk*
[3c468.1-post] run id            : 20260522_103607_p78725_r14090
[3c468.1-post] force rebuild      : 0
[3c468.1-post] --- processing: /Users/raj030/DATA/gmrt_40_014/work/casa_selfcal/3c468.1_scan05_stk1
[3c468.1-post] SKIP movie (already exists): /Users/raj030/DATA/gmrt_40_014/work/casa_selfcal/3c468.1_scan05_stk1/3c468.1_selfcal_movie.mp4
[3c468.1-post] SKIP stack (already exists): /Users/raj030/DATA/gmrt_40_014/work/casa_selfcal/3c468.1_scan05_stk1/3c468.1_stack_mean.fits
[3c468.1-post] SKIP RMS progression (already exists): /Users/raj030/DATA/gmrt_40_014/work/casa_selfcal/3c468.1_scan05_stk1/3c468.1_cumulative_rms_evolution.png
[3c468.1-diag] no rows matched requested selection
[2026-05-22 12:02:20] WARNING: optional step failed (exit=2): 3C468.1 post-selfcal artifacts (stack + movie + RMS)
[2026-05-22 12:02:20] WARNING: continuing workflow so pre-selfcal products remain publishable
[2026-05-22 12:02:20] GMRT 40_014 calibration workflow complete
[2026-05-22 12:02:20] PRODUCTS TO AUDIT (full paths):
[2026-05-22 12:02:20]   GMRT 40_014 products to audit
[2026-05-22 12:02:20]   Generated: 2026-05-22 12:02:20
[2026-05-22 12:02:20]   
[2026-05-22 12:02:20]   Workflow log:
[2026-05-22 12:02:20]   /Users/raj030/DATA/gmrt_40_014/work/logs/run_gmrt_40_014_calibration_workflow_20260522_103607.log
[2026-05-22 12:02:20]   
[2026-05-22 12:02:20]   Step 2: primary calibration
[2026-05-22 12:02:20]   /Users/raj030/DATA/gmrt_40_014/work/primary_calibration/bandpass/3c48_bandpass_25jul_gsb_iterfinal_clustering.npz
[2026-05-22 12:02:20]   /Users/raj030/DATA/gmrt_40_014/work/primary_calibration/flag/3c48_flag_table_session.json
[2026-05-22 12:02:20]   
[2026-05-22 12:02:20]   Step 3: primary split
[2026-05-22 12:02:20]   /Users/raj030/DATA/gmrt_40_014/work/split/3c48/3c48_calibrated_flagged.uvfits
[2026-05-22 12:02:20]   
[2026-05-22 12:02:20]   Step 4: primary vis plot
[2026-05-22 12:02:20]   /Users/raj030/DATA/gmrt_40_014/work/diagnostics_out/primary/3c48/selfcheck/plotvis_3c48.pdf
[2026-05-22 12:02:20]   
[2026-05-22 12:02:20]   Step 5: 3C468.1 primary-only split
[2026-05-22 12:02:20]   /Users/raj030/DATA/gmrt_40_014/work/split/3c468.1/3c468.1_primary_calibrated.uvfits
[2026-05-22 12:02:20]   
[2026-05-22 12:02:20]   Step 6: 3C468.1 primary-only plot
[2026-05-22 12:02:20]   /Users/raj030/DATA/gmrt_40_014/work/diagnostics_out/secondary/3c468.1/transfer/plotvis_3c468.1.pdf
[2026-05-22 12:02:20]   
[2026-05-22 12:02:20]   Step 7: clustering flags + products
[2026-05-22 12:02:20]   /Users/raj030/DATA/gmrt_40_014/work/secondary_calibration/flag/3c468.1_split_clustering_flag_table_session.json
[2026-05-22 12:02:20]   /Users/raj030/DATA/gmrt_40_014/work/diagnostics_out/secondary/3c468.1/flagging/3c468.1_clustering_spectrum_after.png
[2026-05-22 12:02:20]   /Users/raj030/DATA/gmrt_40_014/work/diagnostics_out/secondary/3c468.1/flagging/3c468.1_clustering_spectrum_before.png
[2026-05-22 12:02:20]   /Users/raj030/DATA/gmrt_40_014/work/diagnostics_out/secondary/3c468.1/flagging/3c468.1_clustering_stokesV_after.png
[2026-05-22 12:02:20]   /Users/raj030/DATA/gmrt_40_014/work/diagnostics_out/secondary/3c468.1/flagging/3c468.1_clustering_stokesV_before.png
[2026-05-22 12:02:20]   /Users/raj030/DATA/gmrt_40_014/work/diagnostics_out/secondary/3c468.1/flagging/3c468.1_clustering_summary_20260513_102341.pdf
[2026-05-22 12:02:20]   /Users/raj030/DATA/gmrt_40_014/work/diagnostics_out/secondary/3c468.1/flagging/3c468.1_clustering_uvdist_after.png
[2026-05-22 12:02:20]   /Users/raj030/DATA/gmrt_40_014/work/diagnostics_out/secondary/3c468.1/flagging/3c468.1_clustering_uvdist_before.png
[2026-05-22 12:02:20]   
[2026-05-22 12:02:20]   Step 8: secondary calibration tables
[2026-05-22 12:02:20]   /Users/raj030/DATA/gmrt_40_014/work/secondary_calibration/3c468.1_secondary_phase_only_scan01.npz
[2026-05-22 12:02:20]   /Users/raj030/DATA/gmrt_40_014/work/secondary_calibration/3c468.1_secondary_phase_only_scan02.npz
[2026-05-22 12:02:20]   /Users/raj030/DATA/gmrt_40_014/work/secondary_calibration/3c468.1_secondary_phase_only_scan03.npz
[2026-05-22 12:02:20]   /Users/raj030/DATA/gmrt_40_014/work/secondary_calibration/3c468.1_secondary_phase_only_scan04.npz
[2026-05-22 12:02:20]   /Users/raj030/DATA/gmrt_40_014/work/secondary_calibration/3c468.1_secondary_phase_only_scan05.npz
[2026-05-22 12:02:20]   /Users/raj030/DATA/gmrt_40_014/work/secondary_calibration/3c468.1_secondary_phase_only_scan06.npz
[2026-05-22 12:02:20]   /Users/raj030/DATA/gmrt_40_014/work/secondary_calibration/3c468.1_secondary_phase_only_scan07.npz
[2026-05-22 12:02:20]   /Users/raj030/DATA/gmrt_40_014/work/secondary_calibration/3c468.1_secondary_phase_only_scan08.npz
[2026-05-22 12:02:20]   /Users/raj030/DATA/gmrt_40_014/work/secondary_calibration/3c468.1_secondary_phase_only_scan09.npz
[2026-05-22 12:02:20]   
[2026-05-22 12:02:20]   Step 9: 3C468.1 primary+secondary split
[2026-05-22 12:02:20]   /Users/raj030/DATA/gmrt_40_014/work/split/3c468.1/3c468.1_primary_secondary_calibrated_flagged.uvfits
[2026-05-22 12:02:20]   
[2026-05-22 12:02:20]   Step 10: final 3C468.1 plot
[2026-05-22 12:02:20]   /Users/raj030/DATA/gmrt_40_014/work/diagnostics_out/secondary/3c468.1/final_qa/plotvis_3c468.1.pdf
[2026-05-22 12:02:20]   
[2026-05-22 12:02:20]   Step 11: moon split (all variants, all sources)
[2026-05-22 12:02:20]   /Users/raj030/DATA/gmrt_40_014/work/split/moon/moon0520_primary_secondary_calibrated_flagged.uvfits
[2026-05-22 12:02:20]   /Users/raj030/DATA/gmrt_40_014/work/split/moon/moon0545_primary_secondary_calibrated_flagged.uvfits
[2026-05-22 12:02:20]   /Users/raj030/DATA/gmrt_40_014/work/split/moon/moon0605_primary_secondary_calibrated_flagged.uvfits
[2026-05-22 12:02:20]   /Users/raj030/DATA/gmrt_40_014/work/split/moon/moon0625_primary_secondary_calibrated_flagged.uvfits
[2026-05-22 12:02:20]   /Users/raj030/DATA/gmrt_40_014/work/split/moon/moon0635_primary_secondary_calibrated_flagged.uvfits
[2026-05-22 12:02:20]   
[2026-05-22 12:02:20]   Step 12: moon visibility plots
[2026-05-22 12:02:20]   /Users/raj030/DATA/gmrt_40_014/work/diagnostics_out/target/moon0520/final_qa/plotvis_moon0520.pdf
[2026-05-22 12:02:20]   /Users/raj030/DATA/gmrt_40_014/work/diagnostics_out/target/moon0545/final_qa/plotvis_moon0545.pdf
[2026-05-22 12:02:20]   /Users/raj030/DATA/gmrt_40_014/work/diagnostics_out/target/moon0605/final_qa/plotvis_moon0605.pdf
[2026-05-22 12:02:20]   /Users/raj030/DATA/gmrt_40_014/work/diagnostics_out/target/moon0625/final_qa/plotvis_moon0625.pdf
[2026-05-22 12:02:20]   /Users/raj030/DATA/gmrt_40_014/work/diagnostics_out/target/moon0635/final_qa/plotvis_moon0635.pdf
[2026-05-22 12:02:20]   
[2026-05-22 12:02:20]   Step 13: moon selfcal imaging outputs
[2026-05-22 12:02:20]   /Users/raj030/DATA/gmrt_40_014/work/casa_selfcal/moon0520_stk10/moon0520_stk0000_n10/moon0520_stk0000_n10_final.fits
[2026-05-22 12:02:20]   /Users/raj030/DATA/gmrt_40_014/work/casa_selfcal/moon0520_stk10/moon0520_stk0010_n10/moon0520_stk0010_n10_final.fits
[2026-05-22 12:02:20]   /Users/raj030/DATA/gmrt_40_014/work/casa_selfcal/moon0520_stk10/moon0520_stk0020_n10/moon0520_stk0020_n10_final.fits
[2026-05-22 12:02:20]   /Users/raj030/DATA/gmrt_40_014/work/casa_selfcal/moon0520_stk10/moon0520_stk0030_n10/moon0520_stk0030_n10_final.fits
[2026-05-22 12:02:20]   /Users/raj030/DATA/gmrt_40_014/work/casa_selfcal/moon0520_stk10/moon0520_stk0040_n10/moon0520_stk0040_n10_final.fits
[2026-05-22 12:02:20]   /Users/raj030/DATA/gmrt_40_014/work/casa_selfcal/moon0520_stk10/moon0520_stk0050_n10/moon0520_stk0050_n10_final.fits
[2026-05-22 12:02:20]   /Users/raj030/DATA/gmrt_40_014/work/casa_selfcal/moon0520_stk10/moon0520_stk0060_n10/moon0520_stk0060_n10_final.fits
[2026-05-22 12:02:20]   /Users/raj030/DATA/gmrt_40_014/work/casa_selfcal/moon0520_stk10/moon0520_stk0070_n10/moon0520_stk0070_n10_final.fits
[2026-05-22 12:02:20]   /Users/raj030/DATA/gmrt_40_014/work/casa_selfcal/moon0520_stk10/moon0520_stk0080_n10/moon0520_stk0080_n10_final.fits
[2026-05-22 12:02:20]   /Users/raj030/DATA/gmrt_40_014/work/casa_selfcal/moon0520_stk10/moon0520_stk0090_n10/moon0520_stk0090_n10_final.fits
[2026-05-22 12:02:20]   /Users/raj030/DATA/gmrt_40_014/work/casa_selfcal/moon0520_stk10/moon0520_stk0100_n13/moon0520_stk0100_n13_final.fits
[2026-05-22 12:02:20]   /Users/raj030/DATA/gmrt_40_014/work/casa_selfcal/moon0520_stk10_phasecenter/moon0520_stk0000_n10/moon0520_stk0000_n10_final.fits
[2026-05-22 12:02:20]   /Users/raj030/DATA/gmrt_40_014/work/casa_selfcal/moon0520_stk10_phasecenter/moon0520_stk0010_n10/moon0520_stk0010_n10_final.fits
[2026-05-22 12:02:20]   /Users/raj030/DATA/gmrt_40_014/work/casa_selfcal/moon0520_stk10_phasecenter/moon0520_stk0020_n10/moon0520_stk0020_n10_final.fits
[2026-05-22 12:02:20]   /Users/raj030/DATA/gmrt_40_014/work/casa_selfcal/moon0520_stk10_phasecenter/moon0520_stk0030_n10/moon0520_stk0030_n10_final.fits
[2026-05-22 12:02:20]   /Users/raj030/DATA/gmrt_40_014/work/casa_selfcal/moon0520_stk10_phasecenter/moon0520_stk0040_n10/moon0520_stk0040_n10_final.fits
[2026-05-22 12:02:20]   /Users/raj030/DATA/gmrt_40_014/work/casa_selfcal/moon0520_stk10_phasecenter/moon0520_stk0050_n10/moon0520_stk0050_n10_final.fits
[2026-05-22 12:02:20]   /Users/raj030/DATA/gmrt_40_014/work/casa_selfcal/moon0520_stk10_phasecenter/moon0520_stk0060_n10/moon0520_stk0060_n10_final.fits
[2026-05-22 12:02:20]   /Users/raj030/DATA/gmrt_40_014/work/casa_selfcal/moon0520_stk10_phasecenter/moon0520_stk0070_n10/moon0520_stk0070_n10_final.fits
[2026-05-22 12:02:20]   /Users/raj030/DATA/gmrt_40_014/work/casa_selfcal/moon0520_stk10_phasecenter/moon0520_stk0080_n10/moon0520_stk0080_n10_final.fits
[2026-05-22 12:02:20]   /Users/raj030/DATA/gmrt_40_014/work/casa_selfcal/moon0520_stk10_phasecenter/moon0520_stk0090_n10/moon0520_stk0090_n10_final.fits
[2026-05-22 12:02:20]   /Users/raj030/DATA/gmrt_40_014/work/casa_selfcal/moon0520_stk10_phasecenter/moon0520_stk0100_n13/moon0520_stk0100_n13_final.fits
[2026-05-22 12:02:20]   
[2026-05-22 12:02:20]   Step 14: moon imaging diagnostics (trajectory plot)
[2026-05-22 12:02:20]   /Users/raj030/DATA/gmrt_40_014/work/diagnostics_out/moon_imaging/moon0520_trajectory.png
[2026-05-22 12:02:20]   
[2026-05-22 12:02:20]   Step 15: moon post-selfcal artifacts (destripe + movies)
[2026-05-22 12:02:20]   /Users/raj030/DATA/gmrt_40_014/work/casa_selfcal/ghpages_products/moon0520/no_phasecenter/moon0520_no_phasecenter_before_after_compare.gif
[2026-05-22 12:02:20]   /Users/raj030/DATA/gmrt_40_014/work/casa_selfcal/ghpages_products/moon0520/no_phasecenter/moon0520_no_phasecenter_before_after_compare.mov
[2026-05-22 12:02:20]   /Users/raj030/DATA/gmrt_40_014/work/casa_selfcal/ghpages_products/moon0520/no_phasecenter/moon0520_no_phasecenter_before_after_compare.mp4
[2026-05-22 12:02:20]   /Users/raj030/DATA/gmrt_40_014/work/casa_selfcal/ghpages_products/moon0520/no_phasecenter/moon0520_no_phasecenter_destriped.gif
[2026-05-22 12:02:20]   /Users/raj030/DATA/gmrt_40_014/work/casa_selfcal/ghpages_products/moon0520/no_phasecenter/moon0520_no_phasecenter_destriped.mov
[2026-05-22 12:02:20]   /Users/raj030/DATA/gmrt_40_014/work/casa_selfcal/ghpages_products/moon0520/no_phasecenter/moon0520_no_phasecenter_destriped.mp4
[2026-05-22 12:02:20]   /Users/raj030/DATA/gmrt_40_014/work/casa_selfcal/ghpages_products/moon0520/no_phasecenter/moon0520_no_phasecenter_phasecorr_destriped_stack_destriped.png
[2026-05-22 12:02:20]   /Users/raj030/DATA/gmrt_40_014/work/casa_selfcal/ghpages_products/moon0520/no_phasecenter/moon0520_no_phasecenter_phasecorr_destriped_stack_original.png
[2026-05-22 12:02:20]   /Users/raj030/DATA/gmrt_40_014/work/casa_selfcal/ghpages_products/moon0520/no_phasecenter/moon0520_no_phasecenter_phasecorr_destriped_stack.fits
[2026-05-22 12:02:20]   /Users/raj030/DATA/gmrt_40_014/work/casa_selfcal/ghpages_products/moon0520/no_phasecenter/moon0520_no_phasecenter_phasecorr_destriped_stack.png
[2026-05-22 12:02:20]   /Users/raj030/DATA/gmrt_40_014/work/casa_selfcal/ghpages_products/moon0520/no_phasecenter/moon0520_no_phasecenter_phasecorr_raw_selfcal_stack.png
[2026-05-22 12:02:20]   /Users/raj030/DATA/gmrt_40_014/work/casa_selfcal/ghpages_products/moon0520/no_phasecenter/moon0520_no_phasecenter_raw_selfcal.gif
[2026-05-22 12:02:20]   /Users/raj030/DATA/gmrt_40_014/work/casa_selfcal/ghpages_products/moon0520/no_phasecenter/moon0520_no_phasecenter_raw_selfcal.mov
[2026-05-22 12:02:20]   /Users/raj030/DATA/gmrt_40_014/work/casa_selfcal/ghpages_products/moon0520/no_phasecenter/moon0520_no_phasecenter_raw_selfcal.mp4
[2026-05-22 12:02:20]   /Users/raj030/DATA/gmrt_40_014/work/casa_selfcal/ghpages_products/moon0520/no_phasecenter/moon0520_observed_center_destriped_cumulative_coadd.gif
[2026-05-22 12:02:20]   /Users/raj030/DATA/gmrt_40_014/work/casa_selfcal/ghpages_products/moon0520/no_phasecenter/moon0520_observed_center_destriped_cumulative_coadd.mov
[2026-05-22 12:02:20]   /Users/raj030/DATA/gmrt_40_014/work/casa_selfcal/ghpages_products/moon0520/no_phasecenter/moon0520_observed_center_destriped_cumulative_coadd.mp4
[2026-05-22 12:02:20]   /Users/raj030/DATA/gmrt_40_014/work/casa_selfcal/ghpages_products/moon0520/no_phasecenter/moon0520_observed_center_destriped_cumulative_rms_evolution.csv
[2026-05-22 12:02:20]   /Users/raj030/DATA/gmrt_40_014/work/casa_selfcal/ghpages_products/moon0520/no_phasecenter/moon0520_observed_center_destriped_cumulative_rms_evolution.png
[2026-05-22 12:02:20]   /Users/raj030/DATA/gmrt_40_014/work/casa_selfcal/ghpages_products/moon0520/no_phasecenter/moon0520_observed_center_raw_cumulative_coadd.gif
[2026-05-22 12:02:20]   /Users/raj030/DATA/gmrt_40_014/work/casa_selfcal/ghpages_products/moon0520/no_phasecenter/moon0520_observed_center_raw_cumulative_coadd.mov
[2026-05-22 12:02:20]   /Users/raj030/DATA/gmrt_40_014/work/casa_selfcal/ghpages_products/moon0520/no_phasecenter/moon0520_observed_center_raw_cumulative_coadd.mp4
[2026-05-22 12:02:20]   /Users/raj030/DATA/gmrt_40_014/work/casa_selfcal/ghpages_products/moon0520/no_phasecenter/moon0520_observed_center_raw_cumulative_rms_evolution.csv
[2026-05-22 12:02:20]   /Users/raj030/DATA/gmrt_40_014/work/casa_selfcal/ghpages_products/moon0520/no_phasecenter/moon0520_observed_center_raw_cumulative_rms_evolution.png
[2026-05-22 12:02:20]   
[2026-05-22 12:02:20]   /Users/raj030/DATA/gmrt_40_014/work/casa_selfcal/ghpages_products/moon0520/no_phasecenter/destripe_debug:
[2026-05-22 12:02:20]   moon0520_stk0000_n10_final
[2026-05-22 12:02:20]   moon0520_stk0010_n10_final
[2026-05-22 12:02:20]   moon0520_stk0020_n10_final
[2026-05-22 12:02:20]   moon0520_stk0030_n10_final
[2026-05-22 12:02:20]   moon0520_stk0040_n10_final
[2026-05-22 12:02:20]   moon0520_stk0050_n10_final
[2026-05-22 12:02:20]   moon0520_stk0060_n10_final
[2026-05-22 12:02:20]   moon0520_stk0070_n10_final
[2026-05-22 12:02:20]   moon0520_stk0080_n10_final
[2026-05-22 12:02:20]   moon0520_stk0090_n10_final
[2026-05-22 12:02:20]   moon0520_stk0100_n13_final
[2026-05-22 12:02:20]   
[2026-05-22 12:02:20]   /Users/raj030/DATA/gmrt_40_014/work/casa_selfcal/ghpages_products/moon0520/no_phasecenter/movie_frames_compare:
[2026-05-22 12:02:20]   frame_0000.png
[2026-05-22 12:02:20]   frame_0001.png
[2026-05-22 12:02:20]   frame_0002.png
[2026-05-22 12:02:20]   frame_0003.png
[2026-05-22 12:02:20]   frame_0004.png
[2026-05-22 12:02:20]   frame_0005.png
[2026-05-22 12:02:20]   frame_0006.png
[2026-05-22 12:02:20]   frame_0007.png
[2026-05-22 12:02:20]   frame_0008.png
[2026-05-22 12:02:20]   frame_0009.png
[2026-05-22 12:02:20]   frame_0010.png
[2026-05-22 12:02:20]   
[2026-05-22 12:02:20]   /Users/raj030/DATA/gmrt_40_014/work/casa_selfcal/ghpages_products/moon0520/no_phasecenter/movie_frames_cumulative:
[2026-05-22 12:02:20]   frame_0000.png
[2026-05-22 12:02:20]   frame_0001.png
[2026-05-22 12:02:20]   frame_0002.png
[2026-05-22 12:02:20]   frame_0003.png
[2026-05-22 12:02:20]   frame_0004.png
[2026-05-22 12:02:20]   frame_0005.png
[2026-05-22 12:02:20]   frame_0006.png
[2026-05-22 12:02:20]   frame_0007.png
[2026-05-22 12:02:20]   frame_0008.png
[2026-05-22 12:02:20]   frame_0009.png
[2026-05-22 12:02:20]   frame_0010.png
[2026-05-22 12:02:20]   
[2026-05-22 12:02:20]   /Users/raj030/DATA/gmrt_40_014/work/casa_selfcal/ghpages_products/moon0520/no_phasecenter/movie_frames_destriped:
[2026-05-22 12:02:20]   frame_0000.png
[2026-05-22 12:02:20]   frame_0001.png
[2026-05-22 12:02:20]   frame_0002.png
[2026-05-22 12:02:20]   frame_0003.png
[2026-05-22 12:02:20]   frame_0004.png
[2026-05-22 12:02:20]   frame_0005.png
[2026-05-22 12:02:20]   frame_0006.png
[2026-05-22 12:02:20]   frame_0007.png
[2026-05-22 12:02:20]   frame_0008.png
[2026-05-22 12:02:20]   frame_0009.png
[2026-05-22 12:02:20]   frame_0010.png
[2026-05-22 12:02:20]   
[2026-05-22 12:02:20]   /Users/raj030/DATA/gmrt_40_014/work/casa_selfcal/ghpages_products/moon0520/no_phasecenter/movie_frames_raw_selfcal:
[2026-05-22 12:02:20]   frame_0000.png
[2026-05-22 12:02:20]   frame_0001.png
[2026-05-22 12:02:20]   frame_0002.png
[2026-05-22 12:02:20]   frame_0003.png
[2026-05-22 12:02:20]   frame_0004.png
[2026-05-22 12:02:20]   frame_0005.png
[2026-05-22 12:02:20]   frame_0006.png
[2026-05-22 12:02:20]   frame_0007.png
[2026-05-22 12:02:20]   frame_0008.png
[2026-05-22 12:02:20]   frame_0009.png
[2026-05-22 12:02:20]   frame_0010.png
[2026-05-22 12:02:20]   
[2026-05-22 12:02:20]   /Users/raj030/DATA/gmrt_40_014/work/casa_selfcal/ghpages_products/moon0520/no_phasecenter/provenance:
[2026-05-22 12:02:20]   run_stack_moon_snapshots_moon0520_no_phasecenter_phasecorr_destriped_stack_20260520_132714.cmd
[2026-05-22 12:02:20]   run_stack_moon_snapshots_moon0520_no_phasecenter_phasecorr_destriped_stack_20260520_132714.log
[2026-05-22 12:02:20]   run_stack_moon_snapshots_moon0520_no_phasecenter_phasecorr_destriped_stack_20260520_153046.cmd
[2026-05-22 12:02:20]   run_stack_moon_snapshots_moon0520_no_phasecenter_phasecorr_destriped_stack_20260520_153046.log
[2026-05-22 12:02:20]   run_stack_moon_snapshots_moon0520_no_phasecenter_phasecorr_destriped_stack_20260522_103608.cmd
[2026-05-22 12:02:20]   run_stack_moon_snapshots_moon0520_no_phasecenter_phasecorr_destriped_stack_20260522_103608.log
[2026-05-22 12:02:20]   /Users/raj030/DATA/gmrt_40_014/work/casa_selfcal/ghpages_products/moon0520/phasecenter/moon0520_moon_centered_destriped_cumulative_coadd.gif
[2026-05-22 12:02:20]   /Users/raj030/DATA/gmrt_40_014/work/casa_selfcal/ghpages_products/moon0520/phasecenter/moon0520_moon_centered_destriped_cumulative_coadd.mov
[2026-05-22 12:02:20]   /Users/raj030/DATA/gmrt_40_014/work/casa_selfcal/ghpages_products/moon0520/phasecenter/moon0520_moon_centered_destriped_cumulative_coadd.mp4
[2026-05-22 12:02:20]   /Users/raj030/DATA/gmrt_40_014/work/casa_selfcal/ghpages_products/moon0520/phasecenter/moon0520_moon_centered_destriped_cumulative_rms_evolution.csv
[2026-05-22 12:02:20]   /Users/raj030/DATA/gmrt_40_014/work/casa_selfcal/ghpages_products/moon0520/phasecenter/moon0520_moon_centered_destriped_cumulative_rms_evolution.png
[2026-05-22 12:02:20]   /Users/raj030/DATA/gmrt_40_014/work/casa_selfcal/ghpages_products/moon0520/phasecenter/moon0520_moon_centered_raw_cumulative_coadd.gif
[2026-05-22 12:02:20]   /Users/raj030/DATA/gmrt_40_014/work/casa_selfcal/ghpages_products/moon0520/phasecenter/moon0520_moon_centered_raw_cumulative_coadd.mov
[2026-05-22 12:02:20]   /Users/raj030/DATA/gmrt_40_014/work/casa_selfcal/ghpages_products/moon0520/phasecenter/moon0520_moon_centered_raw_cumulative_coadd.mp4
[2026-05-22 12:02:20]   /Users/raj030/DATA/gmrt_40_014/work/casa_selfcal/ghpages_products/moon0520/phasecenter/moon0520_moon_centered_raw_cumulative_rms_evolution.csv
[2026-05-22 12:02:20]   /Users/raj030/DATA/gmrt_40_014/work/casa_selfcal/ghpages_products/moon0520/phasecenter/moon0520_moon_centered_raw_cumulative_rms_evolution.png
[2026-05-22 12:02:20]   /Users/raj030/DATA/gmrt_40_014/work/casa_selfcal/ghpages_products/moon0520/phasecenter/moon0520_phasecenter_before_after_compare.gif
[2026-05-22 12:02:20]   /Users/raj030/DATA/gmrt_40_014/work/casa_selfcal/ghpages_products/moon0520/phasecenter/moon0520_phasecenter_before_after_compare.mov
[2026-05-22 12:02:20]   /Users/raj030/DATA/gmrt_40_014/work/casa_selfcal/ghpages_products/moon0520/phasecenter/moon0520_phasecenter_before_after_compare.mp4
[2026-05-22 12:02:20]   /Users/raj030/DATA/gmrt_40_014/work/casa_selfcal/ghpages_products/moon0520/phasecenter/moon0520_phasecenter_destriped.gif
[2026-05-22 12:02:20]   /Users/raj030/DATA/gmrt_40_014/work/casa_selfcal/ghpages_products/moon0520/phasecenter/moon0520_phasecenter_destriped.mov
[2026-05-22 12:02:20]   /Users/raj030/DATA/gmrt_40_014/work/casa_selfcal/ghpages_products/moon0520/phasecenter/moon0520_phasecenter_destriped.mp4
[2026-05-22 12:02:20]   /Users/raj030/DATA/gmrt_40_014/work/casa_selfcal/ghpages_products/moon0520/phasecenter/moon0520_phasecenter_noshift_destriped_stack_destriped.png
[2026-05-22 12:02:20]   /Users/raj030/DATA/gmrt_40_014/work/casa_selfcal/ghpages_products/moon0520/phasecenter/moon0520_phasecenter_noshift_destriped_stack_original.png
[2026-05-22 12:02:20]   /Users/raj030/DATA/gmrt_40_014/work/casa_selfcal/ghpages_products/moon0520/phasecenter/moon0520_phasecenter_noshift_destriped_stack.fits
[2026-05-22 12:02:20]   /Users/raj030/DATA/gmrt_40_014/work/casa_selfcal/ghpages_products/moon0520/phasecenter/moon0520_phasecenter_noshift_destriped_stack.png
[2026-05-22 12:02:20]   /Users/raj030/DATA/gmrt_40_014/work/casa_selfcal/ghpages_products/moon0520/phasecenter/moon0520_phasecenter_noshift_raw_selfcal_stack.png
[2026-05-22 12:02:20]   /Users/raj030/DATA/gmrt_40_014/work/casa_selfcal/ghpages_products/moon0520/phasecenter/moon0520_phasecenter_raw_selfcal.gif
[2026-05-22 12:02:20]   /Users/raj030/DATA/gmrt_40_014/work/casa_selfcal/ghpages_products/moon0520/phasecenter/moon0520_phasecenter_raw_selfcal.mov
[2026-05-22 12:02:20]   /Users/raj030/DATA/gmrt_40_014/work/casa_selfcal/ghpages_products/moon0520/phasecenter/moon0520_phasecenter_raw_selfcal.mp4
[2026-05-22 12:02:21]   
[2026-05-22 12:02:21]   /Users/raj030/DATA/gmrt_40_014/work/casa_selfcal/ghpages_products/moon0520/phasecenter/destripe_debug:
[2026-05-22 12:02:21]   moon0520_stk0000_n10_final
[2026-05-22 12:02:21]   moon0520_stk0010_n10_final
[2026-05-22 12:02:21]   moon0520_stk0020_n10_final
[2026-05-22 12:02:21]   moon0520_stk0030_n10_final
[2026-05-22 12:02:21]   moon0520_stk0040_n10_final
[2026-05-22 12:02:21]   moon0520_stk0050_n10_final
[2026-05-22 12:02:21]   moon0520_stk0060_n10_final
[2026-05-22 12:02:21]   moon0520_stk0070_n10_final
[2026-05-22 12:02:21]   moon0520_stk0080_n10_final
[2026-05-22 12:02:21]   moon0520_stk0090_n10_final
[2026-05-22 12:02:21]   moon0520_stk0100_n13_final
[2026-05-22 12:02:21]   
[2026-05-22 12:02:21]   /Users/raj030/DATA/gmrt_40_014/work/casa_selfcal/ghpages_products/moon0520/phasecenter/movie_frames_compare:
[2026-05-22 12:02:21]   frame_0000.png
[2026-05-22 12:02:21]   frame_0001.png
[2026-05-22 12:02:21]   frame_0002.png
[2026-05-22 12:02:21]   frame_0003.png
[2026-05-22 12:02:21]   frame_0004.png
[2026-05-22 12:02:21]   frame_0005.png
[2026-05-22 12:02:21]   frame_0006.png
[2026-05-22 12:02:21]   frame_0007.png
[2026-05-22 12:02:21]   frame_0008.png
[2026-05-22 12:02:21]   frame_0009.png
[2026-05-22 12:02:21]   frame_0010.png
[2026-05-22 12:02:21]   
[2026-05-22 12:02:21]   /Users/raj030/DATA/gmrt_40_014/work/casa_selfcal/ghpages_products/moon0520/phasecenter/movie_frames_cumulative:
[2026-05-22 12:02:21]   frame_0000.png
[2026-05-22 12:02:21]   frame_0001.png
[2026-05-22 12:02:21]   frame_0002.png
[2026-05-22 12:02:21]   frame_0003.png
[2026-05-22 12:02:21]   frame_0004.png
[2026-05-22 12:02:21]   frame_0005.png
[2026-05-22 12:02:21]   frame_0006.png
[2026-05-22 12:02:21]   frame_0007.png
[2026-05-22 12:02:21]   frame_0008.png
[2026-05-22 12:02:21]   frame_0009.png
[2026-05-22 12:02:21]   frame_0010.png
[2026-05-22 12:02:21]   
[2026-05-22 12:02:21]   /Users/raj030/DATA/gmrt_40_014/work/casa_selfcal/ghpages_products/moon0520/phasecenter/movie_frames_destriped:
[2026-05-22 12:02:21]   frame_0000.png
[2026-05-22 12:02:21]   frame_0001.png
[2026-05-22 12:02:21]   frame_0002.png
[2026-05-22 12:02:21]   frame_0003.png
[2026-05-22 12:02:21]   frame_0004.png
[2026-05-22 12:02:21]   frame_0005.png
[2026-05-22 12:02:21]   frame_0006.png
[2026-05-22 12:02:21]   frame_0007.png
[2026-05-22 12:02:21]   frame_0008.png
[2026-05-22 12:02:21]   frame_0009.png
[2026-05-22 12:02:21]   frame_0010.png
[2026-05-22 12:02:21]   
[2026-05-22 12:02:21]   /Users/raj030/DATA/gmrt_40_014/work/casa_selfcal/ghpages_products/moon0520/phasecenter/movie_frames_raw_selfcal:
[2026-05-22 12:02:21]   frame_0000.png
[2026-05-22 12:02:21]   frame_0001.png
[2026-05-22 12:02:21]   frame_0002.png
[2026-05-22 12:02:21]   frame_0003.png
[2026-05-22 12:02:21]   frame_0004.png
[2026-05-22 12:02:21]   frame_0005.png
[2026-05-22 12:02:21]   frame_0006.png
[2026-05-22 12:02:21]   frame_0007.png
[2026-05-22 12:02:21]   frame_0008.png
[2026-05-22 12:02:21]   frame_0009.png
[2026-05-22 12:02:21]   frame_0010.png
[2026-05-22 12:02:21]   
[2026-05-22 12:02:21]   /Users/raj030/DATA/gmrt_40_014/work/casa_selfcal/ghpages_products/moon0520/phasecenter/provenance:
[2026-05-22 12:02:21]   run_stack_moon_snapshots_moon0520_phasecenter_noshift_destriped_stack_20260520_133822.cmd
[2026-05-22 12:02:21]   run_stack_moon_snapshots_moon0520_phasecenter_noshift_destriped_stack_20260520_133822.log
[2026-05-22 12:02:21]   run_stack_moon_snapshots_moon0520_phasecenter_noshift_destriped_stack_20260520_154036.cmd
[2026-05-22 12:02:21]   run_stack_moon_snapshots_moon0520_phasecenter_noshift_destriped_stack_20260520_154036.log
[2026-05-22 12:02:21]   run_stack_moon_snapshots_moon0520_phasecenter_noshift_destriped_stack_20260522_104615.cmd
[2026-05-22 12:02:21]   run_stack_moon_snapshots_moon0520_phasecenter_noshift_destriped_stack_20260522_104615.log
[2026-05-22 12:02:21]   
[2026-05-22 12:02:21]   Step 16: 3C468.1 selfcal imaging outputs
[2026-05-22 12:02:21]   /Users/raj030/DATA/gmrt_40_014/work/casa_selfcal/3c468.1_scan05_stk1/3c468p1_int0130/3c468p1_int0130_final.fits
[2026-05-22 12:02:21]   /Users/raj030/DATA/gmrt_40_014/work/casa_selfcal/3c468.1_scan05_stk1/3c468p1_int0131/3c468p1_int0131_final.fits
[2026-05-22 12:02:21]   /Users/raj030/DATA/gmrt_40_014/work/casa_selfcal/3c468.1_scan05_stk1/3c468p1_int0132/3c468p1_int0132_final.fits
[2026-05-22 12:02:21]   /Users/raj030/DATA/gmrt_40_014/work/casa_selfcal/3c468.1_scan05_stk1/3c468p1_int0133/3c468p1_int0133_final.fits
[2026-05-22 12:02:21]   /Users/raj030/DATA/gmrt_40_014/work/casa_selfcal/3c468.1_scan05_stk1/3c468p1_int0134/3c468p1_int0134_final.fits
[2026-05-22 12:02:21]   /Users/raj030/DATA/gmrt_40_014/work/casa_selfcal/3c468.1_scan05_stk1/3c468p1_int0135/3c468p1_int0135_final.fits
[2026-05-22 12:02:21]   /Users/raj030/DATA/gmrt_40_014/work/casa_selfcal/3c468.1_scan05_stk1/3c468p1_int0136/3c468p1_int0136_final.fits
[2026-05-22 12:02:21]   /Users/raj030/DATA/gmrt_40_014/work/casa_selfcal/3c468.1_scan05_stk1/3c468p1_int0137/3c468p1_int0137_final.fits
[2026-05-22 12:02:21]   /Users/raj030/DATA/gmrt_40_014/work/casa_selfcal/3c468.1_scan05_stk1/3c468p1_int0138/3c468p1_int0138_final.fits
[2026-05-22 12:02:21]   /Users/raj030/DATA/gmrt_40_014/work/casa_selfcal/3c468.1_scan05_stk1/3c468p1_int0139/3c468p1_int0139_final.fits
[2026-05-22 12:02:21]   /Users/raj030/DATA/gmrt_40_014/work/casa_selfcal/3c468.1_scan05_stk1/3c468p1_int0140/3c468p1_int0140_final.fits
[2026-05-22 12:02:21]   /Users/raj030/DATA/gmrt_40_014/work/casa_selfcal/3c468.1_scan05_stk1/3c468p1_int0141/3c468p1_int0141_final.fits
[2026-05-22 12:02:21]   /Users/raj030/DATA/gmrt_40_014/work/casa_selfcal/3c468.1_scan05_stk1/3c468p1_int0142/3c468p1_int0142_final.fits
[2026-05-22 12:02:21]   /Users/raj030/DATA/gmrt_40_014/work/casa_selfcal/3c468.1_scan05_stk1/3c468p1_int0143/3c468p1_int0143_final.fits
[2026-05-22 12:02:21]   /Users/raj030/DATA/gmrt_40_014/work/casa_selfcal/3c468.1_scan05_stk1/3c468p1_int0144/3c468p1_int0144_final.fits
[2026-05-22 12:02:21]   /Users/raj030/DATA/gmrt_40_014/work/casa_selfcal/3c468.1_scan05_stk1/3c468p1_int0145/3c468p1_int0145_final.fits
[2026-05-22 12:02:21]   /Users/raj030/DATA/gmrt_40_014/work/casa_selfcal/3c468.1_scan05_stk1/3c468p1_int0146/3c468p1_int0146_final.fits
[2026-05-22 12:02:21]   /Users/raj030/DATA/gmrt_40_014/work/casa_selfcal/3c468.1_scan05_stk1/3c468p1_int0147/3c468p1_int0147_final.fits
[2026-05-22 12:02:21]   /Users/raj030/DATA/gmrt_40_014/work/casa_selfcal/3c468.1_scan05_stk1/3c468p1_int0148/3c468p1_int0148_final.fits
[2026-05-22 12:02:21]   /Users/raj030/DATA/gmrt_40_014/work/casa_selfcal/3c468.1_scan05_stk1/3c468p1_int0149/3c468p1_int0149_final.fits
[2026-05-22 12:02:21]   /Users/raj030/DATA/gmrt_40_014/work/casa_selfcal/3c468.1_scan05_stk1/3c468p1_int0150/3c468p1_int0150_final.fits
[2026-05-22 12:02:21]   /Users/raj030/DATA/gmrt_40_014/work/casa_selfcal/3c468.1_scan05_stk1/3c468p1_int0151/3c468p1_int0151_final.fits
[2026-05-22 12:02:21]   /Users/raj030/DATA/gmrt_40_014/work/casa_selfcal/3c468.1_scan05_stk1/3c468p1_int0152/3c468p1_int0152_final.fits
[2026-05-22 12:02:21]   /Users/raj030/DATA/gmrt_40_014/work/casa_selfcal/3c468.1_scan05_stk1/3c468p1_int0153/3c468p1_int0153_final.fits
[2026-05-22 12:02:21]   /Users/raj030/DATA/gmrt_40_014/work/casa_selfcal/3c468.1_scan05_stk1/3c468p1_int0154/3c468p1_int0154_final.fits
[2026-05-22 12:02:21]   /Users/raj030/DATA/gmrt_40_014/work/casa_selfcal/3c468.1_scan05_stk1/3c468p1_int0155/3c468p1_int0155_final.fits
[2026-05-22 12:02:21]   /Users/raj030/DATA/gmrt_40_014/work/casa_selfcal/3c468.1_scan05_stk1/3c468p1_int0156/3c468p1_int0156_final.fits
[2026-05-22 12:02:21]   /Users/raj030/DATA/gmrt_40_014/work/casa_selfcal/3c468.1_scan05_stk1/3c468p1_int0157/3c468p1_int0157_final.fits
[2026-05-22 12:02:21]   /Users/raj030/DATA/gmrt_40_014/work/casa_selfcal/3c468.1_scan05_stk1/3c468p1_int0158/3c468p1_int0158_final.fits
[2026-05-22 12:02:21]   /Users/raj030/DATA/gmrt_40_014/work/casa_selfcal/3c468.1_scan05_stk1/3c468p1_int0159/3c468p1_int0159_final.fits
[2026-05-22 12:02:21]   /Users/raj030/DATA/gmrt_40_014/work/casa_selfcal/3c468.1_scan05_stk1/3c468p1_int0160/3c468p1_int0160_final.fits
[2026-05-22 12:02:21]   /Users/raj030/DATA/gmrt_40_014/work/casa_selfcal/3c468.1_scan05_stk1/3c468p1_int0161/3c468p1_int0161_final.fits
[2026-05-22 12:02:21]   /Users/raj030/DATA/gmrt_40_014/work/casa_selfcal/3c468.1_scan05_stk1/3c468p1_int0162/3c468p1_int0162_final.fits
[2026-05-22 12:02:21]   /Users/raj030/DATA/gmrt_40_014/work/casa_selfcal/3c468.1_scan05_stk1/3c468p1_int0163/3c468p1_int0163_final.fits
[2026-05-22 12:02:21]   /Users/raj030/DATA/gmrt_40_014/work/casa_selfcal/3c468.1_scan05_stk1/3c468p1_int0164/3c468p1_int0164_final.fits
[2026-05-22 12:02:21]   /Users/raj030/DATA/gmrt_40_014/work/casa_selfcal/3c468.1_scan05_stk1/3c468p1_int0165/3c468p1_int0165_final.fits
[2026-05-22 12:02:21]   /Users/raj030/DATA/gmrt_40_014/work/casa_selfcal/3c468.1_scan05_stk1/3c468p1_int0166/3c468p1_int0166_final.fits
[2026-05-22 12:02:21]   /Users/raj030/DATA/gmrt_40_014/work/casa_selfcal/3c468.1_scan05_stk1/3c468p1_int0167/3c468p1_int0167_final.fits
[2026-05-22 12:02:21]   /Users/raj030/DATA/gmrt_40_014/work/casa_selfcal/3c468.1_scan06_stk1/3c468p1_int0168/3c468p1_int0168_final.fits
[2026-05-22 12:02:21]   /Users/raj030/DATA/gmrt_40_014/work/casa_selfcal/3c468.1_scan06_stk1/3c468p1_int0169/3c468p1_int0169_final.fits
[2026-05-22 12:02:21]   /Users/raj030/DATA/gmrt_40_014/work/casa_selfcal/3c468.1_scan06_stk1/3c468p1_int0170/3c468p1_int0170_final.fits
[2026-05-22 12:02:21]   /Users/raj030/DATA/gmrt_40_014/work/casa_selfcal/3c468.1_scan06_stk1/3c468p1_int0171/3c468p1_int0171_final.fits
[2026-05-22 12:02:21]   /Users/raj030/DATA/gmrt_40_014/work/casa_selfcal/3c468.1_scan06_stk1/3c468p1_int0172/3c468p1_int0172_final.fits
[2026-05-22 12:02:21]   /Users/raj030/DATA/gmrt_40_014/work/casa_selfcal/3c468.1_scan06_stk1/3c468p1_int0173/3c468p1_int0173_final.fits
[2026-05-22 12:02:21]   /Users/raj030/DATA/gmrt_40_014/work/casa_selfcal/3c468.1_scan06_stk1/3c468p1_int0174/3c468p1_int0174_final.fits
[2026-05-22 12:02:21]   /Users/raj030/DATA/gmrt_40_014/work/casa_selfcal/3c468.1_scan06_stk1/3c468p1_int0175/3c468p1_int0175_final.fits
[2026-05-22 12:02:21]   /Users/raj030/DATA/gmrt_40_014/work/casa_selfcal/3c468.1_scan06_stk1/3c468p1_int0176/3c468p1_int0176_final.fits
[2026-05-22 12:02:21]   /Users/raj030/DATA/gmrt_40_014/work/casa_selfcal/3c468.1_scan06_stk1/3c468p1_int0177/3c468p1_int0177_final.fits
[2026-05-22 12:02:21]   /Users/raj030/DATA/gmrt_40_014/work/casa_selfcal/3c468.1_scan06_stk1/3c468p1_int0178/3c468p1_int0178_final.fits
[2026-05-22 12:02:21]   /Users/raj030/DATA/gmrt_40_014/work/casa_selfcal/3c468.1_scan06_stk1/3c468p1_int0179/3c468p1_int0179_final.fits
[2026-05-22 12:02:21]   /Users/raj030/DATA/gmrt_40_014/work/casa_selfcal/3c468.1_scan06_stk1/3c468p1_int0180/3c468p1_int0180_final.fits
[2026-05-22 12:02:21]   /Users/raj030/DATA/gmrt_40_014/work/casa_selfcal/3c468.1_scan06_stk1/3c468p1_int0181/3c468p1_int0181_final.fits
[2026-05-22 12:02:21]   /Users/raj030/DATA/gmrt_40_014/work/casa_selfcal/3c468.1_scan06_stk1/3c468p1_int0182/3c468p1_int0182_final.fits
[2026-05-22 12:02:21]   /Users/raj030/DATA/gmrt_40_014/work/casa_selfcal/3c468.1_scan06_stk1/3c468p1_int0183/3c468p1_int0183_final.fits
[2026-05-22 12:02:21]   /Users/raj030/DATA/gmrt_40_014/work/casa_selfcal/3c468.1_scan06_stk1/3c468p1_int0184/3c468p1_int0184_final.fits
[2026-05-22 12:02:21]   /Users/raj030/DATA/gmrt_40_014/work/casa_selfcal/3c468.1_scan06_stk1/3c468p1_int0185/3c468p1_int0185_final.fits
[2026-05-22 12:02:21]   /Users/raj030/DATA/gmrt_40_014/work/casa_selfcal/3c468.1_scan06_stk1/3c468p1_int0186/3c468p1_int0186_final.fits
[2026-05-22 12:02:21]   /Users/raj030/DATA/gmrt_40_014/work/casa_selfcal/3c468.1_scan06_stk1/3c468p1_int0187/3c468p1_int0187_final.fits
[2026-05-22 12:02:21]   /Users/raj030/DATA/gmrt_40_014/work/casa_selfcal/3c468.1_scan06_stk1/3c468p1_int0188/3c468p1_int0188_final.fits
[2026-05-22 12:02:21]   /Users/raj030/DATA/gmrt_40_014/work/casa_selfcal/3c468.1_scan06_stk1/3c468p1_int0189/3c468p1_int0189_final.fits
[2026-05-22 12:02:21]   /Users/raj030/DATA/gmrt_40_014/work/casa_selfcal/3c468.1_scan06_stk1/3c468p1_int0190/3c468p1_int0190_final.fits
[2026-05-22 12:02:21]   /Users/raj030/DATA/gmrt_40_014/work/casa_selfcal/3c468.1_scan06_stk1/3c468p1_int0191/3c468p1_int0191_final.fits
[2026-05-22 12:02:21]   /Users/raj030/DATA/gmrt_40_014/work/casa_selfcal/3c468.1_scan06_stk1/3c468p1_int0192/3c468p1_int0192_final.fits
[2026-05-22 12:02:21]   /Users/raj030/DATA/gmrt_40_014/work/casa_selfcal/3c468.1_scan06_stk1/3c468p1_int0193/3c468p1_int0193_final.fits
[2026-05-22 12:02:21]   /Users/raj030/DATA/gmrt_40_014/work/casa_selfcal/3c468.1_scan06_stk1/3c468p1_int0194/3c468p1_int0194_final.fits
[2026-05-22 12:02:21]   /Users/raj030/DATA/gmrt_40_014/work/casa_selfcal/3c468.1_scan06_stk1/3c468p1_int0195/3c468p1_int0195_final.fits
[2026-05-22 12:02:21]   /Users/raj030/DATA/gmrt_40_014/work/casa_selfcal/3c468.1_scan06_stk1/3c468p1_int0196/3c468p1_int0196_final.fits
[2026-05-22 12:02:21]   /Users/raj030/DATA/gmrt_40_014/work/casa_selfcal/3c468.1_scan06_stk1/3c468p1_int0197/3c468p1_int0197_final.fits
[2026-05-22 12:02:21]   /Users/raj030/DATA/gmrt_40_014/work/casa_selfcal/3c468.1_scan06_stk1/3c468p1_int0198/3c468p1_int0198_final.fits
[2026-05-22 12:02:21]   /Users/raj030/DATA/gmrt_40_014/work/casa_selfcal/3c468.1_scan06_stk1/3c468p1_int0199/3c468p1_int0199_final.fits
[2026-05-22 12:02:21]   /Users/raj030/DATA/gmrt_40_014/work/casa_selfcal/3c468.1_scan06_stk1/3c468p1_int0200/3c468p1_int0200_final.fits
[2026-05-22 12:02:21]   /Users/raj030/DATA/gmrt_40_014/work/casa_selfcal/3c468.1_scan06_stk1/3c468p1_int0201/3c468p1_int0201_final.fits
[2026-05-22 12:02:21]   /Users/raj030/DATA/gmrt_40_014/work/casa_selfcal/3c468.1_scan06_stk1/3c468p1_int0202/3c468p1_int0202_final.fits
[2026-05-22 12:02:21]   /Users/raj030/DATA/gmrt_40_014/work/casa_selfcal/3c468.1_scan06_stk1/3c468p1_int0203/3c468p1_int0203_final.fits
[2026-05-22 12:02:21]   /Users/raj030/DATA/gmrt_40_014/work/casa_selfcal/3c468.1_scan06_stk1/3c468p1_int0204/3c468p1_int0204_final.fits
[2026-05-22 12:02:21]   /Users/raj030/DATA/gmrt_40_014/work/casa_selfcal/3c468.1_scan06_stk1/3c468p1_int0205/3c468p1_int0205_final.fits
[2026-05-22 12:02:21]   /Users/raj030/DATA/gmrt_40_014/work/casa_selfcal/3c468.1_scan06_stk1/3c468p1_int0206/3c468p1_int0206_final.fits
[2026-05-22 12:02:21]   
[2026-05-22 12:02:21]   Step 17: 3C468.1 post-selfcal artifacts (stack + movie)
[2026-05-22 12:02:21]   /Users/raj030/DATA/gmrt_40_014/work/casa_selfcal/3c468.1_scan05_stk1/3c468.1_stack_mean.fits
[2026-05-22 12:02:21]   /Users/raj030/DATA/gmrt_40_014/work/casa_selfcal/3c468.1_scan05_stk1/3c468.1_selfcal_movie.gif
[2026-05-22 12:02:21]   /Users/raj030/DATA/gmrt_40_014/work/casa_selfcal/3c468.1_scan05_stk1/3c468.1_selfcal_movie.mov
[2026-05-22 12:02:21]   /Users/raj030/DATA/gmrt_40_014/work/casa_selfcal/3c468.1_scan05_stk1/3c468.1_selfcal_movie.mp4
[2026-05-22 12:02:21] Product manifest file: /Users/raj030/DATA/gmrt_40_014/work/logs/run_gmrt_40_014_products_20260522_103607.txt
