2026-05-13 10:40:48	WARN	MSFitsInput::fillAntennaTable	XYZHAND keyword not found in AN table. Will assume antenna coordinate system is right handed.
2026-05-13 10:40:48	WARN	MSFitsInput::fillExtraTable	No systemic velocity for field 7
2026-05-13 10:40:48	WARN	MSFitsInput::fillExtraTable	No rest frequency for field 7
9 of 52 solutions flagged due to SNR < 1 in spw=0 at 2021/07/25/23:55:36.8
8 of 52 solutions flagged due to SNR < 1 in spw=0 at 2021/07/25/23:55:36.9
8 of 52 solutions flagged due to SNR < 1 in spw=0 at 2021/07/25/23:55:37.2
7 of 52 solutions flagged due to SNR < 1 in spw=0 at 2021/07/25/23:55:37.4
2026-05-13 10:47:55	WARN	SDAlgorithmMSClean::takeOneStep (file /Users/casaci/bamboohome/xml-data/build-dir/CASASPECS-RELEASE675BUILDCASALITH-BPO15ARMPY313/casa6/casatools/src/code/synthesis/ImagerObjects/SDAlgorithmMSClean.cc, line 185)	MSClean minor cycle stopped at large scale negative or diverging
7 of 52 solutions flagged due to SNR < 1 in spw=0 at 2021/07/25/23:55:37.6
2026-05-13 10:51:35	WARN	SDAlgorithmMSClean::takeOneStep (file /Users/casaci/bamboohome/xml-data/build-dir/CASASPECS-RELEASE675BUILDCASALITH-BPO15ARMPY313/casa6/casatools/src/code/synthesis/ImagerObjects/SDAlgorithmMSClean.cc, line 185)	MSClean minor cycle stopped at large scale negative or diverging
5 of 52 solutions flagged due to SNR < 1 in spw=0 at 2021/07/25/23:57:11.3
2 of 52 solutions flagged due to SNR < 1 in spw=0 at 2021/07/25/23:57:11.3
4 of 52 solutions flagged due to SNR < 1 in spw=0 at 2021/07/25/23:57:11.4
5 of 52 solutions flagged due to SNR < 1 in spw=0 at 2021/07/25/23:57:11.2
2026-05-13 10:57:08	WARN	SDAlgorithmMSClean::takeOneStep (file /Users/casaci/bamboohome/xml-data/build-dir/CASASPECS-RELEASE675BUILDCASALITH-BPO15ARMPY313/casa6/casatools/src/code/synthesis/ImagerObjects/SDAlgorithmMSClean.cc, line 185)	MSClean minor cycle stopped at large scale negative or diverging
2026-05-13 10:57:36	WARN	SDAlgorithmMSClean::takeOneStep (file /Users/casaci/bamboohome/xml-data/build-dir/CASASPECS-RELEASE675BUILDCASALITH-BPO15ARMPY313/casa6/casatools/src/code/synthesis/ImagerObjects/SDAlgorithmMSClean.cc, line 185)	MSClean minor cycle stopped at large scale negative or diverging
2026-05-13 10:58:01	WARN	SDAlgorithmMSClean::takeOneStep (file /Users/casaci/bamboohome/xml-data/build-dir/CASASPECS-RELEASE675BUILDCASALITH-BPO15ARMPY313/casa6/casatools/src/code/synthesis/ImagerObjects/SDAlgorithmMSClean.cc, line 185)	MSClean minor cycle stopped at large scale negative or diverging
2026-05-13 10:58:04	WARN	SDAlgorithmMSClean::takeOneStep (file /Users/casaci/bamboohome/xml-data/build-dir/CASASPECS-RELEASE675BUILDCASALITH-BPO15ARMPY313/casa6/casatools/src/code/synthesis/ImagerObjects/SDAlgorithmMSClean.cc, line 185)	MSClean minor cycle stopped at large scale negative or diverging
2026-05-13 10:58:19	WARN	SDAlgorithmMSClean::takeOneStep (file /Users/casaci/bamboohome/xml-data/build-dir/CASASPECS-RELEASE675BUILDCASALITH-BPO15ARMPY313/casa6/casatools/src/code/synthesis/ImagerObjects/SDAlgorithmMSClean.cc, line 185)	MSClean minor cycle stopped at large scale negative or diverging
2026-05-13 10:58:22	WARN	SDAlgorithmMSClean::takeOneStep (file /Users/casaci/bamboohome/xml-data/build-dir/CASASPECS-RELEASE675BUILDCASALITH-BPO15ARMPY313/casa6/casatools/src/code/synthesis/ImagerObjects/SDAlgorithmMSClean.cc, line 185)	MSClean minor cycle stopped at large scale negative or diverging
2026-05-13 10:58:25	WARN	SDAlgorithmMSClean::takeOneStep (file /Users/casaci/bamboohome/xml-data/build-dir/CASASPECS-RELEASE675BUILDCASALITH-BPO15ARMPY313/casa6/casatools/src/code/synthesis/ImagerObjects/SDAlgorithmMSClean.cc, line 185)	MSClean minor cycle stopped at large scale negative or diverging
2026-05-13 10:58:42	WARN	SDAlgorithmMSClean::takeOneStep (file /Users/casaci/bamboohome/xml-data/build-dir/CASASPECS-RELEASE675BUILDCASALITH-BPO15ARMPY313/casa6/casatools/src/code/synthesis/ImagerObjects/SDAlgorithmMSClean.cc, line 185)	MSClean minor cycle stopped at large scale negative or diverging
2026-05-13 10:58:46	WARN	SDAlgorithmMSClean::takeOneStep (file /Users/casaci/bamboohome/xml-data/build-dir/CASASPECS-RELEASE675BUILDCASALITH-BPO15ARMPY313/casa6/casatools/src/code/synthesis/ImagerObjects/SDAlgorithmMSClean.cc, line 185)	MSClean minor cycle stopped at large scale negative or diverging
2026-05-13 10:59:04	WARN	SDAlgorithmMSClean::takeOneStep (file /Users/casaci/bamboohome/xml-data/build-dir/CASASPECS-RELEASE675BUILDCASALITH-BPO15ARMPY313/casa6/casatools/src/code/synthesis/ImagerObjects/SDAlgorithmMSClean.cc, line 185)	MSClean minor cycle stopped at large scale negative or diverging
2026-05-13 10:59:07	WARN	SDAlgorithmMSClean::takeOneStep (file /Users/casaci/bamboohome/xml-data/build-dir/CASASPECS-RELEASE675BUILDCASALITH-BPO15ARMPY313/casa6/casatools/src/code/synthesis/ImagerObjects/SDAlgorithmMSClean.cc, line 185)	MSClean minor cycle stopped at large scale negative or diverging
2026-05-13 10:59:13	WARN	SDAlgorithmMSClean::takeOneStep (file /Users/casaci/bamboohome/xml-data/build-dir/CASASPECS-RELEASE675BUILDCASALITH-BPO15ARMPY313/casa6/casatools/src/code/synthesis/ImagerObjects/SDAlgorithmMSClean.cc, line 185)	MSClean minor cycle stopped at large scale negative or diverging
2026-05-13 10:59:16	WARN	SDAlgorithmMSClean::takeOneStep (file /Users/casaci/bamboohome/xml-data/build-dir/CASASPECS-RELEASE675BUILDCASALITH-BPO15ARMPY313/casa6/casatools/src/code/synthesis/ImagerObjects/SDAlgorithmMSClean.cc, line 185)	MSClean minor cycle stopped at large scale negative or diverging
2026-05-13 10:59:30	WARN	SDAlgorithmMSClean::takeOneStep (file /Users/casaci/bamboohome/xml-data/build-dir/CASASPECS-RELEASE675BUILDCASALITH-BPO15ARMPY313/casa6/casatools/src/code/synthesis/ImagerObjects/SDAlgorithmMSClean.cc, line 185)	MSClean minor cycle stopped at large scale negative or diverging
2026-05-13 10:59:44	WARN	SDAlgorithmMSClean::takeOneStep (file /Users/casaci/bamboohome/xml-data/build-dir/CASASPECS-RELEASE675BUILDCASALITH-BPO15ARMPY313/casa6/casatools/src/code/synthesis/ImagerObjects/SDAlgorithmMSClean.cc, line 185)	MSClean minor cycle stopped at large scale negative or diverging
2026-05-13 11:01:57	WARN	SDAlgorithmMSClean::takeOneStep (file /Users/casaci/bamboohome/xml-data/build-dir/CASASPECS-RELEASE675BUILDCASALITH-BPO15ARMPY313/casa6/casatools/src/code/synthesis/ImagerObjects/SDAlgorithmMSClean.cc, line 185)	MSClean minor cycle stopped at large scale negative or diverging
2026-05-13 11:02:00	WARN	SDAlgorithmMSClean::takeOneStep (file /Users/casaci/bamboohome/xml-data/build-dir/CASASPECS-RELEASE675BUILDCASALITH-BPO15ARMPY313/casa6/casatools/src/code/synthesis/ImagerObjects/SDAlgorithmMSClean.cc, line 185)	MSClean minor cycle stopped at large scale negative or diverging
2026-05-13 11:02:14	WARN	SDAlgorithmMSClean::takeOneStep (file /Users/casaci/bamboohome/xml-data/build-dir/CASASPECS-RELEASE675BUILDCASALITH-BPO15ARMPY313/casa6/casatools/src/code/synthesis/ImagerObjects/SDAlgorithmMSClean.cc, line 185)	MSClean minor cycle stopped at large scale negative or diverging
2026-05-13 11:02:19	WARN	SDAlgorithmMSClean::takeOneStep (file /Users/casaci/bamboohome/xml-data/build-dir/CASASPECS-RELEASE675BUILDCASALITH-BPO15ARMPY313/casa6/casatools/src/code/synthesis/ImagerObjects/SDAlgorithmMSClean.cc, line 185)	MSClean minor cycle stopped at large scale negative or diverging
2026-05-13 11:02:34	WARN	SDAlgorithmMSClean::takeOneStep (file /Users/casaci/bamboohome/xml-data/build-dir/CASASPECS-RELEASE675BUILDCASALITH-BPO15ARMPY313/casa6/casatools/src/code/synthesis/ImagerObjects/SDAlgorithmMSClean.cc, line 185)	MSClean minor cycle stopped at large scale negative or diverging
2026-05-13 11:02:38	WARN	SDAlgorithmMSClean::takeOneStep (file /Users/casaci/bamboohome/xml-data/build-dir/CASASPECS-RELEASE675BUILDCASALITH-BPO15ARMPY313/casa6/casatools/src/code/synthesis/ImagerObjects/SDAlgorithmMSClean.cc, line 185)	MSClean minor cycle stopped at large scale negative or diverging
2026-05-13 11:02:54	WARN	SDAlgorithmMSClean::takeOneStep (file /Users/casaci/bamboohome/xml-data/build-dir/CASASPECS-RELEASE675BUILDCASALITH-BPO15ARMPY313/casa6/casatools/src/code/synthesis/ImagerObjects/SDAlgorithmMSClean.cc, line 185)	MSClean minor cycle stopped at large scale negative or diverging
2026-05-13 11:02:57	WARN	SDAlgorithmMSClean::takeOneStep (file /Users/casaci/bamboohome/xml-data/build-dir/CASASPECS-RELEASE675BUILDCASALITH-BPO15ARMPY313/casa6/casatools/src/code/synthesis/ImagerObjects/SDAlgorithmMSClean.cc, line 185)	MSClean minor cycle stopped at large scale negative or diverging
2026-05-13 11:03:01	WARN	SDAlgorithmMSClean::takeOneStep (file /Users/casaci/bamboohome/xml-data/build-dir/CASASPECS-RELEASE675BUILDCASALITH-BPO15ARMPY313/casa6/casatools/src/code/synthesis/ImagerObjects/SDAlgorithmMSClean.cc, line 185)	MSClean minor cycle stopped at large scale negative or diverging
2026-05-13 11:03:04	WARN	SDAlgorithmMSClean::takeOneStep (file /Users/casaci/bamboohome/xml-data/build-dir/CASASPECS-RELEASE675BUILDCASALITH-BPO15ARMPY313/casa6/casatools/src/code/synthesis/ImagerObjects/SDAlgorithmMSClean.cc, line 185)	MSClean minor cycle stopped at large scale negative or diverging
2026-05-13 11:03:29	WARN	SDAlgorithmMSClean::takeOneStep (file /Users/casaci/bamboohome/xml-data/build-dir/CASASPECS-RELEASE675BUILDCASALITH-BPO15ARMPY313/casa6/casatools/src/code/synthesis/ImagerObjects/SDAlgorithmMSClean.cc, line 185)	MSClean minor cycle stopped at large scale negative or diverging
2026-05-13 11:03:32	WARN	SDAlgorithmMSClean::takeOneStep (file /Users/casaci/bamboohome/xml-data/build-dir/CASASPECS-RELEASE675BUILDCASALITH-BPO15ARMPY313/casa6/casatools/src/code/synthesis/ImagerObjects/SDAlgorithmMSClean.cc, line 185)	MSClean minor cycle stopped at large scale negative or diverging
2026-05-13 11:03:45	WARN	SDAlgorithmMSClean::takeOneStep (file /Users/casaci/bamboohome/xml-data/build-dir/CASASPECS-RELEASE675BUILDCASALITH-BPO15ARMPY313/casa6/casatools/src/code/synthesis/ImagerObjects/SDAlgorithmMSClean.cc, line 185)	MSClean minor cycle stopped at large scale negative or diverging
2026-05-13 11:04:00	WARN	SDAlgorithmMSClean::takeOneStep (file /Users/casaci/bamboohome/xml-data/build-dir/CASASPECS-RELEASE675BUILDCASALITH-BPO15ARMPY313/casa6/casatools/src/code/synthesis/ImagerObjects/SDAlgorithmMSClean.cc, line 185)	MSClean minor cycle stopped at large scale negative or diverging
2026-05-13 11:04:03	WARN	SDAlgorithmMSClean::takeOneStep (file /Users/casaci/bamboohome/xml-data/build-dir/CASASPECS-RELEASE675BUILDCASALITH-BPO15ARMPY313/casa6/casatools/src/code/synthesis/ImagerObjects/SDAlgorithmMSClean.cc, line 185)	MSClean minor cycle stopped at large scale negative or diverging
2 of 52 solutions flagged due to SNR < 1 in spw=0 at 2021/07/25/23:58:29.6
2 of 52 solutions flagged due to SNR < 1 in spw=0 at 2021/07/25/23:58:29.5
1 of 52 solutions flagged due to SNR < 1 in spw=0 at 2021/07/25/23:58:29.8
2 of 52 solutions flagged due to SNR < 1 in spw=0 at 2021/07/25/23:58:29.9
2026-05-13 11:10:28	WARN	SDAlgorithmMSClean::takeOneStep (file /Users/casaci/bamboohome/xml-data/build-dir/CASASPECS-RELEASE675BUILDCASALITH-BPO15ARMPY313/casa6/casatools/src/code/synthesis/ImagerObjects/SDAlgorithmMSClean.cc, line 185)	MSClean minor cycle stopped at large scale negative or diverging
1 of 52 solutions flagged due to SNR < 1 in spw=0 at 2021/07/25/23:58:30.0
2026-05-13 11:14:01	WARN	SDAlgorithmMSClean::takeOneStep (file /Users/casaci/bamboohome/xml-data/build-dir/CASASPECS-RELEASE675BUILDCASALITH-BPO15ARMPY313/casa6/casatools/src/code/synthesis/ImagerObjects/SDAlgorithmMSClean.cc, line 185)	MSClean minor cycle stopped at large scale negative or diverging
1 of 52 solutions flagged due to SNR < 1 in spw=0 at 2021/07/25/23:59:53.6
1 of 52 solutions flagged due to SNR < 1 in spw=0 at 2021/07/25/23:59:54.1
1 of 52 solutions flagged due to SNR < 1 in spw=0 at 2021/07/25/23:59:53.7
2026-05-13 11:19:31	WARN	SDAlgorithmMSClean::takeOneStep (file /Users/casaci/bamboohome/xml-data/build-dir/CASASPECS-RELEASE675BUILDCASALITH-BPO15ARMPY313/casa6/casatools/src/code/synthesis/ImagerObjects/SDAlgorithmMSClean.cc, line 185)	MSClean minor cycle stopped at large scale negative or diverging
2026-05-13 11:23:52	WARN	SDAlgorithmMSClean::takeOneStep (file /Users/casaci/bamboohome/xml-data/build-dir/CASASPECS-RELEASE675BUILDCASALITH-BPO15ARMPY313/casa6/casatools/src/code/synthesis/ImagerObjects/SDAlgorithmMSClean.cc, line 185)	MSClean minor cycle stopped at large scale negative or diverging
2026-05-13 11:24:05	WARN	SDAlgorithmMSClean::takeOneStep (file /Users/casaci/bamboohome/xml-data/build-dir/CASASPECS-RELEASE675BUILDCASALITH-BPO15ARMPY313/casa6/casatools/src/code/synthesis/ImagerObjects/SDAlgorithmMSClean.cc, line 185)	MSClean minor cycle stopped at large scale negative or diverging
1 of 52 solutions flagged due to SNR < 1 in spw=0 at 2021/07/26/00:01:15.5
[selfcal-dev] Using index: /Users/raj030/DATA/gmrt_40_014/work/split/moon/moon0520_primary_secondary_calibrated_flagged_additional_flags_from_clustering.uvfits.row_index_cache.npz
[selfcal-dev] Scan MOON0520 (id=8): 113 integrations, dump=8s
[selfcal-dev] Processing integrations: [0, 1, 2, 3, 4, 5, 6, 7, 8, 9, 10, 11, 12, 13, 14, 15, 16, 17, 18, 19, 20, 21, 22, 23, 24, 25, 26, 27, 28, 29, 30, 31, 32, 33, 34, 35, 36, 37, 38, 39, 40, 41, 42, 43, 44, 45, 46, 47, 48, 49, 50, 51, 52, 53, 54, 55, 56, 57, 58, 59, 60, 61, 62, 63, 64, 65, 66, 67, 68, 69, 70, 71, 72, 73, 74, 75, 76, 77, 78, 79, 80, 81, 82, 83, 84, 85, 86, 87, 88, 89, 90, 91, 92, 93, 94, 95, 96, 97, 98, 99, 100, 101, 102, 103, 104, 105, 106, 107, 108, 109, 110, 111, 112] (stack_size=10)
[selfcal-dev] Importing UVFITS → /Users/raj030/DATA/gmrt_40_014/work/casa_selfcal/moon0520_stk10_nomask/moon0520_full.ms
[selfcal-dev] Patching UVFITS for CASA (PMRA/PMDEC=0 in SU table)
[selfcal-dev] Cycle 1 params: niter=100, img uvmin=Nonekλ uvmax=Nonekλ, cal uvmin=Nonekλ uvmax=Nonekλ, scales=[0, 5, 15]
[selfcal-dev] Cycle 2 params: niter=200, img uvmin=Nonekλ uvmax=Nonekλ, cal uvmin=Nonekλ uvmax=Nonekλ, scales=[0, 5, 15]
[selfcal-dev] Cycle 3 params: niter=400, img uvmin=Nonekλ uvmax=Nonekλ, cal uvmin=Nonekλ uvmax=Nonekλ, scales=[0, 5, 15, 45]
[selfcal-dev] Cycle 4 params: niter=600, img uvmin=Nonekλ uvmax=Nonekλ, cal uvmin=Nonekλ uvmax=Nonekλ, scales=[0, 5, 15, 45]
[selfcal-dev] Cycle 5 params: niter=1000, img uvmin=Nonekλ uvmax=Nonekλ, cal uvmin=Nonekλ uvmax=Nonekλ, scales=[0, 5, 15, 45, 90]

[selfcal-dev] === Stack start_idx=0  n=10  JD=2459421.496724..2459421.497563  timerange=2021/07/25/23:55:12~2021/07/25/23:56:33 ===
[selfcal-dev]   Moon at RA=330.9674°  Dec=-17.4641°  offset=2.93arcmin from field centre  (image half-width=38.4arcmin)
[selfcal-dev]   mask=<none — no-mask mode>
[selfcal-dev]   Cycle 1/5: tclean niter=100  img_uvrange=''  cal_uvrange=''  scales=[0, 5, 15]
[selfcal-dev]   Cycle 1/5: gaincal → /Users/raj030/DATA/gmrt_40_014/work/casa_selfcal/moon0520_stk10_nomask/moon0520_stk0000_n10/moon0520_stk0000_n10_sc1.gcal
[selfcal-dev]     solmode='L1'  refant='1'  refantmode='flex'
[selfcal-dev]   Cycle 1/5: applycal
[selfcal-dev]   Cycle 1/5: exported /Users/raj030/DATA/gmrt_40_014/work/casa_selfcal/moon0520_stk10_nomask/moon0520_stk0000_n10/moon0520_stk0000_n10_sc1.fits
[selfcal-dev]   Cycle 2/5: tclean niter=200  img_uvrange=''  cal_uvrange=''  scales=[0, 5, 15]
[selfcal-dev]   Cycle 2/5: gaincal → /Users/raj030/DATA/gmrt_40_014/work/casa_selfcal/moon0520_stk10_nomask/moon0520_stk0000_n10/moon0520_stk0000_n10_sc2.gcal
[selfcal-dev]     solmode='L1'  refant='1'  refantmode='flex'
[selfcal-dev]   Cycle 2/5: applycal
[selfcal-dev]   Cycle 2/5: exported /Users/raj030/DATA/gmrt_40_014/work/casa_selfcal/moon0520_stk10_nomask/moon0520_stk0000_n10/moon0520_stk0000_n10_sc2.fits
[selfcal-dev]   Cycle 3/5: tclean niter=400  img_uvrange=''  cal_uvrange=''  scales=[0, 5, 15, 45]
[selfcal-dev]   Cycle 3/5: gaincal → /Users/raj030/DATA/gmrt_40_014/work/casa_selfcal/moon0520_stk10_nomask/moon0520_stk0000_n10/moon0520_stk0000_n10_sc3.gcal
[selfcal-dev]     solmode='L1'  refant='1'  refantmode='flex'
[selfcal-dev]   Cycle 3/5: applycal
[selfcal-dev]   Cycle 3/5: exported /Users/raj030/DATA/gmrt_40_014/work/casa_selfcal/moon0520_stk10_nomask/moon0520_stk0000_n10/moon0520_stk0000_n10_sc3.fits
[selfcal-dev]   Cycle 4/5: tclean niter=600  img_uvrange=''  cal_uvrange=''  scales=[0, 5, 15, 45]
[selfcal-dev]   Cycle 4/5: gaincal → /Users/raj030/DATA/gmrt_40_014/work/casa_selfcal/moon0520_stk10_nomask/moon0520_stk0000_n10/moon0520_stk0000_n10_sc4.gcal
[selfcal-dev]     solmode='L1'  refant='1'  refantmode='flex'
[selfcal-dev]   Cycle 4/5: applycal
[selfcal-dev]   Cycle 4/5: exported /Users/raj030/DATA/gmrt_40_014/work/casa_selfcal/moon0520_stk10_nomask/moon0520_stk0000_n10/moon0520_stk0000_n10_sc4.fits
[selfcal-dev]   Cycle 5/5: tclean niter=1000  img_uvrange=''  cal_uvrange=''  scales=[0, 5, 15, 45, 90]
[selfcal-dev]   Cycle 5/5: gaincal → /Users/raj030/DATA/gmrt_40_014/work/casa_selfcal/moon0520_stk10_nomask/moon0520_stk0000_n10/moon0520_stk0000_n10_sc5.gcal
[selfcal-dev]     solmode='L1'  refant='1'  refantmode='flex'
[selfcal-dev]   Cycle 5/5: applycal
[selfcal-dev]   Cycle 5/5: exported /Users/raj030/DATA/gmrt_40_014/work/casa_selfcal/moon0520_stk10_nomask/moon0520_stk0000_n10/moon0520_stk0000_n10_sc5.fits
[selfcal-dev]   Final image: tclean niter=1000  uvrange=''  scales=[0, 5, 15, 45, 90]
[selfcal-dev]   Exported: /Users/raj030/DATA/gmrt_40_014/work/casa_selfcal/moon0520_stk10_nomask/moon0520_stk0000_n10/moon0520_stk0000_n10_final.fits

[selfcal-dev] === Stack start_idx=10  n=10  JD=2459421.497656..2459421.498495  timerange=2021/07/25/23:56:33~2021/07/25/23:57:53 ===
[selfcal-dev]   Moon at RA=330.9762°  Dec=-17.4587°  offset=3.53arcmin from field centre  (image half-width=38.4arcmin)
[selfcal-dev]   mask=<none — no-mask mode>
[selfcal-dev]   Cycle 1/5: tclean niter=100  img_uvrange=''  cal_uvrange=''  scales=[0, 5, 15]
[selfcal-dev]   Cycle 1/5: gaincal → /Users/raj030/DATA/gmrt_40_014/work/casa_selfcal/moon0520_stk10_nomask/moon0520_stk0010_n10/moon0520_stk0010_n10_sc1.gcal
[selfcal-dev]     solmode='L1'  refant='1'  refantmode='flex'
[selfcal-dev]   Cycle 1/5: applycal
[selfcal-dev]   Cycle 1/5: exported /Users/raj030/DATA/gmrt_40_014/work/casa_selfcal/moon0520_stk10_nomask/moon0520_stk0010_n10/moon0520_stk0010_n10_sc1.fits
[selfcal-dev]   Cycle 2/5: tclean niter=200  img_uvrange=''  cal_uvrange=''  scales=[0, 5, 15]
[selfcal-dev]   Cycle 2/5: gaincal → /Users/raj030/DATA/gmrt_40_014/work/casa_selfcal/moon0520_stk10_nomask/moon0520_stk0010_n10/moon0520_stk0010_n10_sc2.gcal
[selfcal-dev]     solmode='L1'  refant='1'  refantmode='flex'
[selfcal-dev]   Cycle 2/5: applycal
[selfcal-dev]   Cycle 2/5: exported /Users/raj030/DATA/gmrt_40_014/work/casa_selfcal/moon0520_stk10_nomask/moon0520_stk0010_n10/moon0520_stk0010_n10_sc2.fits
[selfcal-dev]   Cycle 3/5: tclean niter=400  img_uvrange=''  cal_uvrange=''  scales=[0, 5, 15, 45]
[selfcal-dev]   Cycle 3/5: gaincal → /Users/raj030/DATA/gmrt_40_014/work/casa_selfcal/moon0520_stk10_nomask/moon0520_stk0010_n10/moon0520_stk0010_n10_sc3.gcal
[selfcal-dev]     solmode='L1'  refant='1'  refantmode='flex'
[selfcal-dev]   Cycle 3/5: applycal
[selfcal-dev]   Cycle 3/5: exported /Users/raj030/DATA/gmrt_40_014/work/casa_selfcal/moon0520_stk10_nomask/moon0520_stk0010_n10/moon0520_stk0010_n10_sc3.fits
[selfcal-dev]   Cycle 4/5: tclean niter=600  img_uvrange=''  cal_uvrange=''  scales=[0, 5, 15, 45]
[selfcal-dev]   Cycle 4/5: gaincal → /Users/raj030/DATA/gmrt_40_014/work/casa_selfcal/moon0520_stk10_nomask/moon0520_stk0010_n10/moon0520_stk0010_n10_sc4.gcal
[selfcal-dev]     solmode='L1'  refant='1'  refantmode='flex'
[selfcal-dev]   Cycle 4/5: applycal
[selfcal-dev]   Cycle 4/5: exported /Users/raj030/DATA/gmrt_40_014/work/casa_selfcal/moon0520_stk10_nomask/moon0520_stk0010_n10/moon0520_stk0010_n10_sc4.fits
[selfcal-dev]   Cycle 5/5: tclean niter=1000  img_uvrange=''  cal_uvrange=''  scales=[0, 5, 15, 45, 90]
[selfcal-dev]   Cycle 5/5: gaincal → /Users/raj030/DATA/gmrt_40_014/work/casa_selfcal/moon0520_stk10_nomask/moon0520_stk0010_n10/moon0520_stk0010_n10_sc5.gcal
[selfcal-dev]     solmode='L1'  refant='1'  refantmode='flex'
[selfcal-dev]   Cycle 5/5: applycal
[selfcal-dev]   Cycle 5/5: exported /Users/raj030/DATA/gmrt_40_014/work/casa_selfcal/moon0520_stk10_nomask/moon0520_stk0010_n10/moon0520_stk0010_n10_sc5.fits
[selfcal-dev]   Final image: tclean niter=1000  uvrange=''  scales=[0, 5, 15, 45, 90]
[selfcal-dev]   Exported: /Users/raj030/DATA/gmrt_40_014/work/casa_selfcal/moon0520_stk10_nomask/moon0520_stk0010_n10/moon0520_stk0010_n10_final.fits

[selfcal-dev] === Stack start_idx=20  n=10  JD=2459421.498588..2459421.499427  timerange=2021/07/25/23:57:54~2021/07/25/23:59:14 ===
[selfcal-dev]   Moon at RA=330.9850°  Dec=-17.4532°  offset=4.13arcmin from field centre  (image half-width=38.4arcmin)
[selfcal-dev]   mask=<none — no-mask mode>
[selfcal-dev]   Cycle 1/5: tclean niter=100  img_uvrange=''  cal_uvrange=''  scales=[0, 5, 15]2026-05-13 11:29:32	WARN	SDAlgorithmMSClean::takeOneStep (file /Users/casaci/bamboohome/xml-data/build-dir/CASASPECS-RELEASE675BUILDCASALITH-BPO15ARMPY313/casa6/casatools/src/code/synthesis/ImagerObjects/SDAlgorithmMSClean.cc, line 185)	MSClean minor cycle stopped at large scale negative or diverging
2026-05-13 11:29:36	WARN	SDAlgorithmMSClean::takeOneStep (file /Users/casaci/bamboohome/xml-data/build-dir/CASASPECS-RELEASE675BUILDCASALITH-BPO15ARMPY313/casa6/casatools/src/code/synthesis/ImagerObjects/SDAlgorithmMSClean.cc, line 185)	MSClean minor cycle stopped at large scale negative or diverging
2026-05-13 11:29:40	WARN	SDAlgorithmMSClean::takeOneStep (file /Users/casaci/bamboohome/xml-data/build-dir/CASASPECS-RELEASE675BUILDCASALITH-BPO15ARMPY313/casa6/casatools/src/code/synthesis/ImagerObjects/SDAlgorithmMSClean.cc, line 185)	MSClean minor cycle stopped at large scale negative or diverging
2026-05-13 11:29:43	WARN	SDAlgorithmMSClean::takeOneStep (file /Users/casaci/bamboohome/xml-data/build-dir/CASASPECS-RELEASE675BUILDCASALITH-BPO15ARMPY313/casa6/casatools/src/code/synthesis/ImagerObjects/SDAlgorithmMSClean.cc, line 185)	MSClean minor cycle stopped at large scale negative or diverging
2026-05-13 11:29:47	WARN	SDAlgorithmMSClean::takeOneStep (file /Users/casaci/bamboohome/xml-data/build-dir/CASASPECS-RELEASE675BUILDCASALITH-BPO15ARMPY313/casa6/casatools/src/code/synthesis/ImagerObjects/SDAlgorithmMSClean.cc, line 185)	MSClean minor cycle stopped at large scale negative or diverging
2026-05-13 11:29:50	WARN	SDAlgorithmMSClean::takeOneStep (file /Users/casaci/bamboohome/xml-data/build-dir/CASASPECS-RELEASE675BUILDCASALITH-BPO15ARMPY313/casa6/casatools/src/code/synthesis/ImagerObjects/SDAlgorithmMSClean.cc, line 185)	MSClean minor cycle stopped at large scale negative or diverging
2026-05-13 11:29:53	WARN	SDAlgorithmMSClean::takeOneStep (file /Users/casaci/bamboohome/xml-data/build-dir/CASASPECS-RELEASE675BUILDCASALITH-BPO15ARMPY313/casa6/casatools/src/code/synthesis/ImagerObjects/SDAlgorithmMSClean.cc, line 185)	MSClean minor cycle stopped at large scale negative or diverging
2026-05-13 11:30:11	WARN	SDAlgorithmMSClean::takeOneStep (file /Users/casaci/bamboohome/xml-data/build-dir/CASASPECS-RELEASE675BUILDCASALITH-BPO15ARMPY313/casa6/casatools/src/code/synthesis/ImagerObjects/SDAlgorithmMSClean.cc, line 185)	MSClean minor cycle stopped at large scale negative or diverging
2026-05-13 11:30:15	WARN	SDAlgorithmMSClean::takeOneStep (file /Users/casaci/bamboohome/xml-data/build-dir/CASASPECS-RELEASE675BUILDCASALITH-BPO15ARMPY313/casa6/casatools/src/code/synthesis/ImagerObjects/SDAlgorithmMSClean.cc, line 185)	MSClean minor cycle stopped at large scale negative or diverging
2026-05-13 11:30:19	WARN	SDAlgorithmMSClean::takeOneStep (file /Users/casaci/bamboohome/xml-data/build-dir/CASASPECS-RELEASE675BUILDCASALITH-BPO15ARMPY313/casa6/casatools/src/code/synthesis/ImagerObjects/SDAlgorithmMSClean.cc, line 185)	MSClean minor cycle stopped at large scale negative or diverging
2026-05-13 11:30:22	WARN	SDAlgorithmMSClean::takeOneStep (file /Users/casaci/bamboohome/xml-data/build-dir/CASASPECS-RELEASE675BUILDCASALITH-BPO15ARMPY313/casa6/casatools/src/code/synthesis/ImagerObjects/SDAlgorithmMSClean.cc, line 185)	MSClean minor cycle stopped at large scale negative or diverging
2026-05-13 11:30:25	WARN	SDAlgorithmMSClean::takeOneStep (file /Users/casaci/bamboohome/xml-data/build-dir/CASASPECS-RELEASE675BUILDCASALITH-BPO15ARMPY313/casa6/casatools/src/code/synthesis/ImagerObjects/SDAlgorithmMSClean.cc, line 185)	MSClean minor cycle stopped at large scale negative or diverging
2026-05-13 11:30:43	WARN	SDAlgorithmMSClean::takeOneStep (file /Users/casaci/bamboohome/xml-data/build-dir/CASASPECS-RELEASE675BUILDCASALITH-BPO15ARMPY313/casa6/casatools/src/code/synthesis/ImagerObjects/SDAlgorithmMSClean.cc, line 185)	MSClean minor cycle stopped at large scale negative or diverging
2026-05-13 11:30:46	WARN	SDAlgorithmMSClean::takeOneStep (file /Users/casaci/bamboohome/xml-data/build-dir/CASASPECS-RELEASE675BUILDCASALITH-BPO15ARMPY313/casa6/casatools/src/code/synthesis/ImagerObjects/SDAlgorithmMSClean.cc, line 185)	MSClean minor cycle stopped at large scale negative or diverging
2026-05-13 11:31:00	WARN	SDAlgorithmMSClean::takeOneStep (file /Users/casaci/bamboohome/xml-data/build-dir/CASASPECS-RELEASE675BUILDCASALITH-BPO15ARMPY313/casa6/casatools/src/code/synthesis/ImagerObjects/SDAlgorithmMSClean.cc, line 185)	MSClean minor cycle stopped at large scale negative or diverging
2026-05-13 11:31:17	WARN	SDAlgorithmMSClean::takeOneStep (file /Users/casaci/bamboohome/xml-data/build-dir/CASASPECS-RELEASE675BUILDCASALITH-BPO15ARMPY313/casa6/casatools/src/code/synthesis/ImagerObjects/SDAlgorithmMSClean.cc, line 185)	MSClean minor cycle stopped at large scale negative or diverging
2026-05-13 11:31:40	WARN	SDAlgorithmMSClean::takeOneStep (file /Users/casaci/bamboohome/xml-data/build-dir/CASASPECS-RELEASE675BUILDCASALITH-BPO15ARMPY313/casa6/casatools/src/code/synthesis/ImagerObjects/SDAlgorithmMSClean.cc, line 185)	MSClean minor cycle stopped at large scale negative or diverging
2026-05-13 11:31:56	WARN	SDAlgorithmMSClean::takeOneStep (file /Users/casaci/bamboohome/xml-data/build-dir/CASASPECS-RELEASE675BUILDCASALITH-BPO15ARMPY313/casa6/casatools/src/code/synthesis/ImagerObjects/SDAlgorithmMSClean.cc, line 185)	MSClean minor cycle stopped at large scale negative or diverging
2026-05-13 11:32:10	WARN	SDAlgorithmMSClean::takeOneStep (file /Users/casaci/bamboohome/xml-data/build-dir/CASASPECS-RELEASE675BUILDCASALITH-BPO15ARMPY313/casa6/casatools/src/code/synthesis/ImagerObjects/SDAlgorithmMSClean.cc, line 185)	MSClean minor cycle stopped at large scale negative or diverging
2026-05-13 11:32:24	WARN	SDAlgorithmMSClean::takeOneStep (file /Users/casaci/bamboohome/xml-data/build-dir/CASASPECS-RELEASE675BUILDCASALITH-BPO15ARMPY313/casa6/casatools/src/code/synthesis/ImagerObjects/SDAlgorithmMSClean.cc, line 185)	MSClean minor cycle stopped at large scale negative or diverging
2026-05-13 11:32:37	WARN	SDAlgorithmMSClean::takeOneStep (file /Users/casaci/bamboohome/xml-data/build-dir/CASASPECS-RELEASE675BUILDCASALITH-BPO15ARMPY313/casa6/casatools/src/code/synthesis/ImagerObjects/SDAlgorithmMSClean.cc, line 185)	MSClean minor cycle stopped at large scale negative or diverging
2026-05-13 11:32:45	WARN	SDAlgorithmMSClean::takeOneStep (file /Users/casaci/bamboohome/xml-data/build-dir/CASASPECS-RELEASE675BUILDCASALITH-BPO15ARMPY313/casa6/casatools/src/code/synthesis/ImagerObjects/SDAlgorithmMSClean.cc, line 185)	MSClean minor cycle stopped at large scale negative or diverging
2026-05-13 11:32:59	WARN	SDAlgorithmMSClean::takeOneStep (file /Users/casaci/bamboohome/xml-data/build-dir/CASASPECS-RELEASE675BUILDCASALITH-BPO15ARMPY313/casa6/casatools/src/code/synthesis/ImagerObjects/SDAlgorithmMSClean.cc, line 185)	MSClean minor cycle stopped at large scale negative or diverging
2026-05-13 11:33:13	WARN	SDAlgorithmMSClean::takeOneStep (file /Users/casaci/bamboohome/xml-data/build-dir/CASASPECS-RELEASE675BUILDCASALITH-BPO15ARMPY313/casa6/casatools/src/code/synthesis/ImagerObjects/SDAlgorithmMSClean.cc, line 185)	MSClean minor cycle stopped at large scale negative or diverging
2026-05-13 11:33:45	WARN	SDAlgorithmMSClean::takeOneStep (file /Users/casaci/bamboohome/xml-data/build-dir/CASASPECS-RELEASE675BUILDCASALITH-BPO15ARMPY313/casa6/casatools/src/code/synthesis/ImagerObjects/SDAlgorithmMSClean.cc, line 185)	MSClean minor cycle stopped at large scale negative or diverging
2026-05-13 11:33:48	WARN	SDAlgorithmMSClean::takeOneStep (file /Users/casaci/bamboohome/xml-data/build-dir/CASASPECS-RELEASE675BUILDCASALITH-BPO15ARMPY313/casa6/casatools/src/code/synthesis/ImagerObjects/SDAlgorithmMSClean.cc, line 185)	MSClean minor cycle stopped at large scale negative or diverging
2026-05-13 11:34:01	WARN	SDAlgorithmMSClean::takeOneStep (file /Users/casaci/bamboohome/xml-data/build-dir/CASASPECS-RELEASE675BUILDCASALITH-BPO15ARMPY313/casa6/casatools/src/code/synthesis/ImagerObjects/SDAlgorithmMSClean.cc, line 185)	MSClean minor cycle stopped at large scale negative or diverging
2026-05-13 11:34:18	WARN	SDAlgorithmMSClean::takeOneStep (file /Users/casaci/bamboohome/xml-data/build-dir/CASASPECS-RELEASE675BUILDCASALITH-BPO15ARMPY313/casa6/casatools/src/code/synthesis/ImagerObjects/SDAlgorithmMSClean.cc, line 185)	MSClean minor cycle stopped at large scale negative or diverging
2026-05-13 11:34:32	WARN	SDAlgorithmMSClean::takeOneStep (file /Users/casaci/bamboohome/xml-data/build-dir/CASASPECS-RELEASE675BUILDCASALITH-BPO15ARMPY313/casa6/casatools/src/code/synthesis/ImagerObjects/SDAlgorithmMSClean.cc, line 185)	MSClean minor cycle stopped at large scale negative or diverging
2026-05-13 11:34:45	WARN	SDAlgorithmMSClean::takeOneStep (file /Users/casaci/bamboohome/xml-data/build-dir/CASASPECS-RELEASE675BUILDCASALITH-BPO15ARMPY313/casa6/casatools/src/code/synthesis/ImagerObjects/SDAlgorithmMSClean.cc, line 185)	MSClean minor cycle stopped at large scale negative or diverging
2026-05-13 11:34:58	WARN	SDAlgorithmMSClean::takeOneStep (file /Users/casaci/bamboohome/xml-data/build-dir/CASASPECS-RELEASE675BUILDCASALITH-BPO15ARMPY313/casa6/casatools/src/code/synthesis/ImagerObjects/SDAlgorithmMSClean.cc, line 185)	MSClean minor cycle stopped at large scale negative or diverging
2026-05-13 11:35:01	WARN	SDAlgorithmMSClean::takeOneStep (file /Users/casaci/bamboohome/xml-data/build-dir/CASASPECS-RELEASE675BUILDCASALITH-BPO15ARMPY313/casa6/casatools/src/code/synthesis/ImagerObjects/SDAlgorithmMSClean.cc, line 185)	MSClean minor cycle stopped at large scale negative or diverging
2026-05-13 11:35:14	WARN	SDAlgorithmMSClean::takeOneStep (file /Users/casaci/bamboohome/xml-data/build-dir/CASASPECS-RELEASE675BUILDCASALITH-BPO15ARMPY313/casa6/casatools/src/code/synthesis/ImagerObjects/SDAlgorithmMSClean.cc, line 185)	MSClean minor cycle stopped at large scale negative or diverging
2026-05-13 11:35:17	WARN	SDAlgorithmMSClean::takeOneStep (file /Users/casaci/bamboohome/xml-data/build-dir/CASASPECS-RELEASE675BUILDCASALITH-BPO15ARMPY313/casa6/casatools/src/code/synthesis/ImagerObjects/SDAlgorithmMSClean.cc, line 185)	MSClean minor cycle stopped at large scale negative or diverging
2026-05-13 11:35:30	WARN	SDAlgorithmMSClean::takeOneStep (file /Users/casaci/bamboohome/xml-data/build-dir/CASASPECS-RELEASE675BUILDCASALITH-BPO15ARMPY313/casa6/casatools/src/code/synthesis/ImagerObjects/SDAlgorithmMSClean.cc, line 185)	MSClean minor cycle stopped at large scale negative or diverging
2026-05-13 11:35:53	WARN	SDAlgorithmMSClean::takeOneStep (file /Users/casaci/bamboohome/xml-data/build-dir/CASASPECS-RELEASE675BUILDCASALITH-BPO15ARMPY313/casa6/casatools/src/code/synthesis/ImagerObjects/SDAlgorithmMSClean.cc, line 185)	MSClean minor cycle stopped at large scale negative or diverging
2026-05-13 11:36:07	WARN	SDAlgorithmMSClean::takeOneStep (file /Users/casaci/bamboohome/xml-data/build-dir/CASASPECS-RELEASE675BUILDCASALITH-BPO15ARMPY313/casa6/casatools/src/code/synthesis/ImagerObjects/SDAlgorithmMSClean.cc, line 185)	MSClean minor cycle stopped at large scale negative or diverging
2026-05-13 11:36:10	WARN	SDAlgorithmMSClean::takeOneStep (file /Users/casaci/bamboohome/xml-data/build-dir/CASASPECS-RELEASE675BUILDCASALITH-BPO15ARMPY313/casa6/casatools/src/code/synthesis/ImagerObjects/SDAlgorithmMSClean.cc, line 185)	MSClean minor cycle stopped at large scale negative or diverging
2026-05-13 11:36:14	WARN	SDAlgorithmMSClean::takeOneStep (file /Users/casaci/bamboohome/xml-data/build-dir/CASASPECS-RELEASE675BUILDCASALITH-BPO15ARMPY313/casa6/casatools/src/code/synthesis/ImagerObjects/SDAlgorithmMSClean.cc, line 185)	MSClean minor cycle stopped at large scale negative or diverging
2026-05-13 11:36:29	WARN	SDAlgorithmMSClean::takeOneStep (file /Users/casaci/bamboohome/xml-data/build-dir/CASASPECS-RELEASE675BUILDCASALITH-BPO15ARMPY313/casa6/casatools/src/code/synthesis/ImagerObjects/SDAlgorithmMSClean.cc, line 185)	MSClean minor cycle stopped at large scale negative or diverging
2026-05-13 11:36:43	WARN	SDAlgorithmMSClean::takeOneStep (file /Users/casaci/bamboohome/xml-data/build-dir/CASASPECS-RELEASE675BUILDCASALITH-BPO15ARMPY313/casa6/casatools/src/code/synthesis/ImagerObjects/SDAlgorithmMSClean.cc, line 185)	MSClean minor cycle stopped at large scale negative or diverging
2026-05-13 11:36:46	WARN	SDAlgorithmMSClean::takeOneStep (file /Users/casaci/bamboohome/xml-data/build-dir/CASASPECS-RELEASE675BUILDCASALITH-BPO15ARMPY313/casa6/casatools/src/code/synthesis/ImagerObjects/SDAlgorithmMSClean.cc, line 185)	MSClean minor cycle stopped at large scale negative or diverging
4 of 52 solutions flagged due to SNR < 1 in spw=0 at 2021/07/26/00:02:36.3
2026-05-13 11:38:59	WARN	SDAlgorithmMSClean::takeOneStep (file /Users/casaci/bamboohome/xml-data/build-dir/CASASPECS-RELEASE675BUILDCASALITH-BPO15ARMPY313/casa6/casatools/src/code/synthesis/ImagerObjects/SDAlgorithmMSClean.cc, line 185)	MSClean minor cycle stopped at large scale negative or diverging
2026-05-13 11:39:10	WARN	SDAlgorithmMSClean::takeOneStep (file /Users/casaci/bamboohome/xml-data/build-dir/CASASPECS-RELEASE675BUILDCASALITH-BPO15ARMPY313/casa6/casatools/src/code/synthesis/ImagerObjects/SDAlgorithmMSClean.cc, line 185)	MSClean minor cycle stopped at large scale negative or diverging
2 of 52 solutions flagged due to SNR < 1 in spw=0 at 2021/07/26/00:02:36.3
2026-05-13 11:40:39	WARN	SDAlgorithmMSClean::takeOneStep (file /Users/casaci/bamboohome/xml-data/build-dir/CASASPECS-RELEASE675BUILDCASALITH-BPO15ARMPY313/casa6/casatools/src/code/synthesis/ImagerObjects/SDAlgorithmMSClean.cc, line 185)	MSClean minor cycle stopped at large scale negative or diverging
2026-05-13 11:40:59	WARN	SDAlgorithmMSClean::takeOneStep (file /Users/casaci/bamboohome/xml-data/build-dir/CASASPECS-RELEASE675BUILDCASALITH-BPO15ARMPY313/casa6/casatools/src/code/synthesis/ImagerObjects/SDAlgorithmMSClean.cc, line 185)	MSClean minor cycle stopped at large scale negative or diverging
2026-05-13 11:41:22	WARN	SDAlgorithmMSClean::takeOneStep (file /Users/casaci/bamboohome/xml-data/build-dir/CASASPECS-RELEASE675BUILDCASALITH-BPO15ARMPY313/casa6/casatools/src/code/synthesis/ImagerObjects/SDAlgorithmMSClean.cc, line 185)	MSClean minor cycle stopped at large scale negative or diverging
2026-05-13 11:41:36	WARN	SDAlgorithmMSClean::takeOneStep (file /Users/casaci/bamboohome/xml-data/build-dir/CASASPECS-RELEASE675BUILDCASALITH-BPO15ARMPY313/casa6/casatools/src/code/synthesis/ImagerObjects/SDAlgorithmMSClean.cc, line 185)	MSClean minor cycle stopped at large scale negative or diverging
2026-05-13 11:41:40	WARN	SDAlgorithmMSClean::takeOneStep (file /Users/casaci/bamboohome/xml-data/build-dir/CASASPECS-RELEASE675BUILDCASALITH-BPO15ARMPY313/casa6/casatools/src/code/synthesis/ImagerObjects/SDAlgorithmMSClean.cc, line 185)	MSClean minor cycle stopped at large scale negative or diverging
2026-05-13 11:42:26	WARN	SDAlgorithmMSClean::takeOneStep (file /Users/casaci/bamboohome/xml-data/build-dir/CASASPECS-RELEASE675BUILDCASALITH-BPO15ARMPY313/casa6/casatools/src/code/synthesis/ImagerObjects/SDAlgorithmMSClean.cc, line 185)	MSClean minor cycle stopped at large scale negative or diverging
2026-05-13 11:42:32	WARN	SDAlgorithmMSClean::takeOneStep (file /Users/casaci/bamboohome/xml-data/build-dir/CASASPECS-RELEASE675BUILDCASALITH-BPO15ARMPY313/casa6/casatools/src/code/synthesis/ImagerObjects/SDAlgorithmMSClean.cc, line 185)	MSClean minor cycle stopped at large scale negative or diverging
2026-05-13 11:42:38	WARN	SDAlgorithmMSClean::takeOneStep (file /Users/casaci/bamboohome/xml-data/build-dir/CASASPECS-RELEASE675BUILDCASALITH-BPO15ARMPY313/casa6/casatools/src/code/synthesis/ImagerObjects/SDAlgorithmMSClean.cc, line 185)	MSClean minor cycle stopped at large scale negative or diverging
2026-05-13 11:42:45	WARN	SDAlgorithmMSClean::takeOneStep (file /Users/casaci/bamboohome/xml-data/build-dir/CASASPECS-RELEASE675BUILDCASALITH-BPO15ARMPY313/casa6/casatools/src/code/synthesis/ImagerObjects/SDAlgorithmMSClean.cc, line 185)	MSClean minor cycle stopped at large scale negative or diverging
2026-05-13 11:42:49	WARN	SDAlgorithmMSClean::takeOneStep (file /Users/casaci/bamboohome/xml-data/build-dir/CASASPECS-RELEASE675BUILDCASALITH-BPO15ARMPY313/casa6/casatools/src/code/synthesis/ImagerObjects/SDAlgorithmMSClean.cc, line 185)	MSClean minor cycle stopped at large scale negative or diverging
2026-05-13 11:43:17	WARN	SDAlgorithmMSClean::takeOneStep (file /Users/casaci/bamboohome/xml-data/build-dir/CASASPECS-RELEASE675BUILDCASALITH-BPO15ARMPY313/casa6/casatools/src/code/synthesis/ImagerObjects/SDAlgorithmMSClean.cc, line 185)	MSClean minor cycle stopped at large scale negative or diverging
2026-05-13 11:43:25	WARN	SDAlgorithmMSClean::takeOneStep (file /Users/casaci/bamboohome/xml-data/build-dir/CASASPECS-RELEASE675BUILDCASALITH-BPO15ARMPY313/casa6/casatools/src/code/synthesis/ImagerObjects/SDAlgorithmMSClean.cc, line 185)	MSClean minor cycle stopped at large scale negative or diverging
2026-05-13 11:43:29	WARN	SDAlgorithmMSClean::takeOneStep (file /Users/casaci/bamboohome/xml-data/build-dir/CASASPECS-RELEASE675BUILDCASALITH-BPO15ARMPY313/casa6/casatools/src/code/synthesis/ImagerObjects/SDAlgorithmMSClean.cc, line 185)	MSClean minor cycle stopped at large scale negative or diverging
2026-05-13 11:43:33	WARN	SDAlgorithmMSClean::takeOneStep (file /Users/casaci/bamboohome/xml-data/build-dir/CASASPECS-RELEASE675BUILDCASALITH-BPO15ARMPY313/casa6/casatools/src/code/synthesis/ImagerObjects/SDAlgorithmMSClean.cc, line 185)	MSClean minor cycle stopped at large scale negative or diverging
2026-05-13 11:43:47	WARN	SDAlgorithmMSClean::takeOneStep (file /Users/casaci/bamboohome/xml-data/build-dir/CASASPECS-RELEASE675BUILDCASALITH-BPO15ARMPY313/casa6/casatools/src/code/synthesis/ImagerObjects/SDAlgorithmMSClean.cc, line 185)	MSClean minor cycle stopped at large scale negative or diverging
2026-05-13 11:44:10	WARN	SDAlgorithmMSClean::takeOneStep (file /Users/casaci/bamboohome/xml-data/build-dir/CASASPECS-RELEASE675BUILDCASALITH-BPO15ARMPY313/casa6/casatools/src/code/synthesis/ImagerObjects/SDAlgorithmMSClean.cc, line 185)	MSClean minor cycle stopped at large scale negative or diverging
2026-05-13 11:44:13	WARN	SDAlgorithmMSClean::takeOneStep (file /Users/casaci/bamboohome/xml-data/build-dir/CASASPECS-RELEASE675BUILDCASALITH-BPO15ARMPY313/casa6/casatools/src/code/synthesis/ImagerObjects/SDAlgorithmMSClean.cc, line 185)	MSClean minor cycle stopped at large scale negative or diverging
2026-05-13 11:44:27	WARN	SDAlgorithmMSClean::takeOneStep (file /Users/casaci/bamboohome/xml-data/build-dir/CASASPECS-RELEASE675BUILDCASALITH-BPO15ARMPY313/casa6/casatools/src/code/synthesis/ImagerObjects/SDAlgorithmMSClean.cc, line 185)	MSClean minor cycle stopped at large scale negative or diverging
2026-05-13 11:44:50	WARN	SDAlgorithmMSClean::takeOneStep (file /Users/casaci/bamboohome/xml-data/build-dir/CASASPECS-RELEASE675BUILDCASALITH-BPO15ARMPY313/casa6/casatools/src/code/synthesis/ImagerObjects/SDAlgorithmMSClean.cc, line 185)	MSClean minor cycle stopped at large scale negative or diverging
2026-05-13 11:45:21	WARN	SDAlgorithmMSClean::takeOneStep (file /Users/casaci/bamboohome/xml-data/build-dir/CASASPECS-RELEASE675BUILDCASALITH-BPO15ARMPY313/casa6/casatools/src/code/synthesis/ImagerObjects/SDAlgorithmMSClean.cc, line 185)	MSClean minor cycle stopped at large scale negative or diverging
2026-05-13 11:45:33	WARN	SDAlgorithmMSClean::takeOneStep (file /Users/casaci/bamboohome/xml-data/build-dir/CASASPECS-RELEASE675BUILDCASALITH-BPO15ARMPY313/casa6/casatools/src/code/synthesis/ImagerObjects/SDAlgorithmMSClean.cc, line 185)	MSClean minor cycle stopped at large scale negative or diverging
2026-05-13 11:45:47	WARN	SDAlgorithmMSClean::takeOneStep (file /Users/casaci/bamboohome/xml-data/build-dir/CASASPECS-RELEASE675BUILDCASALITH-BPO15ARMPY313/casa6/casatools/src/code/synthesis/ImagerObjects/SDAlgorithmMSClean.cc, line 185)	MSClean minor cycle stopped at large scale negative or diverging
2026-05-13 11:45:50	WARN	SDAlgorithmMSClean::takeOneStep (file /Users/casaci/bamboohome/xml-data/build-dir/CASASPECS-RELEASE675BUILDCASALITH-BPO15ARMPY313/casa6/casatools/src/code/synthesis/ImagerObjects/SDAlgorithmMSClean.cc, line 185)	MSClean minor cycle stopped at large scale negative or diverging
2026-05-13 11:45:54	WARN	SDAlgorithmMSClean::takeOneStep (file /Users/casaci/bamboohome/xml-data/build-dir/CASASPECS-RELEASE675BUILDCASALITH-BPO15ARMPY313/casa6/casatools/src/code/synthesis/ImagerObjects/SDAlgorithmMSClean.cc, line 185)	MSClean minor cycle stopped at large scale negative or diverging
2026-05-13 11:45:57	WARN	SDAlgorithmMSClean::takeOneStep (file /Users/casaci/bamboohome/xml-data/build-dir/CASASPECS-RELEASE675BUILDCASALITH-BPO15ARMPY313/casa6/casatools/src/code/synthesis/ImagerObjects/SDAlgorithmMSClean.cc, line 185)	MSClean minor cycle stopped at large scale negative or diverging
2026-05-13 11:46:11	WARN	SDAlgorithmMSClean::takeOneStep (file /Users/casaci/bamboohome/xml-data/build-dir/CASASPECS-RELEASE675BUILDCASALITH-BPO15ARMPY313/casa6/casatools/src/code/synthesis/ImagerObjects/SDAlgorithmMSClean.cc, line 185)	MSClean minor cycle stopped at large scale negative or diverging
2026-05-13 11:46:24	WARN	SDAlgorithmMSClean::takeOneStep (file /Users/casaci/bamboohome/xml-data/build-dir/CASASPECS-RELEASE675BUILDCASALITH-BPO15ARMPY313/casa6/casatools/src/code/synthesis/ImagerObjects/SDAlgorithmMSClean.cc, line 185)	MSClean minor cycle stopped at large scale negative or diverging
2026-05-13 11:46:26	WARN	SDAlgorithmMSClean::takeOneStep (file /Users/casaci/bamboohome/xml-data/build-dir/CASASPECS-RELEASE675BUILDCASALITH-BPO15ARMPY313/casa6/casatools/src/code/synthesis/ImagerObjects/SDAlgorithmMSClean.cc, line 185)	MSClean minor cycle stopped at large scale negative or diverging
2026-05-13 11:47:40	WARN	SDAlgorithmMSClean::takeOneStep (file /Users/casaci/bamboohome/xml-data/build-dir/CASASPECS-RELEASE675BUILDCASALITH-BPO15ARMPY313/casa6/casatools/src/code/synthesis/ImagerObjects/SDAlgorithmMSClean.cc, line 185)	MSClean minor cycle stopped at large scale negative or diverging
2026-05-13 11:48:04	WARN	SDAlgorithmMSClean::takeOneStep (file /Users/casaci/bamboohome/xml-data/build-dir/CASASPECS-RELEASE675BUILDCASALITH-BPO15ARMPY313/casa6/casatools/src/code/synthesis/ImagerObjects/SDAlgorithmMSClean.cc, line 185)	MSClean minor cycle stopped at large scale negative or diverging
2026-05-13 11:48:47	WARN	SDAlgorithmMSClean::takeOneStep (file /Users/casaci/bamboohome/xml-data/build-dir/CASASPECS-RELEASE675BUILDCASALITH-BPO15ARMPY313/casa6/casatools/src/code/synthesis/ImagerObjects/SDAlgorithmMSClean.cc, line 185)	MSClean minor cycle stopped at large scale negative or diverging
2026-05-13 11:50:12	WARN	SDAlgorithmMSClean::takeOneStep (file /Users/casaci/bamboohome/xml-data/build-dir/CASASPECS-RELEASE675BUILDCASALITH-BPO15ARMPY313/casa6/casatools/src/code/synthesis/ImagerObjects/SDAlgorithmMSClean.cc, line 185)	MSClean minor cycle stopped at large scale negative or diverging
2026-05-13 11:50:33	WARN	SDAlgorithmMSClean::takeOneStep (file /Users/casaci/bamboohome/xml-data/build-dir/CASASPECS-RELEASE675BUILDCASALITH-BPO15ARMPY313/casa6/casatools/src/code/synthesis/ImagerObjects/SDAlgorithmMSClean.cc, line 185)	MSClean minor cycle stopped at large scale negative or diverging
2026-05-13 11:50:54	WARN	SDAlgorithmMSClean::takeOneStep (file /Users/casaci/bamboohome/xml-data/build-dir/CASASPECS-RELEASE675BUILDCASALITH-BPO15ARMPY313/casa6/casatools/src/code/synthesis/ImagerObjects/SDAlgorithmMSClean.cc, line 185)	MSClean minor cycle stopped at large scale negative or diverging
2026-05-13 11:51:05	WARN	SDAlgorithmMSClean::takeOneStep (file /Users/casaci/bamboohome/xml-data/build-dir/CASASPECS-RELEASE675BUILDCASALITH-BPO15ARMPY313/casa6/casatools/src/code/synthesis/ImagerObjects/SDAlgorithmMSClean.cc, line 185)	MSClean minor cycle stopped at large scale negative or diverging
1 of 52 solutions flagged due to SNR < 1 in spw=0 at 2021/07/26/00:03:57.6
2026-05-13 11:52:12	WARN	SDAlgorithmMSClean::takeOneStep (file /Users/casaci/bamboohome/xml-data/build-dir/CASASPECS-RELEASE675BUILDCASALITH-BPO15ARMPY313/casa6/casatools/src/code/synthesis/ImagerObjects/SDAlgorithmMSClean.cc, line 185)	MSClean minor cycle stopped at large scale negative or diverging
2026-05-13 11:52:23	WARN	SDAlgorithmMSClean::takeOneStep (file /Users/casaci/bamboohome/xml-data/build-dir/CASASPECS-RELEASE675BUILDCASALITH-BPO15ARMPY313/casa6/casatools/src/code/synthesis/ImagerObjects/SDAlgorithmMSClean.cc, line 185)	MSClean minor cycle stopped at large scale negative or diverging
2026-05-13 11:52:54	WARN	SDAlgorithmMSClean::takeOneStep (file /Users/casaci/bamboohome/xml-data/build-dir/CASASPECS-RELEASE675BUILDCASALITH-BPO15ARMPY313/casa6/casatools/src/code/synthesis/ImagerObjects/SDAlgorithmMSClean.cc, line 185)	MSClean minor cycle stopped at large scale negative or diverging
2026-05-13 11:53:06	WARN	SDAlgorithmMSClean::takeOneStep (file /Users/casaci/bamboohome/xml-data/build-dir/CASASPECS-RELEASE675BUILDCASALITH-BPO15ARMPY313/casa6/casatools/src/code/synthesis/ImagerObjects/SDAlgorithmMSClean.cc, line 185)	MSClean minor cycle stopped at large scale negative or diverging
1 of 52 solutions flagged due to SNR < 1 in spw=0 at 2021/07/26/00:03:57.5
2026-05-13 11:53:53	WARN	SDAlgorithmMSClean::takeOneStep (file /Users/casaci/bamboohome/xml-data/build-dir/CASASPECS-RELEASE675BUILDCASALITH-BPO15ARMPY313/casa6/casatools/src/code/synthesis/ImagerObjects/SDAlgorithmMSClean.cc, line 185)	MSClean minor cycle stopped at large scale negative or diverging
2026-05-13 11:54:06	WARN	SDAlgorithmMSClean::takeOneStep (file /Users/casaci/bamboohome/xml-data/build-dir/CASASPECS-RELEASE675BUILDCASALITH-BPO15ARMPY313/casa6/casatools/src/code/synthesis/ImagerObjects/SDAlgorithmMSClean.cc, line 185)	MSClean minor cycle stopped at large scale negative or diverging
2026-05-13 11:54:27	WARN	SDAlgorithmMSClean::takeOneStep (file /Users/casaci/bamboohome/xml-data/build-dir/CASASPECS-RELEASE675BUILDCASALITH-BPO15ARMPY313/casa6/casatools/src/code/synthesis/ImagerObjects/SDAlgorithmMSClean.cc, line 185)	MSClean minor cycle stopped at large scale negative or diverging
2026-05-13 11:54:30	WARN	SDAlgorithmMSClean::takeOneStep (file /Users/casaci/bamboohome/xml-data/build-dir/CASASPECS-RELEASE675BUILDCASALITH-BPO15ARMPY313/casa6/casatools/src/code/synthesis/ImagerObjects/SDAlgorithmMSClean.cc, line 185)	MSClean minor cycle stopped at large scale negative or diverging
2026-05-13 11:54:35	WARN	SDAlgorithmMSClean::takeOneStep (file /Users/casaci/bamboohome/xml-data/build-dir/CASASPECS-RELEASE675BUILDCASALITH-BPO15ARMPY313/casa6/casatools/src/code/synthesis/ImagerObjects/SDAlgorithmMSClean.cc, line 185)	MSClean minor cycle stopped at large scale negative or diverging
2026-05-13 11:55:17	WARN	SDAlgorithmMSClean::takeOneStep (file /Users/casaci/bamboohome/xml-data/build-dir/CASASPECS-RELEASE675BUILDCASALITH-BPO15ARMPY313/casa6/casatools/src/code/synthesis/ImagerObjects/SDAlgorithmMSClean.cc, line 185)	MSClean minor cycle stopped at large scale negative or diverging
2026-05-13 11:55:21	WARN	SDAlgorithmMSClean::takeOneStep (file /Users/casaci/bamboohome/xml-data/build-dir/CASASPECS-RELEASE675BUILDCASALITH-BPO15ARMPY313/casa6/casatools/src/code/synthesis/ImagerObjects/SDAlgorithmMSClean.cc, line 185)	MSClean minor cycle stopped at large scale negative or diverging
2026-05-13 11:55:24	WARN	SDAlgorithmMSClean::takeOneStep (file /Users/casaci/bamboohome/xml-data/build-dir/CASASPECS-RELEASE675BUILDCASALITH-BPO15ARMPY313/casa6/casatools/src/code/synthesis/ImagerObjects/SDAlgorithmMSClean.cc, line 185)	MSClean minor cycle stopped at large scale negative or diverging
2026-05-13 11:55:43	WARN	SDAlgorithmMSClean::takeOneStep (file /Users/casaci/bamboohome/xml-data/build-dir/CASASPECS-RELEASE675BUILDCASALITH-BPO15ARMPY313/casa6/casatools/src/code/synthesis/ImagerObjects/SDAlgorithmMSClean.cc, line 185)	MSClean minor cycle stopped at large scale negative or diverging
2026-05-13 11:55:47	WARN	SDAlgorithmMSClean::takeOneStep (file /Users/casaci/bamboohome/xml-data/build-dir/CASASPECS-RELEASE675BUILDCASALITH-BPO15ARMPY313/casa6/casatools/src/code/synthesis/ImagerObjects/SDAlgorithmMSClean.cc, line 185)	MSClean minor cycle stopped at large scale negative or diverging
2026-05-13 11:56:03	WARN	SDAlgorithmMSClean::takeOneStep (file /Users/casaci/bamboohome/xml-data/build-dir/CASASPECS-RELEASE675BUILDCASALITH-BPO15ARMPY313/casa6/casatools/src/code/synthesis/ImagerObjects/SDAlgorithmMSClean.cc, line 185)	MSClean minor cycle stopped at large scale negative or diverging
2026-05-13 11:56:07	WARN	SDAlgorithmMSClean::takeOneStep (file /Users/casaci/bamboohome/xml-data/build-dir/CASASPECS-RELEASE675BUILDCASALITH-BPO15ARMPY313/casa6/casatools/src/code/synthesis/ImagerObjects/SDAlgorithmMSClean.cc, line 185)	MSClean minor cycle stopped at large scale negative or diverging
2026-05-13 11:56:10	WARN	SDAlgorithmMSClean::takeOneStep (file /Users/casaci/bamboohome/xml-data/build-dir/CASASPECS-RELEASE675BUILDCASALITH-BPO15ARMPY313/casa6/casatools/src/code/synthesis/ImagerObjects/SDAlgorithmMSClean.cc, line 185)	MSClean minor cycle stopped at large scale negative or diverging
2026-05-13 11:56:14	WARN	SDAlgorithmMSClean::takeOneStep (file /Users/casaci/bamboohome/xml-data/build-dir/CASASPECS-RELEASE675BUILDCASALITH-BPO15ARMPY313/casa6/casatools/src/code/synthesis/ImagerObjects/SDAlgorithmMSClean.cc, line 185)	MSClean minor cycle stopped at large scale negative or diverging
2026-05-13 11:56:28	WARN	SDAlgorithmMSClean::takeOneStep (file /Users/casaci/bamboohome/xml-data/build-dir/CASASPECS-RELEASE675BUILDCASALITH-BPO15ARMPY313/casa6/casatools/src/code/synthesis/ImagerObjects/SDAlgorithmMSClean.cc, line 185)	MSClean minor cycle stopped at large scale negative or diverging
2026-05-13 11:56:41	WARN	SDAlgorithmMSClean::takeOneStep (file /Users/casaci/bamboohome/xml-data/build-dir/CASASPECS-RELEASE675BUILDCASALITH-BPO15ARMPY313/casa6/casatools/src/code/synthesis/ImagerObjects/SDAlgorithmMSClean.cc, line 185)	MSClean minor cycle stopped at large scale negative or diverging
2026-05-13 11:56:45	WARN	SDAlgorithmMSClean::takeOneStep (file /Users/casaci/bamboohome/xml-data/build-dir/CASASPECS-RELEASE675BUILDCASALITH-BPO15ARMPY313/casa6/casatools/src/code/synthesis/ImagerObjects/SDAlgorithmMSClean.cc, line 185)	MSClean minor cycle stopped at large scale negative or diverging
2026-05-13 11:57:09	WARN	SDAlgorithmMSClean::takeOneStep (file /Users/casaci/bamboohome/xml-data/build-dir/CASASPECS-RELEASE675BUILDCASALITH-BPO15ARMPY313/casa6/casatools/src/code/synthesis/ImagerObjects/SDAlgorithmMSClean.cc, line 185)	MSClean minor cycle stopped at large scale negative or diverging
2026-05-13 11:57:12	WARN	SDAlgorithmMSClean::takeOneStep (file /Users/casaci/bamboohome/xml-data/build-dir/CASASPECS-RELEASE675BUILDCASALITH-BPO15ARMPY313/casa6/casatools/src/code/synthesis/ImagerObjects/SDAlgorithmMSClean.cc, line 185)	MSClean minor cycle stopped at large scale negative or diverging
2026-05-13 11:57:15	WARN	SDAlgorithmMSClean::takeOneStep (file /Users/casaci/bamboohome/xml-data/build-dir/CASASPECS-RELEASE675BUILDCASALITH-BPO15ARMPY313/casa6/casatools/src/code/synthesis/ImagerObjects/SDAlgorithmMSClean.cc, line 185)	MSClean minor cycle stopped at large scale negative or diverging
2026-05-13 11:58:02	WARN	SDAlgorithmMSClean::takeOneStep (file /Users/casaci/bamboohome/xml-data/build-dir/CASASPECS-RELEASE675BUILDCASALITH-BPO15ARMPY313/casa6/casatools/src/code/synthesis/ImagerObjects/SDAlgorithmMSClean.cc, line 185)	MSClean minor cycle stopped at large scale negative or diverging
2026-05-13 11:58:27	WARN	SDAlgorithmMSClean::takeOneStep (file /Users/casaci/bamboohome/xml-data/build-dir/CASASPECS-RELEASE675BUILDCASALITH-BPO15ARMPY313/casa6/casatools/src/code/synthesis/ImagerObjects/SDAlgorithmMSClean.cc, line 185)	MSClean minor cycle stopped at large scale negative or diverging
2026-05-13 11:58:43	WARN	SDAlgorithmMSClean::takeOneStep (file /Users/casaci/bamboohome/xml-data/build-dir/CASASPECS-RELEASE675BUILDCASALITH-BPO15ARMPY313/casa6/casatools/src/code/synthesis/ImagerObjects/SDAlgorithmMSClean.cc, line 185)	MSClean minor cycle stopped at large scale negative or diverging
2026-05-13 11:58:48	WARN	SDAlgorithmMSClean::takeOneStep (file /Users/casaci/bamboohome/xml-data/build-dir/CASASPECS-RELEASE675BUILDCASALITH-BPO15ARMPY313/casa6/casatools/src/code/synthesis/ImagerObjects/SDAlgorithmMSClean.cc, line 185)	MSClean minor cycle stopped at large scale negative or diverging
2026-05-13 11:58:51	WARN	SDAlgorithmMSClean::takeOneStep (file /Users/casaci/bamboohome/xml-data/build-dir/CASASPECS-RELEASE675BUILDCASALITH-BPO15ARMPY313/casa6/casatools/src/code/synthesis/ImagerObjects/SDAlgorithmMSClean.cc, line 185)	MSClean minor cycle stopped at large scale negative or diverging
2026-05-13 11:59:06	WARN	SDAlgorithmMSClean::takeOneStep (file /Users/casaci/bamboohome/xml-data/build-dir/CASASPECS-RELEASE675BUILDCASALITH-BPO15ARMPY313/casa6/casatools/src/code/synthesis/ImagerObjects/SDAlgorithmMSClean.cc, line 185)	MSClean minor cycle stopped at large scale negative or diverging
2026-05-13 11:59:32	WARN	SDAlgorithmMSClean::takeOneStep (file /Users/casaci/bamboohome/xml-data/build-dir/CASASPECS-RELEASE675BUILDCASALITH-BPO15ARMPY313/casa6/casatools/src/code/synthesis/ImagerObjects/SDAlgorithmMSClean.cc, line 185)	MSClean minor cycle stopped at large scale negative or diverging
2026-05-13 11:59:34	WARN	SDAlgorithmMSClean::takeOneStep (file /Users/casaci/bamboohome/xml-data/build-dir/CASASPECS-RELEASE675BUILDCASALITH-BPO15ARMPY313/casa6/casatools/src/code/synthesis/ImagerObjects/SDAlgorithmMSClean.cc, line 185)	MSClean minor cycle stopped at large scale negative or diverging
2026-05-13 11:59:39	WARN	SDAlgorithmMSClean::takeOneStep (file /Users/casaci/bamboohome/xml-data/build-dir/CASASPECS-RELEASE675BUILDCASALITH-BPO15ARMPY313/casa6/casatools/src/code/synthesis/ImagerObjects/SDAlgorithmMSClean.cc, line 185)	MSClean minor cycle stopped at large scale negative or diverging
2026-05-13 11:59:53	WARN	SDAlgorithmMSClean::takeOneStep (file /Users/casaci/bamboohome/xml-data/build-dir/CASASPECS-RELEASE675BUILDCASALITH-BPO15ARMPY313/casa6/casatools/src/code/synthesis/ImagerObjects/SDAlgorithmMSClean.cc, line 185)	MSClean minor cycle stopped at large scale negative or diverging
2026-05-13 12:00:07	WARN	SDAlgorithmMSClean::takeOneStep (file /Users/casaci/bamboohome/xml-data/build-dir/CASASPECS-RELEASE675BUILDCASALITH-BPO15ARMPY313/casa6/casatools/src/code/synthesis/ImagerObjects/SDAlgorithmMSClean.cc, line 185)	MSClean minor cycle stopped at large scale negative or diverging
2026-05-13 12:00:11	WARN	SDAlgorithmMSClean::takeOneStep (file /Users/casaci/bamboohome/xml-data/build-dir/CASASPECS-RELEASE675BUILDCASALITH-BPO15ARMPY313/casa6/casatools/src/code/synthesis/ImagerObjects/SDAlgorithmMSClean.cc, line 185)	MSClean minor cycle stopped at large scale negative or diverging
2026-05-13 12:00:14	WARN	SDAlgorithmMSClean::takeOneStep (file /Users/casaci/bamboohome/xml-data/build-dir/CASASPECS-RELEASE675BUILDCASALITH-BPO15ARMPY313/casa6/casatools/src/code/synthesis/ImagerObjects/SDAlgorithmMSClean.cc, line 185)	MSClean minor cycle stopped at large scale negative or diverging
2026-05-13 12:00:17	WARN	SDAlgorithmMSClean::takeOneStep (file /Users/casaci/bamboohome/xml-data/build-dir/CASASPECS-RELEASE675BUILDCASALITH-BPO15ARMPY313/casa6/casatools/src/code/synthesis/ImagerObjects/SDAlgorithmMSClean.cc, line 185)	MSClean minor cycle stopped at large scale negative or diverging
2026-05-13 12:00:42	WARN	SDAlgorithmMSClean::takeOneStep (file /Users/casaci/bamboohome/xml-data/build-dir/CASASPECS-RELEASE675BUILDCASALITH-BPO15ARMPY313/casa6/casatools/src/code/synthesis/ImagerObjects/SDAlgorithmMSClean.cc, line 185)	MSClean minor cycle stopped at large scale negative or diverging
2026-05-13 12:00:55	WARN	SDAlgorithmMSClean::takeOneStep (file /Users/casaci/bamboohome/xml-data/build-dir/CASASPECS-RELEASE675BUILDCASALITH-BPO15ARMPY313/casa6/casatools/src/code/synthesis/ImagerObjects/SDAlgorithmMSClean.cc, line 185)	MSClean minor cycle stopped at large scale negative or diverging
2026-05-13 12:01:22	WARN	SDAlgorithmMSClean::takeOneStep (file /Users/casaci/bamboohome/xml-data/build-dir/CASASPECS-RELEASE675BUILDCASALITH-BPO15ARMPY313/casa6/casatools/src/code/synthesis/ImagerObjects/SDAlgorithmMSClean.cc, line 185)	MSClean minor cycle stopped at large scale negative or diverging
2026-05-13 12:01:36	WARN	SDAlgorithmMSClean::takeOneStep (file /Users/casaci/bamboohome/xml-data/build-dir/CASASPECS-RELEASE675BUILDCASALITH-BPO15ARMPY313/casa6/casatools/src/code/synthesis/ImagerObjects/SDAlgorithmMSClean.cc, line 185)	MSClean minor cycle stopped at large scale negative or diverging
4 of 52 solutions flagged due to SNR < 1 in spw=0 at 2021/07/26/00:05:17.8
1 of 52 solutions flagged due to SNR < 1 in spw=0 at 2021/07/26/00:05:17.9

[selfcal-dev]   Cycle 1/5: gaincal → /Users/raj030/DATA/gmrt_40_014/work/casa_selfcal/moon0520_stk10_nomask/moon0520_stk0020_n10/moon0520_stk0020_n10_sc1.gcal
[selfcal-dev]     solmode='L1'  refant='1'  refantmode='flex'
[selfcal-dev]   Cycle 1/5: applycal
[selfcal-dev]   Cycle 1/5: exported /Users/raj030/DATA/gmrt_40_014/work/casa_selfcal/moon0520_stk10_nomask/moon0520_stk0020_n10/moon0520_stk0020_n10_sc1.fits
[selfcal-dev]   Cycle 2/5: tclean niter=200  img_uvrange=''  cal_uvrange=''  scales=[0, 5, 15]
[selfcal-dev]   Cycle 2/5: gaincal → /Users/raj030/DATA/gmrt_40_014/work/casa_selfcal/moon0520_stk10_nomask/moon0520_stk0020_n10/moon0520_stk0020_n10_sc2.gcal
[selfcal-dev]     solmode='L1'  refant='1'  refantmode='flex'
[selfcal-dev]   Cycle 2/5: applycal
[selfcal-dev]   Cycle 2/5: exported /Users/raj030/DATA/gmrt_40_014/work/casa_selfcal/moon0520_stk10_nomask/moon0520_stk0020_n10/moon0520_stk0020_n10_sc2.fits
[selfcal-dev]   Cycle 3/5: tclean niter=400  img_uvrange=''  cal_uvrange=''  scales=[0, 5, 15, 45]
[selfcal-dev]   Cycle 3/5: gaincal → /Users/raj030/DATA/gmrt_40_014/work/casa_selfcal/moon0520_stk10_nomask/moon0520_stk0020_n10/moon0520_stk0020_n10_sc3.gcal
[selfcal-dev]     solmode='L1'  refant='1'  refantmode='flex'
[selfcal-dev]   Cycle 3/5: applycal
[selfcal-dev]   Cycle 3/5: exported /Users/raj030/DATA/gmrt_40_014/work/casa_selfcal/moon0520_stk10_nomask/moon0520_stk0020_n10/moon0520_stk0020_n10_sc3.fits
[selfcal-dev]   Cycle 4/5: tclean niter=600  img_uvrange=''  cal_uvrange=''  scales=[0, 5, 15, 45]
[selfcal-dev]   Cycle 4/5: gaincal → /Users/raj030/DATA/gmrt_40_014/work/casa_selfcal/moon0520_stk10_nomask/moon0520_stk0020_n10/moon0520_stk0020_n10_sc4.gcal
[selfcal-dev]     solmode='L1'  refant='1'  refantmode='flex'
[selfcal-dev]   Cycle 4/5: applycal
[selfcal-dev]   Cycle 4/5: exported /Users/raj030/DATA/gmrt_40_014/work/casa_selfcal/moon0520_stk10_nomask/moon0520_stk0020_n10/moon0520_stk0020_n10_sc4.fits
[selfcal-dev]   Cycle 5/5: tclean niter=1000  img_uvrange=''  cal_uvrange=''  scales=[0, 5, 15, 45, 90]
[selfcal-dev]   Cycle 5/5: gaincal → /Users/raj030/DATA/gmrt_40_014/work/casa_selfcal/moon0520_stk10_nomask/moon0520_stk0020_n10/moon0520_stk0020_n10_sc5.gcal
[selfcal-dev]     solmode='L1'  refant='1'  refantmode='flex'
[selfcal-dev]   Cycle 5/5: applycal
[selfcal-dev]   Cycle 5/5: exported /Users/raj030/DATA/gmrt_40_014/work/casa_selfcal/moon0520_stk10_nomask/moon0520_stk0020_n10/moon0520_stk0020_n10_sc5.fits
[selfcal-dev]   Final image: tclean niter=1000  uvrange=''  scales=[0, 5, 15, 45, 90]
[selfcal-dev]   Exported: /Users/raj030/DATA/gmrt_40_014/work/casa_selfcal/moon0520_stk10_nomask/moon0520_stk0020_n10/moon0520_stk0020_n10_final.fits

[selfcal-dev] === Stack start_idx=30  n=10  JD=2459421.499521..2459421.500359  timerange=2021/07/25/23:59:14~2021/07/26/00:00:35 ===
[selfcal-dev]   Moon at RA=330.9938°  Dec=-17.4478°  offset=4.73arcmin from field centre  (image half-width=38.4arcmin)
[selfcal-dev]   mask=<none — no-mask mode>
[selfcal-dev]   Cycle 1/5: tclean niter=100  img_uvrange=''  cal_uvrange=''  scales=[0, 5, 15]
[selfcal-dev]   Cycle 1/5: gaincal → /Users/raj030/DATA/gmrt_40_014/work/casa_selfcal/moon0520_stk10_nomask/moon0520_stk0030_n10/moon0520_stk0030_n10_sc1.gcal
[selfcal-dev]     solmode='L1'  refant='1'  refantmode='flex'
[selfcal-dev]   Cycle 1/5: applycal
[selfcal-dev]   Cycle 1/5: exported /Users/raj030/DATA/gmrt_40_014/work/casa_selfcal/moon0520_stk10_nomask/moon0520_stk0030_n10/moon0520_stk0030_n10_sc1.fits
[selfcal-dev]   Cycle 2/5: tclean niter=200  img_uvrange=''  cal_uvrange=''  scales=[0, 5, 15]
[selfcal-dev]   Cycle 2/5: gaincal → /Users/raj030/DATA/gmrt_40_014/work/casa_selfcal/moon0520_stk10_nomask/moon0520_stk0030_n10/moon0520_stk0030_n10_sc2.gcal
[selfcal-dev]     solmode='L1'  refant='1'  refantmode='flex'
[selfcal-dev]   Cycle 2/5: applycal
[selfcal-dev]   Cycle 2/5: exported /Users/raj030/DATA/gmrt_40_014/work/casa_selfcal/moon0520_stk10_nomask/moon0520_stk0030_n10/moon0520_stk0030_n10_sc2.fits
[selfcal-dev]   Cycle 3/5: tclean niter=400  img_uvrange=''  cal_uvrange=''  scales=[0, 5, 15, 45]
[selfcal-dev]   Cycle 3/5: gaincal → /Users/raj030/DATA/gmrt_40_014/work/casa_selfcal/moon0520_stk10_nomask/moon0520_stk0030_n10/moon0520_stk0030_n10_sc3.gcal
[selfcal-dev]     solmode='L1'  refant='1'  refantmode='flex'
[selfcal-dev]   Cycle 3/5: applycal
[selfcal-dev]   Cycle 3/5: exported /Users/raj030/DATA/gmrt_40_014/work/casa_selfcal/moon0520_stk10_nomask/moon0520_stk0030_n10/moon0520_stk0030_n10_sc3.fits
[selfcal-dev]   Cycle 4/5: tclean niter=600  img_uvrange=''  cal_uvrange=''  scales=[0, 5, 15, 45]
[selfcal-dev]   Cycle 4/5: gaincal → /Users/raj030/DATA/gmrt_40_014/work/casa_selfcal/moon0520_stk10_nomask/moon0520_stk0030_n10/moon0520_stk0030_n10_sc4.gcal
[selfcal-dev]     solmode='L1'  refant='1'  refantmode='flex'
[selfcal-dev]   Cycle 4/5: applycal
[selfcal-dev]   Cycle 4/5: exported /Users/raj030/DATA/gmrt_40_014/work/casa_selfcal/moon0520_stk10_nomask/moon0520_stk0030_n10/moon0520_stk0030_n10_sc4.fits
[selfcal-dev]   Cycle 5/5: tclean niter=1000  img_uvrange=''  cal_uvrange=''  scales=[0, 5, 15, 45, 90]
[selfcal-dev]   Cycle 5/5: gaincal → /Users/raj030/DATA/gmrt_40_014/work/casa_selfcal/moon0520_stk10_nomask/moon0520_stk0030_n10/moon0520_stk0030_n10_sc5.gcal
[selfcal-dev]     solmode='L1'  refant='1'  refantmode='flex'
[selfcal-dev]   Cycle 5/5: applycal
[selfcal-dev]   Cycle 5/5: exported /Users/raj030/DATA/gmrt_40_014/work/casa_selfcal/moon0520_stk10_nomask/moon0520_stk0030_n10/moon0520_stk0030_n10_sc5.fits
[selfcal-dev]   Final image: tclean niter=1000  uvrange=''  scales=[0, 5, 15, 45, 90]
[selfcal-dev]   Exported: /Users/raj030/DATA/gmrt_40_014/work/casa_selfcal/moon0520_stk10_nomask/moon0520_stk0030_n10/moon0520_stk0030_n10_final.fits

[selfcal-dev] === Stack start_idx=40  n=10  JD=2459421.500453..2459421.501291  timerange=2021/07/26/00:00:35~2021/07/26/00:01:55 ===
[selfcal-dev]   Moon at RA=331.0026°  Dec=-17.4423°  offset=5.34arcmin from field centre  (image half-width=38.4arcmin)
[selfcal-dev]   mask=<none — no-mask mode>
[selfcal-dev]   Cycle 1/5: tclean niter=100  img_uvrange=''  cal_uvrange=''  scales=[0, 5, 15]
[selfcal-dev]   Cycle 1/5: gaincal → /Users/raj030/DATA/gmrt_40_014/work/casa_selfcal/moon0520_stk10_nomask/moon0520_stk0040_n10/moon0520_stk0040_n10_sc1.gcal
[selfcal-dev]     solmode='L1'  refant='1'  refantmode='flex'
[selfcal-dev]   Cycle 1/5: applycal
[selfcal-dev]   Cycle 1/5: exported /Users/raj030/DATA/gmrt_40_014/work/casa_selfcal/moon0520_stk10_nomask/moon0520_stk0040_n10/moon0520_stk0040_n10_sc1.fits
[selfcal-dev]   Cycle 2/5: tclean niter=200  img_uvrange=''  cal_uvrange=''  scales=[0, 5, 15]
[selfcal-dev]   Cycle 2/5: gaincal → /Users/raj030/DATA/gmrt_40_014/work/casa_selfcal/moon0520_stk10_nomask/moon0520_stk0040_n10/moon0520_stk0040_n10_sc2.gcal
[selfcal-dev]     solmode='L1'  refant='1'  refantmode='flex'
[selfcal-dev]   Cycle 2/5: applycal
[selfcal-dev]   Cycle 2/5: exported /Users/raj030/DATA/gmrt_40_014/work/casa_selfcal/moon0520_stk10_nomask/moon0520_stk0040_n10/moon0520_stk0040_n10_sc2.fits
[selfcal-dev]   Cycle 3/5: tclean niter=400  img_uvrange=''  cal_uvrange=''  scales=[0, 5, 15, 45]
[selfcal-dev]   Cycle 3/5: gaincal → /Users/raj030/DATA/gmrt_40_014/work/casa_selfcal/moon0520_stk10_nomask/moon0520_stk0040_n10/moon0520_stk0040_n10_sc3.gcal
[selfcal-dev]     solmode='L1'  refant='1'  refantmode='flex'
[selfcal-dev]   Cycle 3/5: applycal
[selfcal-dev]   Cycle 3/5: exported /Users/raj030/DATA/gmrt_40_014/work/casa_selfcal/moon0520_stk10_nomask/moon0520_stk0040_n10/moon0520_stk0040_n10_sc3.fits
[selfcal-dev]   Cycle 4/5: tclean niter=600  img_uvrange=''  cal_uvrange=''  scales=[0, 5, 15, 45]
[selfcal-dev]   Cycle 4/5: gaincal → /Users/raj030/DATA/gmrt_40_014/work/casa_selfcal/moon0520_stk10_nomask/moon0520_stk0040_n10/moon0520_stk0040_n10_sc4.gcal
[selfcal-dev]     solmode='L1'  refant='1'  refantmode='flex'
[selfcal-dev]   Cycle 4/5: applycal
[selfcal-dev]   Cycle 4/5: exported /Users/raj030/DATA/gmrt_40_014/work/casa_selfcal/moon0520_stk10_nomask/moon0520_stk0040_n10/moon0520_stk0040_n10_sc4.fits
[selfcal-dev]   Cycle 5/5: tclean niter=1000  img_uvrange=''  cal_uvrange=''  scales=[0, 5, 15, 45, 90]2026-05-13 12:03:15	WARN	SDAlgorithmMSClean::takeOneStep (file /Users/casaci/bamboohome/xml-data/build-dir/CASASPECS-RELEASE675BUILDCASALITH-BPO15ARMPY313/casa6/casatools/src/code/synthesis/ImagerObjects/SDAlgorithmMSClean.cc, line 185)	MSClean minor cycle stopped at large scale negative or diverging
2026-05-13 12:03:26	WARN	SDAlgorithmMSClean::takeOneStep (file /Users/casaci/bamboohome/xml-data/build-dir/CASASPECS-RELEASE675BUILDCASALITH-BPO15ARMPY313/casa6/casatools/src/code/synthesis/ImagerObjects/SDAlgorithmMSClean.cc, line 185)	MSClean minor cycle stopped at large scale negative or diverging
2026-05-13 12:03:38	WARN	SDAlgorithmMSClean::takeOneStep (file /Users/casaci/bamboohome/xml-data/build-dir/CASASPECS-RELEASE675BUILDCASALITH-BPO15ARMPY313/casa6/casatools/src/code/synthesis/ImagerObjects/SDAlgorithmMSClean.cc, line 185)	MSClean minor cycle stopped at large scale negative or diverging
1 of 52 solutions flagged due to SNR < 1 in spw=0 at 2021/07/26/00:05:17.9
2026-05-13 12:05:01	WARN	SDAlgorithmMSClean::takeOneStep (file /Users/casaci/bamboohome/xml-data/build-dir/CASASPECS-RELEASE675BUILDCASALITH-BPO15ARMPY313/casa6/casatools/src/code/synthesis/ImagerObjects/SDAlgorithmMSClean.cc, line 185)	MSClean minor cycle stopped at large scale negative or diverging
2026-05-13 12:05:31	WARN	SDAlgorithmMSClean::takeOneStep (file /Users/casaci/bamboohome/xml-data/build-dir/CASASPECS-RELEASE675BUILDCASALITH-BPO15ARMPY313/casa6/casatools/src/code/synthesis/ImagerObjects/SDAlgorithmMSClean.cc, line 185)	MSClean minor cycle stopped at large scale negative or diverging
2026-05-13 12:06:23	WARN	SDAlgorithmMSClean::takeOneStep (file /Users/casaci/bamboohome/xml-data/build-dir/CASASPECS-RELEASE675BUILDCASALITH-BPO15ARMPY313/casa6/casatools/src/code/synthesis/ImagerObjects/SDAlgorithmMSClean.cc, line 185)	MSClean minor cycle stopped at large scale negative or diverging
2026-05-13 12:06:26	WARN	SDAlgorithmMSClean::takeOneStep (file /Users/casaci/bamboohome/xml-data/build-dir/CASASPECS-RELEASE675BUILDCASALITH-BPO15ARMPY313/casa6/casatools/src/code/synthesis/ImagerObjects/SDAlgorithmMSClean.cc, line 185)	MSClean minor cycle stopped at large scale negative or diverging
2026-05-13 12:06:29	WARN	SDAlgorithmMSClean::takeOneStep (file /Users/casaci/bamboohome/xml-data/build-dir/CASASPECS-RELEASE675BUILDCASALITH-BPO15ARMPY313/casa6/casatools/src/code/synthesis/ImagerObjects/SDAlgorithmMSClean.cc, line 185)	MSClean minor cycle stopped at large scale negative or diverging
2026-05-13 12:06:42	WARN	SDAlgorithmMSClean::takeOneStep (file /Users/casaci/bamboohome/xml-data/build-dir/CASASPECS-RELEASE675BUILDCASALITH-BPO15ARMPY313/casa6/casatools/src/code/synthesis/ImagerObjects/SDAlgorithmMSClean.cc, line 185)	MSClean minor cycle stopped at large scale negative or diverging
2026-05-13 12:07:07	WARN	SDAlgorithmMSClean::takeOneStep (file /Users/casaci/bamboohome/xml-data/build-dir/CASASPECS-RELEASE675BUILDCASALITH-BPO15ARMPY313/casa6/casatools/src/code/synthesis/ImagerObjects/SDAlgorithmMSClean.cc, line 185)	MSClean minor cycle stopped at large scale negative or diverging
2026-05-13 12:07:33	WARN	SDAlgorithmMSClean::takeOneStep (file /Users/casaci/bamboohome/xml-data/build-dir/CASASPECS-RELEASE675BUILDCASALITH-BPO15ARMPY313/casa6/casatools/src/code/synthesis/ImagerObjects/SDAlgorithmMSClean.cc, line 185)	MSClean minor cycle stopped at large scale negative or diverging
2026-05-13 12:07:37	WARN	SDAlgorithmMSClean::takeOneStep (file /Users/casaci/bamboohome/xml-data/build-dir/CASASPECS-RELEASE675BUILDCASALITH-BPO15ARMPY313/casa6/casatools/src/code/synthesis/ImagerObjects/SDAlgorithmMSClean.cc, line 185)	MSClean minor cycle stopped at large scale negative or diverging
2026-05-13 12:07:40	WARN	SDAlgorithmMSClean::takeOneStep (file /Users/casaci/bamboohome/xml-data/build-dir/CASASPECS-RELEASE675BUILDCASALITH-BPO15ARMPY313/casa6/casatools/src/code/synthesis/ImagerObjects/SDAlgorithmMSClean.cc, line 185)	MSClean minor cycle stopped at large scale negative or diverging
2026-05-13 12:07:57	WARN	SDAlgorithmMSClean::takeOneStep (file /Users/casaci/bamboohome/xml-data/build-dir/CASASPECS-RELEASE675BUILDCASALITH-BPO15ARMPY313/casa6/casatools/src/code/synthesis/ImagerObjects/SDAlgorithmMSClean.cc, line 185)	MSClean minor cycle stopped at large scale negative or diverging
2026-05-13 12:08:14	WARN	SDAlgorithmMSClean::takeOneStep (file /Users/casaci/bamboohome/xml-data/build-dir/CASASPECS-RELEASE675BUILDCASALITH-BPO15ARMPY313/casa6/casatools/src/code/synthesis/ImagerObjects/SDAlgorithmMSClean.cc, line 185)	MSClean minor cycle stopped at large scale negative or diverging
2026-05-13 12:08:17	WARN	SDAlgorithmMSClean::takeOneStep (file /Users/casaci/bamboohome/xml-data/build-dir/CASASPECS-RELEASE675BUILDCASALITH-BPO15ARMPY313/casa6/casatools/src/code/synthesis/ImagerObjects/SDAlgorithmMSClean.cc, line 185)	MSClean minor cycle stopped at large scale negative or diverging
2026-05-13 12:08:20	WARN	SDAlgorithmMSClean::takeOneStep (file /Users/casaci/bamboohome/xml-data/build-dir/CASASPECS-RELEASE675BUILDCASALITH-BPO15ARMPY313/casa6/casatools/src/code/synthesis/ImagerObjects/SDAlgorithmMSClean.cc, line 185)	MSClean minor cycle stopped at large scale negative or diverging
2026-05-13 12:08:34	WARN	SDAlgorithmMSClean::takeOneStep (file /Users/casaci/bamboohome/xml-data/build-dir/CASASPECS-RELEASE675BUILDCASALITH-BPO15ARMPY313/casa6/casatools/src/code/synthesis/ImagerObjects/SDAlgorithmMSClean.cc, line 185)	MSClean minor cycle stopped at large scale negative or diverging
2026-05-13 12:08:48	WARN	SDAlgorithmMSClean::takeOneStep (file /Users/casaci/bamboohome/xml-data/build-dir/CASASPECS-RELEASE675BUILDCASALITH-BPO15ARMPY313/casa6/casatools/src/code/synthesis/ImagerObjects/SDAlgorithmMSClean.cc, line 185)	MSClean minor cycle stopped at large scale negative or diverging
2026-05-13 12:08:55	WARN	SDAlgorithmMSClean::takeOneStep (file /Users/casaci/bamboohome/xml-data/build-dir/CASASPECS-RELEASE675BUILDCASALITH-BPO15ARMPY313/casa6/casatools/src/code/synthesis/ImagerObjects/SDAlgorithmMSClean.cc, line 185)	MSClean minor cycle stopped at large scale negative or diverging
2026-05-13 12:09:08	WARN	SDAlgorithmMSClean::takeOneStep (file /Users/casaci/bamboohome/xml-data/build-dir/CASASPECS-RELEASE675BUILDCASALITH-BPO15ARMPY313/casa6/casatools/src/code/synthesis/ImagerObjects/SDAlgorithmMSClean.cc, line 185)	MSClean minor cycle stopped at large scale negative or diverging
2026-05-13 12:09:11	WARN	SDAlgorithmMSClean::takeOneStep (file /Users/casaci/bamboohome/xml-data/build-dir/CASASPECS-RELEASE675BUILDCASALITH-BPO15ARMPY313/casa6/casatools/src/code/synthesis/ImagerObjects/SDAlgorithmMSClean.cc, line 185)	MSClean minor cycle stopped at large scale negative or diverging
2026-05-13 12:09:14	WARN	SDAlgorithmMSClean::takeOneStep (file /Users/casaci/bamboohome/xml-data/build-dir/CASASPECS-RELEASE675BUILDCASALITH-BPO15ARMPY313/casa6/casatools/src/code/synthesis/ImagerObjects/SDAlgorithmMSClean.cc, line 185)	MSClean minor cycle stopped at large scale negative or diverging
2026-05-13 12:09:28	WARN	SDAlgorithmMSClean::takeOneStep (file /Users/casaci/bamboohome/xml-data/build-dir/CASASPECS-RELEASE675BUILDCASALITH-BPO15ARMPY313/casa6/casatools/src/code/synthesis/ImagerObjects/SDAlgorithmMSClean.cc, line 185)	MSClean minor cycle stopped at large scale negative or diverging
2026-05-13 12:09:42	WARN	SDAlgorithmMSClean::takeOneStep (file /Users/casaci/bamboohome/xml-data/build-dir/CASASPECS-RELEASE675BUILDCASALITH-BPO15ARMPY313/casa6/casatools/src/code/synthesis/ImagerObjects/SDAlgorithmMSClean.cc, line 185)	MSClean minor cycle stopped at large scale negative or diverging
2026-05-13 12:10:40	WARN	SDAlgorithmMSClean::takeOneStep (file /Users/casaci/bamboohome/xml-data/build-dir/CASASPECS-RELEASE675BUILDCASALITH-BPO15ARMPY313/casa6/casatools/src/code/synthesis/ImagerObjects/SDAlgorithmMSClean.cc, line 185)	MSClean minor cycle stopped at large scale negative or diverging
2026-05-13 12:10:53	WARN	SDAlgorithmMSClean::takeOneStep (file /Users/casaci/bamboohome/xml-data/build-dir/CASASPECS-RELEASE675BUILDCASALITH-BPO15ARMPY313/casa6/casatools/src/code/synthesis/ImagerObjects/SDAlgorithmMSClean.cc, line 185)	MSClean minor cycle stopped at large scale negative or diverging
2026-05-13 12:10:56	WARN	SDAlgorithmMSClean::takeOneStep (file /Users/casaci/bamboohome/xml-data/build-dir/CASASPECS-RELEASE675BUILDCASALITH-BPO15ARMPY313/casa6/casatools/src/code/synthesis/ImagerObjects/SDAlgorithmMSClean.cc, line 185)	MSClean minor cycle stopped at large scale negative or diverging
2026-05-13 12:11:22	WARN	SDAlgorithmMSClean::takeOneStep (file /Users/casaci/bamboohome/xml-data/build-dir/CASASPECS-RELEASE675BUILDCASALITH-BPO15ARMPY313/casa6/casatools/src/code/synthesis/ImagerObjects/SDAlgorithmMSClean.cc, line 185)	MSClean minor cycle stopped at large scale negative or diverging
2026-05-13 12:11:36	WARN	SDAlgorithmMSClean::takeOneStep (file /Users/casaci/bamboohome/xml-data/build-dir/CASASPECS-RELEASE675BUILDCASALITH-BPO15ARMPY313/casa6/casatools/src/code/synthesis/ImagerObjects/SDAlgorithmMSClean.cc, line 185)	MSClean minor cycle stopped at large scale negative or diverging
2026-05-13 12:11:50	WARN	SDAlgorithmMSClean::takeOneStep (file /Users/casaci/bamboohome/xml-data/build-dir/CASASPECS-RELEASE675BUILDCASALITH-BPO15ARMPY313/casa6/casatools/src/code/synthesis/ImagerObjects/SDAlgorithmMSClean.cc, line 185)	MSClean minor cycle stopped at large scale negative or diverging
2026-05-13 12:12:03	WARN	SDAlgorithmMSClean::takeOneStep (file /Users/casaci/bamboohome/xml-data/build-dir/CASASPECS-RELEASE675BUILDCASALITH-BPO15ARMPY313/casa6/casatools/src/code/synthesis/ImagerObjects/SDAlgorithmMSClean.cc, line 185)	MSClean minor cycle stopped at large scale negative or diverging
2026-05-13 12:12:28	WARN	SDAlgorithmMSClean::takeOneStep (file /Users/casaci/bamboohome/xml-data/build-dir/CASASPECS-RELEASE675BUILDCASALITH-BPO15ARMPY313/casa6/casatools/src/code/synthesis/ImagerObjects/SDAlgorithmMSClean.cc, line 185)	MSClean minor cycle stopped at large scale negative or diverging
2026-05-13 12:12:42	WARN	SDAlgorithmMSClean::takeOneStep (file /Users/casaci/bamboohome/xml-data/build-dir/CASASPECS-RELEASE675BUILDCASALITH-BPO15ARMPY313/casa6/casatools/src/code/synthesis/ImagerObjects/SDAlgorithmMSClean.cc, line 185)	MSClean minor cycle stopped at large scale negative or diverging
2026-05-13 12:14:11	WARN	SDAlgorithmMSClean::takeOneStep (file /Users/casaci/bamboohome/xml-data/build-dir/CASASPECS-RELEASE675BUILDCASALITH-BPO15ARMPY313/casa6/casatools/src/code/synthesis/ImagerObjects/SDAlgorithmMSClean.cc, line 185)	MSClean minor cycle stopped at large scale negative or diverging
2 of 52 solutions flagged due to SNR < 1 in spw=0 at 2021/07/26/00:06:39.4
1 of 52 solutions flagged due to SNR < 1 in spw=0 at 2021/07/26/00:06:38.4
2026-05-13 12:15:42	WARN	SDAlgorithmMSClean::takeOneStep (file /Users/casaci/bamboohome/xml-data/build-dir/CASASPECS-RELEASE675BUILDCASALITH-BPO15ARMPY313/casa6/casatools/src/code/synthesis/ImagerObjects/SDAlgorithmMSClean.cc, line 185)	MSClean minor cycle stopped at large scale negative or diverging
1 of 52 solutions flagged due to SNR < 1 in spw=0 at 2021/07/26/00:06:38.3
2026-05-13 12:16:32	WARN	SDAlgorithmMSClean::takeOneStep (file /Users/casaci/bamboohome/xml-data/build-dir/CASASPECS-RELEASE675BUILDCASALITH-BPO15ARMPY313/casa6/casatools/src/code/synthesis/ImagerObjects/SDAlgorithmMSClean.cc, line 185)	MSClean minor cycle stopped at large scale negative or diverging
2026-05-13 12:16:43	WARN	SDAlgorithmMSClean::takeOneStep (file /Users/casaci/bamboohome/xml-data/build-dir/CASASPECS-RELEASE675BUILDCASALITH-BPO15ARMPY313/casa6/casatools/src/code/synthesis/ImagerObjects/SDAlgorithmMSClean.cc, line 185)	MSClean minor cycle stopped at large scale negative or diverging
2026-05-13 12:17:03	WARN	SDAlgorithmMSClean::takeOneStep (file /Users/casaci/bamboohome/xml-data/build-dir/CASASPECS-RELEASE675BUILDCASALITH-BPO15ARMPY313/casa6/casatools/src/code/synthesis/ImagerObjects/SDAlgorithmMSClean.cc, line 185)	MSClean minor cycle stopped at large scale negative or diverging
2026-05-13 12:17:33	WARN	SDAlgorithmMSClean::takeOneStep (file /Users/casaci/bamboohome/xml-data/build-dir/CASASPECS-RELEASE675BUILDCASALITH-BPO15ARMPY313/casa6/casatools/src/code/synthesis/ImagerObjects/SDAlgorithmMSClean.cc, line 185)	MSClean minor cycle stopped at large scale negative or diverging
2026-05-13 12:18:11	WARN	SDAlgorithmMSClean::takeOneStep (file /Users/casaci/bamboohome/xml-data/build-dir/CASASPECS-RELEASE675BUILDCASALITH-BPO15ARMPY313/casa6/casatools/src/code/synthesis/ImagerObjects/SDAlgorithmMSClean.cc, line 185)	MSClean minor cycle stopped at large scale negative or diverging
2026-05-13 12:18:14	WARN	SDAlgorithmMSClean::takeOneStep (file /Users/casaci/bamboohome/xml-data/build-dir/CASASPECS-RELEASE675BUILDCASALITH-BPO15ARMPY313/casa6/casatools/src/code/synthesis/ImagerObjects/SDAlgorithmMSClean.cc, line 185)	MSClean minor cycle stopped at large scale negative or diverging
2026-05-13 12:18:59	WARN	SDAlgorithmMSClean::takeOneStep (file /Users/casaci/bamboohome/xml-data/build-dir/CASASPECS-RELEASE675BUILDCASALITH-BPO15ARMPY313/casa6/casatools/src/code/synthesis/ImagerObjects/SDAlgorithmMSClean.cc, line 185)	MSClean minor cycle stopped at large scale negative or diverging
2026-05-13 12:19:05	WARN	SDAlgorithmMSClean::takeOneStep (file /Users/casaci/bamboohome/xml-data/build-dir/CASASPECS-RELEASE675BUILDCASALITH-BPO15ARMPY313/casa6/casatools/src/code/synthesis/ImagerObjects/SDAlgorithmMSClean.cc, line 185)	MSClean minor cycle stopped at large scale negative or diverging
2026-05-13 12:19:23	WARN	SDAlgorithmMSClean::takeOneStep (file /Users/casaci/bamboohome/xml-data/build-dir/CASASPECS-RELEASE675BUILDCASALITH-BPO15ARMPY313/casa6/casatools/src/code/synthesis/ImagerObjects/SDAlgorithmMSClean.cc, line 185)	MSClean minor cycle stopped at large scale negative or diverging
2026-05-13 12:19:36	WARN	SDAlgorithmMSClean::takeOneStep (file /Users/casaci/bamboohome/xml-data/build-dir/CASASPECS-RELEASE675BUILDCASALITH-BPO15ARMPY313/casa6/casatools/src/code/synthesis/ImagerObjects/SDAlgorithmMSClean.cc, line 185)	MSClean minor cycle stopped at large scale negative or diverging
2026-05-13 12:19:50	WARN	SDAlgorithmMSClean::takeOneStep (file /Users/casaci/bamboohome/xml-data/build-dir/CASASPECS-RELEASE675BUILDCASALITH-BPO15ARMPY313/casa6/casatools/src/code/synthesis/ImagerObjects/SDAlgorithmMSClean.cc, line 185)	MSClean minor cycle stopped at large scale negative or diverging
2026-05-13 12:19:53	WARN	SDAlgorithmMSClean::takeOneStep (file /Users/casaci/bamboohome/xml-data/build-dir/CASASPECS-RELEASE675BUILDCASALITH-BPO15ARMPY313/casa6/casatools/src/code/synthesis/ImagerObjects/SDAlgorithmMSClean.cc, line 185)	MSClean minor cycle stopped at large scale negative or diverging
2026-05-13 12:20:01	WARN	SDAlgorithmMSClean::takeOneStep (file /Users/casaci/bamboohome/xml-data/build-dir/CASASPECS-RELEASE675BUILDCASALITH-BPO15ARMPY313/casa6/casatools/src/code/synthesis/ImagerObjects/SDAlgorithmMSClean.cc, line 185)	MSClean minor cycle stopped at large scale negative or diverging
2026-05-13 12:20:15	WARN	SDAlgorithmMSClean::takeOneStep (file /Users/casaci/bamboohome/xml-data/build-dir/CASASPECS-RELEASE675BUILDCASALITH-BPO15ARMPY313/casa6/casatools/src/code/synthesis/ImagerObjects/SDAlgorithmMSClean.cc, line 185)	MSClean minor cycle stopped at large scale negative or diverging
2026-05-13 12:20:19	WARN	SDAlgorithmMSClean::takeOneStep (file /Users/casaci/bamboohome/xml-data/build-dir/CASASPECS-RELEASE675BUILDCASALITH-BPO15ARMPY313/casa6/casatools/src/code/synthesis/ImagerObjects/SDAlgorithmMSClean.cc, line 185)	MSClean minor cycle stopped at large scale negative or diverging
2026-05-13 12:20:36	WARN	SDAlgorithmMSClean::takeOneStep (file /Users/casaci/bamboohome/xml-data/build-dir/CASASPECS-RELEASE675BUILDCASALITH-BPO15ARMPY313/casa6/casatools/src/code/synthesis/ImagerObjects/SDAlgorithmMSClean.cc, line 185)	MSClean minor cycle stopped at large scale negative or diverging
2026-05-13 12:20:50	WARN	SDAlgorithmMSClean::takeOneStep (file /Users/casaci/bamboohome/xml-data/build-dir/CASASPECS-RELEASE675BUILDCASALITH-BPO15ARMPY313/casa6/casatools/src/code/synthesis/ImagerObjects/SDAlgorithmMSClean.cc, line 185)	MSClean minor cycle stopped at large scale negative or diverging
2026-05-13 12:20:53	WARN	SDAlgorithmMSClean::takeOneStep (file /Users/casaci/bamboohome/xml-data/build-dir/CASASPECS-RELEASE675BUILDCASALITH-BPO15ARMPY313/casa6/casatools/src/code/synthesis/ImagerObjects/SDAlgorithmMSClean.cc, line 185)	MSClean minor cycle stopped at large scale negative or diverging
2026-05-13 12:20:58	WARN	SDAlgorithmMSClean::takeOneStep (file /Users/casaci/bamboohome/xml-data/build-dir/CASASPECS-RELEASE675BUILDCASALITH-BPO15ARMPY313/casa6/casatools/src/code/synthesis/ImagerObjects/SDAlgorithmMSClean.cc, line 185)	MSClean minor cycle stopped at large scale negative or diverging
2026-05-13 12:21:14	WARN	SDAlgorithmMSClean::takeOneStep (file /Users/casaci/bamboohome/xml-data/build-dir/CASASPECS-RELEASE675BUILDCASALITH-BPO15ARMPY313/casa6/casatools/src/code/synthesis/ImagerObjects/SDAlgorithmMSClean.cc, line 185)	MSClean minor cycle stopped at large scale negative or diverging
2026-05-13 12:21:17	WARN	SDAlgorithmMSClean::takeOneStep (file /Users/casaci/bamboohome/xml-data/build-dir/CASASPECS-RELEASE675BUILDCASALITH-BPO15ARMPY313/casa6/casatools/src/code/synthesis/ImagerObjects/SDAlgorithmMSClean.cc, line 185)	MSClean minor cycle stopped at large scale negative or diverging
2026-05-13 12:21:52	WARN	SDAlgorithmMSClean::takeOneStep (file /Users/casaci/bamboohome/xml-data/build-dir/CASASPECS-RELEASE675BUILDCASALITH-BPO15ARMPY313/casa6/casatools/src/code/synthesis/ImagerObjects/SDAlgorithmMSClean.cc, line 185)	MSClean minor cycle stopped at large scale negative or diverging
2026-05-13 12:21:55	WARN	SDAlgorithmMSClean::takeOneStep (file /Users/casaci/bamboohome/xml-data/build-dir/CASASPECS-RELEASE675BUILDCASALITH-BPO15ARMPY313/casa6/casatools/src/code/synthesis/ImagerObjects/SDAlgorithmMSClean.cc, line 185)	MSClean minor cycle stopped at large scale negative or diverging
2026-05-13 12:22:15	WARN	SDAlgorithmMSClean::takeOneStep (file /Users/casaci/bamboohome/xml-data/build-dir/CASASPECS-RELEASE675BUILDCASALITH-BPO15ARMPY313/casa6/casatools/src/code/synthesis/ImagerObjects/SDAlgorithmMSClean.cc, line 185)	MSClean minor cycle stopped at large scale negative or diverging
2026-05-13 12:23:00	WARN	SDAlgorithmMSClean::takeOneStep (file /Users/casaci/bamboohome/xml-data/build-dir/CASASPECS-RELEASE675BUILDCASALITH-BPO15ARMPY313/casa6/casatools/src/code/synthesis/ImagerObjects/SDAlgorithmMSClean.cc, line 185)	MSClean minor cycle stopped at large scale negative or diverging
2026-05-13 12:23:14	WARN	SDAlgorithmMSClean::takeOneStep (file /Users/casaci/bamboohome/xml-data/build-dir/CASASPECS-RELEASE675BUILDCASALITH-BPO15ARMPY313/casa6/casatools/src/code/synthesis/ImagerObjects/SDAlgorithmMSClean.cc, line 185)	MSClean minor cycle stopped at large scale negative or diverging
2026-05-13 12:23:18	WARN	SDAlgorithmMSClean::takeOneStep (file /Users/casaci/bamboohome/xml-data/build-dir/CASASPECS-RELEASE675BUILDCASALITH-BPO15ARMPY313/casa6/casatools/src/code/synthesis/ImagerObjects/SDAlgorithmMSClean.cc, line 185)	MSClean minor cycle stopped at large scale negative or diverging
2026-05-13 12:23:23	WARN	SDAlgorithmMSClean::takeOneStep (file /Users/casaci/bamboohome/xml-data/build-dir/CASASPECS-RELEASE675BUILDCASALITH-BPO15ARMPY313/casa6/casatools/src/code/synthesis/ImagerObjects/SDAlgorithmMSClean.cc, line 185)	MSClean minor cycle stopped at large scale negative or diverging
2026-05-13 12:23:36	WARN	SDAlgorithmMSClean::takeOneStep (file /Users/casaci/bamboohome/xml-data/build-dir/CASASPECS-RELEASE675BUILDCASALITH-BPO15ARMPY313/casa6/casatools/src/code/synthesis/ImagerObjects/SDAlgorithmMSClean.cc, line 185)	MSClean minor cycle stopped at large scale negative or diverging
2026-05-13 12:23:46	WARN	SDAlgorithmMSClean::takeOneStep (file /Users/casaci/bamboohome/xml-data/build-dir/CASASPECS-RELEASE675BUILDCASALITH-BPO15ARMPY313/casa6/casatools/src/code/synthesis/ImagerObjects/SDAlgorithmMSClean.cc, line 185)	MSClean minor cycle stopped at large scale negative or diverging
2026-05-13 12:23:59	WARN	SDAlgorithmMSClean::takeOneStep (file /Users/casaci/bamboohome/xml-data/build-dir/CASASPECS-RELEASE675BUILDCASALITH-BPO15ARMPY313/casa6/casatools/src/code/synthesis/ImagerObjects/SDAlgorithmMSClean.cc, line 185)	MSClean minor cycle stopped at large scale negative or diverging
2026-05-13 12:24:02	WARN	SDAlgorithmMSClean::takeOneStep (file /Users/casaci/bamboohome/xml-data/build-dir/CASASPECS-RELEASE675BUILDCASALITH-BPO15ARMPY313/casa6/casatools/src/code/synthesis/ImagerObjects/SDAlgorithmMSClean.cc, line 185)	MSClean minor cycle stopped at large scale negative or diverging
2026-05-13 12:24:07	WARN	SDAlgorithmMSClean::takeOneStep (file /Users/casaci/bamboohome/xml-data/build-dir/CASASPECS-RELEASE675BUILDCASALITH-BPO15ARMPY313/casa6/casatools/src/code/synthesis/ImagerObjects/SDAlgorithmMSClean.cc, line 185)	MSClean minor cycle stopped at large scale negative or diverging
2026-05-13 12:24:14	WARN	SDAlgorithmMSClean::takeOneStep (file /Users/casaci/bamboohome/xml-data/build-dir/CASASPECS-RELEASE675BUILDCASALITH-BPO15ARMPY313/casa6/casatools/src/code/synthesis/ImagerObjects/SDAlgorithmMSClean.cc, line 185)	MSClean minor cycle stopped at large scale negative or diverging
2026-05-13 12:24:20	WARN	SDAlgorithmMSClean::takeOneStep (file /Users/casaci/bamboohome/xml-data/build-dir/CASASPECS-RELEASE675BUILDCASALITH-BPO15ARMPY313/casa6/casatools/src/code/synthesis/ImagerObjects/SDAlgorithmMSClean.cc, line 185)	MSClean minor cycle stopped at large scale negative or diverging
2026-05-13 12:24:33	WARN	SDAlgorithmMSClean::takeOneStep (file /Users/casaci/bamboohome/xml-data/build-dir/CASASPECS-RELEASE675BUILDCASALITH-BPO15ARMPY313/casa6/casatools/src/code/synthesis/ImagerObjects/SDAlgorithmMSClean.cc, line 185)	MSClean minor cycle stopped at large scale negative or diverging
2026-05-13 12:24:42	WARN	SDAlgorithmMSClean::takeOneStep (file /Users/casaci/bamboohome/xml-data/build-dir/CASASPECS-RELEASE675BUILDCASALITH-BPO15ARMPY313/casa6/casatools/src/code/synthesis/ImagerObjects/SDAlgorithmMSClean.cc, line 185)	MSClean minor cycle stopped at large scale negative or diverging
2026-05-13 12:25:16	WARN	SDAlgorithmMSClean::takeOneStep (file /Users/casaci/bamboohome/xml-data/build-dir/CASASPECS-RELEASE675BUILDCASALITH-BPO15ARMPY313/casa6/casatools/src/code/synthesis/ImagerObjects/SDAlgorithmMSClean.cc, line 185)	MSClean minor cycle stopped at large scale negative or diverging
2026-05-13 12:25:30	WARN	SDAlgorithmMSClean::takeOneStep (file /Users/casaci/bamboohome/xml-data/build-dir/CASASPECS-RELEASE675BUILDCASALITH-BPO15ARMPY313/casa6/casatools/src/code/synthesis/ImagerObjects/SDAlgorithmMSClean.cc, line 185)	MSClean minor cycle stopped at large scale negative or diverging
2026-05-13 12:25:33	WARN	SDAlgorithmMSClean::takeOneStep (file /Users/casaci/bamboohome/xml-data/build-dir/CASASPECS-RELEASE675BUILDCASALITH-BPO15ARMPY313/casa6/casatools/src/code/synthesis/ImagerObjects/SDAlgorithmMSClean.cc, line 185)	MSClean minor cycle stopped at large scale negative or diverging
2026-05-13 12:25:39	WARN	SDAlgorithmMSClean::takeOneStep (file /Users/casaci/bamboohome/xml-data/build-dir/CASASPECS-RELEASE675BUILDCASALITH-BPO15ARMPY313/casa6/casatools/src/code/synthesis/ImagerObjects/SDAlgorithmMSClean.cc, line 185)	MSClean minor cycle stopped at large scale negative or diverging
2026-05-13 12:25:53	WARN	SDAlgorithmMSClean::takeOneStep (file /Users/casaci/bamboohome/xml-data/build-dir/CASASPECS-RELEASE675BUILDCASALITH-BPO15ARMPY313/casa6/casatools/src/code/synthesis/ImagerObjects/SDAlgorithmMSClean.cc, line 185)	MSClean minor cycle stopped at large scale negative or diverging
2026-05-13 12:25:58	WARN	SDAlgorithmMSClean::takeOneStep (file /Users/casaci/bamboohome/xml-data/build-dir/CASASPECS-RELEASE675BUILDCASALITH-BPO15ARMPY313/casa6/casatools/src/code/synthesis/ImagerObjects/SDAlgorithmMSClean.cc, line 185)	MSClean minor cycle stopped at large scale negative or diverging
2026-05-13 12:26:01	WARN	SDAlgorithmMSClean::takeOneStep (file /Users/casaci/bamboohome/xml-data/build-dir/CASASPECS-RELEASE675BUILDCASALITH-BPO15ARMPY313/casa6/casatools/src/code/synthesis/ImagerObjects/SDAlgorithmMSClean.cc, line 185)	MSClean minor cycle stopped at large scale negative or diverging
2026-05-13 12:26:16	WARN	SDAlgorithmMSClean::takeOneStep (file /Users/casaci/bamboohome/xml-data/build-dir/CASASPECS-RELEASE675BUILDCASALITH-BPO15ARMPY313/casa6/casatools/src/code/synthesis/ImagerObjects/SDAlgorithmMSClean.cc, line 185)	MSClean minor cycle stopped at large scale negative or diverging
2026-05-13 12:26:35	WARN	SDAlgorithmMSClean::takeOneStep (file /Users/casaci/bamboohome/xml-data/build-dir/CASASPECS-RELEASE675BUILDCASALITH-BPO15ARMPY313/casa6/casatools/src/code/synthesis/ImagerObjects/SDAlgorithmMSClean.cc, line 185)	MSClean minor cycle stopped at large scale negative or diverging
2026-05-13 12:26:38	WARN	SDAlgorithmMSClean::takeOneStep (file /Users/casaci/bamboohome/xml-data/build-dir/CASASPECS-RELEASE675BUILDCASALITH-BPO15ARMPY313/casa6/casatools/src/code/synthesis/ImagerObjects/SDAlgorithmMSClean.cc, line 185)	MSClean minor cycle stopped at large scale negative or diverging
3 of 52 solutions flagged due to SNR < 1 in spw=0 at 2021/07/26/00:07:59.5
1 of 52 solutions flagged due to SNR < 1 in spw=0 at 2021/07/26/00:07:58.9
2026-05-13 12:28:10	WARN	SDAlgorithmMSClean::takeOneStep (file /Users/casaci/bamboohome/xml-data/build-dir/CASASPECS-RELEASE675BUILDCASALITH-BPO15ARMPY313/casa6/casatools/src/code/synthesis/ImagerObjects/SDAlgorithmMSClean.cc, line 185)	MSClean minor cycle stopped at large scale negative or diverging
2026-05-13 12:28:21	WARN	SDAlgorithmMSClean::takeOneStep (file /Users/casaci/bamboohome/xml-data/build-dir/CASASPECS-RELEASE675BUILDCASALITH-BPO15ARMPY313/casa6/casatools/src/code/synthesis/ImagerObjects/SDAlgorithmMSClean.cc, line 185)	MSClean minor cycle stopped at large scale negative or diverging
2026-05-13 12:28:48	WARN	SDAlgorithmMSClean::takeOneStep (file /Users/casaci/bamboohome/xml-data/build-dir/CASASPECS-RELEASE675BUILDCASALITH-BPO15ARMPY313/casa6/casatools/src/code/synthesis/ImagerObjects/SDAlgorithmMSClean.cc, line 185)	MSClean minor cycle stopped at large scale negative or diverging
2026-05-13 12:29:53	WARN	SDAlgorithmMSClean::takeOneStep (file /Users/casaci/bamboohome/xml-data/build-dir/CASASPECS-RELEASE675BUILDCASALITH-BPO15ARMPY313/casa6/casatools/src/code/synthesis/ImagerObjects/SDAlgorithmMSClean.cc, line 185)	MSClean minor cycle stopped at large scale negative or diverging
2026-05-13 12:30:04	WARN	SDAlgorithmMSClean::takeOneStep (file /Users/casaci/bamboohome/xml-data/build-dir/CASASPECS-RELEASE675BUILDCASALITH-BPO15ARMPY313/casa6/casatools/src/code/synthesis/ImagerObjects/SDAlgorithmMSClean.cc, line 185)	MSClean minor cycle stopped at large scale negative or diverging
2026-05-13 12:30:24	WARN	SDAlgorithmMSClean::takeOneStep (file /Users/casaci/bamboohome/xml-data/build-dir/CASASPECS-RELEASE675BUILDCASALITH-BPO15ARMPY313/casa6/casatools/src/code/synthesis/ImagerObjects/SDAlgorithmMSClean.cc, line 185)	MSClean minor cycle stopped at large scale negative or diverging
2026-05-13 12:31:04	WARN	SDAlgorithmMSClean::takeOneStep (file /Users/casaci/bamboohome/xml-data/build-dir/CASASPECS-RELEASE675BUILDCASALITH-BPO15ARMPY313/casa6/casatools/src/code/synthesis/ImagerObjects/SDAlgorithmMSClean.cc, line 185)	MSClean minor cycle stopped at large scale negative or diverging
2026-05-13 12:31:07	WARN	SDAlgorithmMSClean::takeOneStep (file /Users/casaci/bamboohome/xml-data/build-dir/CASASPECS-RELEASE675BUILDCASALITH-BPO15ARMPY313/casa6/casatools/src/code/synthesis/ImagerObjects/SDAlgorithmMSClean.cc, line 185)	MSClean minor cycle stopped at large scale negative or diverging
2026-05-13 12:31:27	WARN	SDAlgorithmMSClean::takeOneStep (file /Users/casaci/bamboohome/xml-data/build-dir/CASASPECS-RELEASE675BUILDCASALITH-BPO15ARMPY313/casa6/casatools/src/code/synthesis/ImagerObjects/SDAlgorithmMSClean.cc, line 185)	MSClean minor cycle stopped at large scale negative or diverging
2026-05-13 12:31:40	WARN	SDAlgorithmMSClean::takeOneStep (file /Users/casaci/bamboohome/xml-data/build-dir/CASASPECS-RELEASE675BUILDCASALITH-BPO15ARMPY313/casa6/casatools/src/code/synthesis/ImagerObjects/SDAlgorithmMSClean.cc, line 185)	MSClean minor cycle stopped at large scale negative or diverging
2026-05-13 12:31:50	WARN	SDAlgorithmMSClean::takeOneStep (file /Users/casaci/bamboohome/xml-data/build-dir/CASASPECS-RELEASE675BUILDCASALITH-BPO15ARMPY313/casa6/casatools/src/code/synthesis/ImagerObjects/SDAlgorithmMSClean.cc, line 185)	MSClean minor cycle stopped at large scale negative or diverging
2026-05-13 12:31:54	WARN	SDAlgorithmMSClean::takeOneStep (file /Users/casaci/bamboohome/xml-data/build-dir/CASASPECS-RELEASE675BUILDCASALITH-BPO15ARMPY313/casa6/casatools/src/code/synthesis/ImagerObjects/SDAlgorithmMSClean.cc, line 185)	MSClean minor cycle stopped at large scale negative or diverging
2026-05-13 12:32:18	WARN	SDAlgorithmMSClean::takeOneStep (file /Users/casaci/bamboohome/xml-data/build-dir/CASASPECS-RELEASE675BUILDCASALITH-BPO15ARMPY313/casa6/casatools/src/code/synthesis/ImagerObjects/SDAlgorithmMSClean.cc, line 185)	MSClean minor cycle stopped at large scale negative or diverging
2026-05-13 12:32:36	WARN	SDAlgorithmMSClean::takeOneStep (file /Users/casaci/bamboohome/xml-data/build-dir/CASASPECS-RELEASE675BUILDCASALITH-BPO15ARMPY313/casa6/casatools/src/code/synthesis/ImagerObjects/SDAlgorithmMSClean.cc, line 185)	MSClean minor cycle stopped at large scale negative or diverging
2026-05-13 12:32:50	WARN	SDAlgorithmMSClean::takeOneStep (file /Users/casaci/bamboohome/xml-data/build-dir/CASASPECS-RELEASE675BUILDCASALITH-BPO15ARMPY313/casa6/casatools/src/code/synthesis/ImagerObjects/SDAlgorithmMSClean.cc, line 185)	MSClean minor cycle stopped at large scale negative or diverging
2026-05-13 12:33:13	WARN	SDAlgorithmMSClean::takeOneStep (file /Users/casaci/bamboohome/xml-data/build-dir/CASASPECS-RELEASE675BUILDCASALITH-BPO15ARMPY313/casa6/casatools/src/code/synthesis/ImagerObjects/SDAlgorithmMSClean.cc, line 185)	MSClean minor cycle stopped at large scale negative or diverging
2026-05-13 12:33:27	WARN	SDAlgorithmMSClean::takeOneStep (file /Users/casaci/bamboohome/xml-data/build-dir/CASASPECS-RELEASE675BUILDCASALITH-BPO15ARMPY313/casa6/casatools/src/code/synthesis/ImagerObjects/SDAlgorithmMSClean.cc, line 185)	MSClean minor cycle stopped at large scale negative or diverging
2026-05-13 12:33:42	WARN	SDAlgorithmMSClean::takeOneStep (file /Users/casaci/bamboohome/xml-data/build-dir/CASASPECS-RELEASE675BUILDCASALITH-BPO15ARMPY313/casa6/casatools/src/code/synthesis/ImagerObjects/SDAlgorithmMSClean.cc, line 185)	MSClean minor cycle stopped at large scale negative or diverging
2026-05-13 12:33:55	WARN	SDAlgorithmMSClean::takeOneStep (file /Users/casaci/bamboohome/xml-data/build-dir/CASASPECS-RELEASE675BUILDCASALITH-BPO15ARMPY313/casa6/casatools/src/code/synthesis/ImagerObjects/SDAlgorithmMSClean.cc, line 185)	MSClean minor cycle stopped at large scale negative or diverging
2026-05-13 12:34:00	WARN	SDAlgorithmMSClean::takeOneStep (file /Users/casaci/bamboohome/xml-data/build-dir/CASASPECS-RELEASE675BUILDCASALITH-BPO15ARMPY313/casa6/casatools/src/code/synthesis/ImagerObjects/SDAlgorithmMSClean.cc, line 185)	MSClean minor cycle stopped at large scale negative or diverging
2026-05-13 12:34:03	WARN	SDAlgorithmMSClean::takeOneStep (file /Users/casaci/bamboohome/xml-data/build-dir/CASASPECS-RELEASE675BUILDCASALITH-BPO15ARMPY313/casa6/casatools/src/code/synthesis/ImagerObjects/SDAlgorithmMSClean.cc, line 185)	MSClean minor cycle stopped at large scale negative or diverging
2026-05-13 12:34:06	WARN	SDAlgorithmMSClean::takeOneStep (file /Users/casaci/bamboohome/xml-data/build-dir/CASASPECS-RELEASE675BUILDCASALITH-BPO15ARMPY313/casa6/casatools/src/code/synthesis/ImagerObjects/SDAlgorithmMSClean.cc, line 185)	MSClean minor cycle stopped at large scale negative or diverging
2026-05-13 12:34:35	WARN	SDAlgorithmMSClean::takeOneStep (file /Users/casaci/bamboohome/xml-data/build-dir/CASASPECS-RELEASE675BUILDCASALITH-BPO15ARMPY313/casa6/casatools/src/code/synthesis/ImagerObjects/SDAlgorithmMSClean.cc, line 185)	MSClean minor cycle stopped at large scale negative or diverging
2026-05-13 12:34:40	WARN	SDAlgorithmMSClean::takeOneStep (file /Users/casaci/bamboohome/xml-data/build-dir/CASASPECS-RELEASE675BUILDCASALITH-BPO15ARMPY313/casa6/casatools/src/code/synthesis/ImagerObjects/SDAlgorithmMSClean.cc, line 185)	MSClean minor cycle stopped at large scale negative or diverging
2026-05-13 12:34:44	WARN	SDAlgorithmMSClean::takeOneStep (file /Users/casaci/bamboohome/xml-data/build-dir/CASASPECS-RELEASE675BUILDCASALITH-BPO15ARMPY313/casa6/casatools/src/code/synthesis/ImagerObjects/SDAlgorithmMSClean.cc, line 185)	MSClean minor cycle stopped at large scale negative or diverging
2026-05-13 12:35:03	WARN	SDAlgorithmMSClean::takeOneStep (file /Users/casaci/bamboohome/xml-data/build-dir/CASASPECS-RELEASE675BUILDCASALITH-BPO15ARMPY313/casa6/casatools/src/code/synthesis/ImagerObjects/SDAlgorithmMSClean.cc, line 185)	MSClean minor cycle stopped at large scale negative or diverging
2026-05-13 12:35:18	WARN	SDAlgorithmMSClean::takeOneStep (file /Users/casaci/bamboohome/xml-data/build-dir/CASASPECS-RELEASE675BUILDCASALITH-BPO15ARMPY313/casa6/casatools/src/code/synthesis/ImagerObjects/SDAlgorithmMSClean.cc, line 185)	MSClean minor cycle stopped at large scale negative or diverging
2026-05-13 12:35:32	WARN	SDAlgorithmMSClean::takeOneStep (file /Users/casaci/bamboohome/xml-data/build-dir/CASASPECS-RELEASE675BUILDCASALITH-BPO15ARMPY313/casa6/casatools/src/code/synthesis/ImagerObjects/SDAlgorithmMSClean.cc, line 185)	MSClean minor cycle stopped at large scale negative or diverging
2026-05-13 12:35:55	WARN	SDAlgorithmMSClean::takeOneStep (file /Users/casaci/bamboohome/xml-data/build-dir/CASASPECS-RELEASE675BUILDCASALITH-BPO15ARMPY313/casa6/casatools/src/code/synthesis/ImagerObjects/SDAlgorithmMSClean.cc, line 185)	MSClean minor cycle stopped at large scale negative or diverging
2026-05-13 12:36:19	WARN	SDAlgorithmMSClean::takeOneStep (file /Users/casaci/bamboohome/xml-data/build-dir/CASASPECS-RELEASE675BUILDCASALITH-BPO15ARMPY313/casa6/casatools/src/code/synthesis/ImagerObjects/SDAlgorithmMSClean.cc, line 185)	MSClean minor cycle stopped at large scale negative or diverging
2026-05-13 12:37:02	WARN	SDAlgorithmMSClean::takeOneStep (file /Users/casaci/bamboohome/xml-data/build-dir/CASASPECS-RELEASE675BUILDCASALITH-BPO15ARMPY313/casa6/casatools/src/code/synthesis/ImagerObjects/SDAlgorithmMSClean.cc, line 185)	MSClean minor cycle stopped at large scale negative or diverging
2026-05-13 12:37:07	WARN	SDAlgorithmMSClean::takeOneStep (file /Users/casaci/bamboohome/xml-data/build-dir/CASASPECS-RELEASE675BUILDCASALITH-BPO15ARMPY313/casa6/casatools/src/code/synthesis/ImagerObjects/SDAlgorithmMSClean.cc, line 185)	MSClean minor cycle stopped at large scale negative or diverging
2026-05-13 12:37:10	WARN	SDAlgorithmMSClean::takeOneStep (file /Users/casaci/bamboohome/xml-data/build-dir/CASASPECS-RELEASE675BUILDCASALITH-BPO15ARMPY313/casa6/casatools/src/code/synthesis/ImagerObjects/SDAlgorithmMSClean.cc, line 185)	MSClean minor cycle stopped at large scale negative or diverging
2026-05-13 12:37:26	WARN	SDAlgorithmMSClean::takeOneStep (file /Users/casaci/bamboohome/xml-data/build-dir/CASASPECS-RELEASE675BUILDCASALITH-BPO15ARMPY313/casa6/casatools/src/code/synthesis/ImagerObjects/SDAlgorithmMSClean.cc, line 185)	MSClean minor cycle stopped at large scale negative or diverging
2026-05-13 12:37:30	WARN	SDAlgorithmMSClean::takeOneStep (file /Users/casaci/bamboohome/xml-data/build-dir/CASASPECS-RELEASE675BUILDCASALITH-BPO15ARMPY313/casa6/casatools/src/code/synthesis/ImagerObjects/SDAlgorithmMSClean.cc, line 185)	MSClean minor cycle stopped at large scale negative or diverging
2026-05-13 12:37:57	WARN	SDAlgorithmMSClean::takeOneStep (file /Users/casaci/bamboohome/xml-data/build-dir/CASASPECS-RELEASE675BUILDCASALITH-BPO15ARMPY313/casa6/casatools/src/code/synthesis/ImagerObjects/SDAlgorithmMSClean.cc, line 185)	MSClean minor cycle stopped at large scale negative or diverging
2026-05-13 12:38:10	WARN	SDAlgorithmMSClean::takeOneStep (file /Users/casaci/bamboohome/xml-data/build-dir/CASASPECS-RELEASE675BUILDCASALITH-BPO15ARMPY313/casa6/casatools/src/code/synthesis/ImagerObjects/SDAlgorithmMSClean.cc, line 185)	MSClean minor cycle stopped at large scale negative or diverging
2026-05-13 12:38:13	WARN	SDAlgorithmMSClean::takeOneStep (file /Users/casaci/bamboohome/xml-data/build-dir/CASASPECS-RELEASE675BUILDCASALITH-BPO15ARMPY313/casa6/casatools/src/code/synthesis/ImagerObjects/SDAlgorithmMSClean.cc, line 185)	MSClean minor cycle stopped at large scale negative or diverging
2026-05-13 12:38:17	WARN	SDAlgorithmMSClean::takeOneStep (file /Users/casaci/bamboohome/xml-data/build-dir/CASASPECS-RELEASE675BUILDCASALITH-BPO15ARMPY313/casa6/casatools/src/code/synthesis/ImagerObjects/SDAlgorithmMSClean.cc, line 185)	MSClean minor cycle stopped at large scale negative or diverging
2026-05-13 12:38:31	WARN	SDAlgorithmMSClean::takeOneStep (file /Users/casaci/bamboohome/xml-data/build-dir/CASASPECS-RELEASE675BUILDCASALITH-BPO15ARMPY313/casa6/casatools/src/code/synthesis/ImagerObjects/SDAlgorithmMSClean.cc, line 185)	MSClean minor cycle stopped at large scale negative or diverging
2026-05-13 12:38:45	WARN	SDAlgorithmMSClean::takeOneStep (file /Users/casaci/bamboohome/xml-data/build-dir/CASASPECS-RELEASE675BUILDCASALITH-BPO15ARMPY313/casa6/casatools/src/code/synthesis/ImagerObjects/SDAlgorithmMSClean.cc, line 185)	MSClean minor cycle stopped at large scale negative or diverging
2026-05-13 12:38:59	WARN	SDAlgorithmMSClean::takeOneStep (file /Users/casaci/bamboohome/xml-data/build-dir/CASASPECS-RELEASE675BUILDCASALITH-BPO15ARMPY313/casa6/casatools/src/code/synthesis/ImagerObjects/SDAlgorithmMSClean.cc, line 185)	MSClean minor cycle stopped at large scale negative or diverging

[selfcal-dev]   Cycle 5/5: gaincal → /Users/raj030/DATA/gmrt_40_014/work/casa_selfcal/moon0520_stk10_nomask/moon0520_stk0040_n10/moon0520_stk0040_n10_sc5.gcal
[selfcal-dev]     solmode='L1'  refant='1'  refantmode='flex'
[selfcal-dev]   Cycle 5/5: applycal
[selfcal-dev]   Cycle 5/5: exported /Users/raj030/DATA/gmrt_40_014/work/casa_selfcal/moon0520_stk10_nomask/moon0520_stk0040_n10/moon0520_stk0040_n10_sc5.fits
[selfcal-dev]   Final image: tclean niter=1000  uvrange=''  scales=[0, 5, 15, 45, 90]
[selfcal-dev]   Exported: /Users/raj030/DATA/gmrt_40_014/work/casa_selfcal/moon0520_stk10_nomask/moon0520_stk0040_n10/moon0520_stk0040_n10_final.fits

[selfcal-dev] === Stack start_idx=50  n=10  JD=2459421.501385..2459421.502224  timerange=2021/07/26/00:01:55~2021/07/26/00:03:16 ===
[selfcal-dev]   Moon at RA=331.0115°  Dec=-17.4369°  offset=5.94arcmin from field centre  (image half-width=38.4arcmin)
[selfcal-dev]   mask=<none — no-mask mode>
[selfcal-dev]   Cycle 1/5: tclean niter=100  img_uvrange=''  cal_uvrange=''  scales=[0, 5, 15]
[selfcal-dev]   Cycle 1/5: gaincal → /Users/raj030/DATA/gmrt_40_014/work/casa_selfcal/moon0520_stk10_nomask/moon0520_stk0050_n10/moon0520_stk0050_n10_sc1.gcal
[selfcal-dev]     solmode='L1'  refant='1'  refantmode='flex'
[selfcal-dev]   Cycle 1/5: applycal
[selfcal-dev]   Cycle 1/5: exported /Users/raj030/DATA/gmrt_40_014/work/casa_selfcal/moon0520_stk10_nomask/moon0520_stk0050_n10/moon0520_stk0050_n10_sc1.fits
[selfcal-dev]   Cycle 2/5: tclean niter=200  img_uvrange=''  cal_uvrange=''  scales=[0, 5, 15]
[selfcal-dev]   Cycle 2/5: gaincal → /Users/raj030/DATA/gmrt_40_014/work/casa_selfcal/moon0520_stk10_nomask/moon0520_stk0050_n10/moon0520_stk0050_n10_sc2.gcal
[selfcal-dev]     solmode='L1'  refant='1'  refantmode='flex'
[selfcal-dev]   Cycle 2/5: applycal
[selfcal-dev]   Cycle 2/5: exported /Users/raj030/DATA/gmrt_40_014/work/casa_selfcal/moon0520_stk10_nomask/moon0520_stk0050_n10/moon0520_stk0050_n10_sc2.fits
[selfcal-dev]   Cycle 3/5: tclean niter=400  img_uvrange=''  cal_uvrange=''  scales=[0, 5, 15, 45]
[selfcal-dev]   Cycle 3/5: gaincal → /Users/raj030/DATA/gmrt_40_014/work/casa_selfcal/moon0520_stk10_nomask/moon0520_stk0050_n10/moon0520_stk0050_n10_sc3.gcal
[selfcal-dev]     solmode='L1'  refant='1'  refantmode='flex'
[selfcal-dev]   Cycle 3/5: applycal
[selfcal-dev]   Cycle 3/5: exported /Users/raj030/DATA/gmrt_40_014/work/casa_selfcal/moon0520_stk10_nomask/moon0520_stk0050_n10/moon0520_stk0050_n10_sc3.fits
[selfcal-dev]   Cycle 4/5: tclean niter=600  img_uvrange=''  cal_uvrange=''  scales=[0, 5, 15, 45]
[selfcal-dev]   Cycle 4/5: gaincal → /Users/raj030/DATA/gmrt_40_014/work/casa_selfcal/moon0520_stk10_nomask/moon0520_stk0050_n10/moon0520_stk0050_n10_sc4.gcal
[selfcal-dev]     solmode='L1'  refant='1'  refantmode='flex'
[selfcal-dev]   Cycle 4/5: applycal
[selfcal-dev]   Cycle 4/5: exported /Users/raj030/DATA/gmrt_40_014/work/casa_selfcal/moon0520_stk10_nomask/moon0520_stk0050_n10/moon0520_stk0050_n10_sc4.fits
[selfcal-dev]   Cycle 5/5: tclean niter=1000  img_uvrange=''  cal_uvrange=''  scales=[0, 5, 15, 45, 90]
[selfcal-dev]   Cycle 5/5: gaincal → /Users/raj030/DATA/gmrt_40_014/work/casa_selfcal/moon0520_stk10_nomask/moon0520_stk0050_n10/moon0520_stk0050_n10_sc5.gcal
[selfcal-dev]     solmode='L1'  refant='1'  refantmode='flex'
[selfcal-dev]   Cycle 5/5: applycal
[selfcal-dev]   Cycle 5/5: exported /Users/raj030/DATA/gmrt_40_014/work/casa_selfcal/moon0520_stk10_nomask/moon0520_stk0050_n10/moon0520_stk0050_n10_sc5.fits
[selfcal-dev]   Final image: tclean niter=1000  uvrange=''  scales=[0, 5, 15, 45, 90]
[selfcal-dev]   Exported: /Users/raj030/DATA/gmrt_40_014/work/casa_selfcal/moon0520_stk10_nomask/moon0520_stk0050_n10/moon0520_stk0050_n10_final.fits

[selfcal-dev] === Stack start_idx=60  n=10  JD=2459421.502317..2459421.503156  timerange=2021/07/26/00:03:16~2021/07/26/00:04:36 ===
[selfcal-dev]   Moon at RA=331.0204°  Dec=-17.4314°  offset=6.55arcmin from field centre  (image half-width=38.4arcmin)
[selfcal-dev]   mask=<none — no-mask mode>
[selfcal-dev]   Cycle 1/5: tclean niter=100  img_uvrange=''  cal_uvrange=''  scales=[0, 5, 15]
[selfcal-dev]   Cycle 1/5: gaincal → /Users/raj030/DATA/gmrt_40_014/work/casa_selfcal/moon0520_stk10_nomask/moon0520_stk0060_n10/moon0520_stk0060_n10_sc1.gcal
[selfcal-dev]     solmode='L1'  refant='1'  refantmode='flex'
[selfcal-dev]   Cycle 1/5: applycal
[selfcal-dev]   Cycle 1/5: exported /Users/raj030/DATA/gmrt_40_014/work/casa_selfcal/moon0520_stk10_nomask/moon0520_stk0060_n10/moon0520_stk0060_n10_sc1.fits
[selfcal-dev]   Cycle 2/5: tclean niter=200  img_uvrange=''  cal_uvrange=''  scales=[0, 5, 15]
[selfcal-dev]   Cycle 2/5: gaincal → /Users/raj030/DATA/gmrt_40_014/work/casa_selfcal/moon0520_stk10_nomask/moon0520_stk0060_n10/moon0520_stk0060_n10_sc2.gcal
[selfcal-dev]     solmode='L1'  refant='1'  refantmode='flex'
[selfcal-dev]   Cycle 2/5: applycal
[selfcal-dev]   Cycle 2/5: exported /Users/raj030/DATA/gmrt_40_014/work/casa_selfcal/moon0520_stk10_nomask/moon0520_stk0060_n10/moon0520_stk0060_n10_sc2.fits
[selfcal-dev]   Cycle 3/5: tclean niter=400  img_uvrange=''  cal_uvrange=''  scales=[0, 5, 15, 45]
[selfcal-dev]   Cycle 3/5: gaincal → /Users/raj030/DATA/gmrt_40_014/work/casa_selfcal/moon0520_stk10_nomask/moon0520_stk0060_n10/moon0520_stk0060_n10_sc3.gcal
[selfcal-dev]     solmode='L1'  refant='1'  refantmode='flex'
[selfcal-dev]   Cycle 3/5: applycal
[selfcal-dev]   Cycle 3/5: exported /Users/raj030/DATA/gmrt_40_014/work/casa_selfcal/moon0520_stk10_nomask/moon0520_stk0060_n10/moon0520_stk0060_n10_sc3.fits
[selfcal-dev]   Cycle 4/5: tclean niter=600  img_uvrange=''  cal_uvrange=''  scales=[0, 5, 15, 45]
[selfcal-dev]   Cycle 4/5: gaincal → /Users/raj030/DATA/gmrt_40_014/work/casa_selfcal/moon0520_stk10_nomask/moon0520_stk0060_n10/moon0520_stk0060_n10_sc4.gcal
[selfcal-dev]     solmode='L1'  refant='1'  refantmode='flex'
[selfcal-dev]   Cycle 4/5: applycal
[selfcal-dev]   Cycle 4/5: exported /Users/raj030/DATA/gmrt_40_014/work/casa_selfcal/moon0520_stk10_nomask/moon0520_stk0060_n10/moon0520_stk0060_n10_sc4.fits
[selfcal-dev]   Cycle 5/5: tclean niter=1000  img_uvrange=''  cal_uvrange=''  scales=[0, 5, 15, 45, 90]
[selfcal-dev]   Cycle 5/5: gaincal → /Users/raj030/DATA/gmrt_40_014/work/casa_selfcal/moon0520_stk10_nomask/moon0520_stk0060_n10/moon0520_stk0060_n10_sc5.gcal
[selfcal-dev]     solmode='L1'  refant='1'  refantmode='flex'
[selfcal-dev]   Cycle 5/5: applycal
[selfcal-dev]   Cycle 5/5: exported /Users/raj030/DATA/gmrt_40_014/work/casa_selfcal/moon0520_stk10_nomask/moon0520_stk0060_n10/moon0520_stk0060_n10_sc5.fits
[selfcal-dev]   Final image: tclean niter=1000  uvrange=''  scales=[0, 5, 15, 45, 90]
[selfcal-dev]   Exported: /Users/raj030/DATA/gmrt_40_014/work/casa_selfcal/moon0520_stk10_nomask/moon0520_stk0060_n10/moon0520_stk0060_n10_final.fits

[selfcal-dev] === Stack start_idx=70  n=10  JD=2459421.503249..2459421.504088  timerange=2021/07/26/00:04:36~2021/07/26/00:05:57 ===
[selfcal-dev]   Moon at RA=331.0293°  Dec=-17.4259°  offset=7.15arcmin from field centre  (image half-width=38.4arcmin)
[selfcal-dev]   mask=<none — no-mask mode>
[selfcal-dev]   Cycle 1/5: tclean niter=100  img_uvrange=''  cal_uvrange=''  scales=[0, 5, 15]
[selfcal-dev]   Cycle 1/5: gaincal → /Users/raj030/DATA/gmrt_40_014/work/casa_selfcal/moon0520_stk10_nomask/moon0520_stk0070_n10/moon0520_stk0070_n10_sc1.gcal
[selfcal-dev]     solmode='L1'  refant='1'  refantmode='flex'
[selfcal-dev]   Cycle 1/5: applycal
[selfcal-dev]   Cycle 1/5: exported /Users/raj030/DATA/gmrt_40_014/work/casa_selfcal/moon0520_stk10_nomask/moon0520_stk0070_n10/moon0520_stk0070_n10_sc1.fits
[selfcal-dev]   Cycle 2/5: tclean niter=200  img_uvrange=''  cal_uvrange=''  scales=[0, 5, 15]
[selfcal-dev]   Cycle 2/5: gaincal → /Users/raj030/DATA/gmrt_40_014/work/casa_selfcal/moon0520_stk10_nomask/moon0520_stk0070_n10/moon0520_stk0070_n10_sc2.gcal
[selfcal-dev]     solmode='L1'  refant='1'  refantmode='flex'
[selfcal-dev]   Cycle 2/5: applycal
[selfcal-dev]   Cycle 2/5: exported /Users/raj030/DATA/gmrt_40_014/work/casa_selfcal/moon0520_stk10_nomask/moon0520_stk0070_n10/moon0520_stk0070_n10_sc2.fits1 of 52 solutions flagged due to SNR < 1 in spw=0 at 2021/07/26/00:09:49.2
1 of 52 solutions flagged due to SNR < 1 in spw=0 at 2021/07/26/00:09:49.8
2026-05-13 12:41:56	WARN	SDAlgorithmMSClean::takeOneStep (file /Users/casaci/bamboohome/xml-data/build-dir/CASASPECS-RELEASE675BUILDCASALITH-BPO15ARMPY313/casa6/casatools/src/code/synthesis/ImagerObjects/SDAlgorithmMSClean.cc, line 185)	MSClean minor cycle stopped at large scale negative or diverging
2026-05-13 12:42:16	WARN	SDAlgorithmMSClean::takeOneStep (file /Users/casaci/bamboohome/xml-data/build-dir/CASASPECS-RELEASE675BUILDCASALITH-BPO15ARMPY313/casa6/casatools/src/code/synthesis/ImagerObjects/SDAlgorithmMSClean.cc, line 185)	MSClean minor cycle stopped at large scale negative or diverging
1 of 52 solutions flagged due to SNR < 1 in spw=0 at 2021/07/26/00:09:49.7
2026-05-13 12:43:30	WARN	SDAlgorithmMSClean::takeOneStep (file /Users/casaci/bamboohome/xml-data/build-dir/CASASPECS-RELEASE675BUILDCASALITH-BPO15ARMPY313/casa6/casatools/src/code/synthesis/ImagerObjects/SDAlgorithmMSClean.cc, line 185)	MSClean minor cycle stopped at large scale negative or diverging
2026-05-13 12:43:44	WARN	SDAlgorithmMSClean::takeOneStep (file /Users/casaci/bamboohome/xml-data/build-dir/CASASPECS-RELEASE675BUILDCASALITH-BPO15ARMPY313/casa6/casatools/src/code/synthesis/ImagerObjects/SDAlgorithmMSClean.cc, line 185)	MSClean minor cycle stopped at large scale negative or diverging
2026-05-13 12:43:57	WARN	SDAlgorithmMSClean::takeOneStep (file /Users/casaci/bamboohome/xml-data/build-dir/CASASPECS-RELEASE675BUILDCASALITH-BPO15ARMPY313/casa6/casatools/src/code/synthesis/ImagerObjects/SDAlgorithmMSClean.cc, line 185)	MSClean minor cycle stopped at large scale negative or diverging
2026-05-13 12:44:10	WARN	SDAlgorithmMSClean::takeOneStep (file /Users/casaci/bamboohome/xml-data/build-dir/CASASPECS-RELEASE675BUILDCASALITH-BPO15ARMPY313/casa6/casatools/src/code/synthesis/ImagerObjects/SDAlgorithmMSClean.cc, line 185)	MSClean minor cycle stopped at large scale negative or diverging
2026-05-13 12:44:54	WARN	SDAlgorithmMSClean::takeOneStep (file /Users/casaci/bamboohome/xml-data/build-dir/CASASPECS-RELEASE675BUILDCASALITH-BPO15ARMPY313/casa6/casatools/src/code/synthesis/ImagerObjects/SDAlgorithmMSClean.cc, line 185)	MSClean minor cycle stopped at large scale negative or diverging
2026-05-13 12:45:07	WARN	SDAlgorithmMSClean::takeOneStep (file /Users/casaci/bamboohome/xml-data/build-dir/CASASPECS-RELEASE675BUILDCASALITH-BPO15ARMPY313/casa6/casatools/src/code/synthesis/ImagerObjects/SDAlgorithmMSClean.cc, line 185)	MSClean minor cycle stopped at large scale negative or diverging
2026-05-13 12:45:31	WARN	SDAlgorithmMSClean::takeOneStep (file /Users/casaci/bamboohome/xml-data/build-dir/CASASPECS-RELEASE675BUILDCASALITH-BPO15ARMPY313/casa6/casatools/src/code/synthesis/ImagerObjects/SDAlgorithmMSClean.cc, line 185)	MSClean minor cycle stopped at large scale negative or diverging
2026-05-13 12:45:34	WARN	SDAlgorithmMSClean::takeOneStep (file /Users/casaci/bamboohome/xml-data/build-dir/CASASPECS-RELEASE675BUILDCASALITH-BPO15ARMPY313/casa6/casatools/src/code/synthesis/ImagerObjects/SDAlgorithmMSClean.cc, line 185)	MSClean minor cycle stopped at large scale negative or diverging
2026-05-13 12:45:57	WARN	SDAlgorithmMSClean::takeOneStep (file /Users/casaci/bamboohome/xml-data/build-dir/CASASPECS-RELEASE675BUILDCASALITH-BPO15ARMPY313/casa6/casatools/src/code/synthesis/ImagerObjects/SDAlgorithmMSClean.cc, line 185)	MSClean minor cycle stopped at large scale negative or diverging
2026-05-13 12:46:10	WARN	SDAlgorithmMSClean::takeOneStep (file /Users/casaci/bamboohome/xml-data/build-dir/CASASPECS-RELEASE675BUILDCASALITH-BPO15ARMPY313/casa6/casatools/src/code/synthesis/ImagerObjects/SDAlgorithmMSClean.cc, line 185)	MSClean minor cycle stopped at large scale negative or diverging
2026-05-13 12:46:45	WARN	SDAlgorithmMSClean::takeOneStep (file /Users/casaci/bamboohome/xml-data/build-dir/CASASPECS-RELEASE675BUILDCASALITH-BPO15ARMPY313/casa6/casatools/src/code/synthesis/ImagerObjects/SDAlgorithmMSClean.cc, line 185)	MSClean minor cycle stopped at large scale negative or diverging
2026-05-13 12:47:41	WARN	SDAlgorithmMSClean::takeOneStep (file /Users/casaci/bamboohome/xml-data/build-dir/CASASPECS-RELEASE675BUILDCASALITH-BPO15ARMPY313/casa6/casatools/src/code/synthesis/ImagerObjects/SDAlgorithmMSClean.cc, line 185)	MSClean minor cycle stopped at large scale negative or diverging
2026-05-13 12:47:44	WARN	SDAlgorithmMSClean::takeOneStep (file /Users/casaci/bamboohome/xml-data/build-dir/CASASPECS-RELEASE675BUILDCASALITH-BPO15ARMPY313/casa6/casatools/src/code/synthesis/ImagerObjects/SDAlgorithmMSClean.cc, line 185)	MSClean minor cycle stopped at large scale negative or diverging
2026-05-13 12:47:59	WARN	SDAlgorithmMSClean::takeOneStep (file /Users/casaci/bamboohome/xml-data/build-dir/CASASPECS-RELEASE675BUILDCASALITH-BPO15ARMPY313/casa6/casatools/src/code/synthesis/ImagerObjects/SDAlgorithmMSClean.cc, line 185)	MSClean minor cycle stopped at large scale negative or diverging
2026-05-13 12:48:13	WARN	SDAlgorithmMSClean::takeOneStep (file /Users/casaci/bamboohome/xml-data/build-dir/CASASPECS-RELEASE675BUILDCASALITH-BPO15ARMPY313/casa6/casatools/src/code/synthesis/ImagerObjects/SDAlgorithmMSClean.cc, line 185)	MSClean minor cycle stopped at large scale negative or diverging
2026-05-13 12:48:15	WARN	SDAlgorithmMSClean::takeOneStep (file /Users/casaci/bamboohome/xml-data/build-dir/CASASPECS-RELEASE675BUILDCASALITH-BPO15ARMPY313/casa6/casatools/src/code/synthesis/ImagerObjects/SDAlgorithmMSClean.cc, line 185)	MSClean minor cycle stopped at large scale negative or diverging
2026-05-13 12:48:39	WARN	SDAlgorithmMSClean::takeOneStep (file /Users/casaci/bamboohome/xml-data/build-dir/CASASPECS-RELEASE675BUILDCASALITH-BPO15ARMPY313/casa6/casatools/src/code/synthesis/ImagerObjects/SDAlgorithmMSClean.cc, line 185)	MSClean minor cycle stopped at large scale negative or diverging
2026-05-13 12:48:42	WARN	SDAlgorithmMSClean::takeOneStep (file /Users/casaci/bamboohome/xml-data/build-dir/CASASPECS-RELEASE675BUILDCASALITH-BPO15ARMPY313/casa6/casatools/src/code/synthesis/ImagerObjects/SDAlgorithmMSClean.cc, line 185)	MSClean minor cycle stopped at large scale negative or diverging
2026-05-13 12:48:45	WARN	SDAlgorithmMSClean::takeOneStep (file /Users/casaci/bamboohome/xml-data/build-dir/CASASPECS-RELEASE675BUILDCASALITH-BPO15ARMPY313/casa6/casatools/src/code/synthesis/ImagerObjects/SDAlgorithmMSClean.cc, line 185)	MSClean minor cycle stopped at large scale negative or diverging
2026-05-13 12:50:10	WARN	SDAlgorithmMSClean::takeOneStep (file /Users/casaci/bamboohome/xml-data/build-dir/CASASPECS-RELEASE675BUILDCASALITH-BPO15ARMPY313/casa6/casatools/src/code/synthesis/ImagerObjects/SDAlgorithmMSClean.cc, line 185)	MSClean minor cycle stopped at large scale negative or diverging
2026-05-13 12:50:12	WARN	SDAlgorithmMSClean::takeOneStep (file /Users/casaci/bamboohome/xml-data/build-dir/CASASPECS-RELEASE675BUILDCASALITH-BPO15ARMPY313/casa6/casatools/src/code/synthesis/ImagerObjects/SDAlgorithmMSClean.cc, line 185)	MSClean minor cycle stopped at large scale negative or diverging

[selfcal-dev]   Cycle 3/5: tclean niter=400  img_uvrange=''  cal_uvrange=''  scales=[0, 5, 15, 45]
[selfcal-dev]   Cycle 3/5: gaincal → /Users/raj030/DATA/gmrt_40_014/work/casa_selfcal/moon0520_stk10_nomask/moon0520_stk0070_n10/moon0520_stk0070_n10_sc3.gcal
[selfcal-dev]     solmode='L1'  refant='1'  refantmode='flex'
[selfcal-dev]   Cycle 3/5: applycal
[selfcal-dev]   Cycle 3/5: exported /Users/raj030/DATA/gmrt_40_014/work/casa_selfcal/moon0520_stk10_nomask/moon0520_stk0070_n10/moon0520_stk0070_n10_sc3.fits
[selfcal-dev]   Cycle 4/5: tclean niter=600  img_uvrange=''  cal_uvrange=''  scales=[0, 5, 15, 45]
[selfcal-dev]   Cycle 4/5: gaincal → /Users/raj030/DATA/gmrt_40_014/work/casa_selfcal/moon0520_stk10_nomask/moon0520_stk0070_n10/moon0520_stk0070_n10_sc4.gcal
[selfcal-dev]     solmode='L1'  refant='1'  refantmode='flex'
[selfcal-dev]   Cycle 4/5: applycal
[selfcal-dev]   Cycle 4/5: exported /Users/raj030/DATA/gmrt_40_014/work/casa_selfcal/moon0520_stk10_nomask/moon0520_stk0070_n10/moon0520_stk0070_n10_sc4.fits
[selfcal-dev]   Cycle 5/5: tclean niter=1000  img_uvrange=''  cal_uvrange=''  scales=[0, 5, 15, 45, 90]
[selfcal-dev]   Cycle 5/5: gaincal → /Users/raj030/DATA/gmrt_40_014/work/casa_selfcal/moon0520_stk10_nomask/moon0520_stk0070_n10/moon0520_stk0070_n10_sc5.gcal
[selfcal-dev]     solmode='L1'  refant='1'  refantmode='flex'
[selfcal-dev]   Cycle 5/5: applycal
[selfcal-dev]   Cycle 5/5: exported /Users/raj030/DATA/gmrt_40_014/work/casa_selfcal/moon0520_stk10_nomask/moon0520_stk0070_n10/moon0520_stk0070_n10_sc5.fits
[selfcal-dev]   Final image: tclean niter=1000  uvrange=''  scales=[0, 5, 15, 45, 90]
[selfcal-dev]   Exported: /Users/raj030/DATA/gmrt_40_014/work/casa_selfcal/moon0520_stk10_nomask/moon0520_stk0070_n10/moon0520_stk0070_n10_final.fits

[selfcal-dev] === Stack start_idx=80  n=10  JD=2459421.504181..2459421.505020  timerange=2021/07/26/00:05:57~2021/07/26/00:07:17 ===
[selfcal-dev]   Moon at RA=331.0382°  Dec=-17.4205°  offset=7.76arcmin from field centre  (image half-width=38.4arcmin)
[selfcal-dev]   mask=<none — no-mask mode>
[selfcal-dev]   Cycle 1/5: tclean niter=100  img_uvrange=''  cal_uvrange=''  scales=[0, 5, 15]
[selfcal-dev]   Cycle 1/5: gaincal → /Users/raj030/DATA/gmrt_40_014/work/casa_selfcal/moon0520_stk10_nomask/moon0520_stk0080_n10/moon0520_stk0080_n10_sc1.gcal
[selfcal-dev]     solmode='L1'  refant='1'  refantmode='flex'
[selfcal-dev]   Cycle 1/5: applycal
[selfcal-dev]   Cycle 1/5: exported /Users/raj030/DATA/gmrt_40_014/work/casa_selfcal/moon0520_stk10_nomask/moon0520_stk0080_n10/moon0520_stk0080_n10_sc1.fits
[selfcal-dev]   Cycle 2/5: tclean niter=200  img_uvrange=''  cal_uvrange=''  scales=[0, 5, 15]
[selfcal-dev]   Cycle 2/5: gaincal → /Users/raj030/DATA/gmrt_40_014/work/casa_selfcal/moon0520_stk10_nomask/moon0520_stk0080_n10/moon0520_stk0080_n10_sc2.gcal
[selfcal-dev]     solmode='L1'  refant='1'  refantmode='flex'
[selfcal-dev]   Cycle 2/5: applycal
[selfcal-dev]   Cycle 2/5: exported /Users/raj030/DATA/gmrt_40_014/work/casa_selfcal/moon0520_stk10_nomask/moon0520_stk0080_n10/moon0520_stk0080_n10_sc2.fits
[selfcal-dev]   Cycle 3/5: tclean niter=400  img_uvrange=''  cal_uvrange=''  scales=[0, 5, 15, 45]
[selfcal-dev]   Cycle 3/5: gaincal → /Users/raj030/DATA/gmrt_40_014/work/casa_selfcal/moon0520_stk10_nomask/moon0520_stk0080_n10/moon0520_stk0080_n10_sc3.gcal
[selfcal-dev]     solmode='L1'  refant='1'  refantmode='flex'
[selfcal-dev]   Cycle 3/5: applycal
[selfcal-dev]   Cycle 3/5: exported /Users/raj030/DATA/gmrt_40_014/work/casa_selfcal/moon0520_stk10_nomask/moon0520_stk0080_n10/moon0520_stk0080_n10_sc3.fits
[selfcal-dev]   Cycle 4/5: tclean niter=600  img_uvrange=''  cal_uvrange=''  scales=[0, 5, 15, 45]
[selfcal-dev]   Cycle 4/5: gaincal → /Users/raj030/DATA/gmrt_40_014/work/casa_selfcal/moon0520_stk10_nomask/moon0520_stk0080_n10/moon0520_stk0080_n10_sc4.gcal
[selfcal-dev]     solmode='L1'  refant='1'  refantmode='flex'
[selfcal-dev]   Cycle 4/5: applycal
[selfcal-dev]   Cycle 4/5: exported /Users/raj030/DATA/gmrt_40_014/work/casa_selfcal/moon0520_stk10_nomask/moon0520_stk0080_n10/moon0520_stk0080_n10_sc4.fits
[selfcal-dev]   Cycle 5/5: tclean niter=1000  img_uvrange=''  cal_uvrange=''  scales=[0, 5, 15, 45, 90]
[selfcal-dev]   Cycle 5/5: gaincal → /Users/raj030/DATA/gmrt_40_014/work/casa_selfcal/moon0520_stk10_nomask/moon0520_stk0080_n10/moon0520_stk0080_n10_sc5.gcal
[selfcal-dev]     solmode='L1'  refant='1'  refantmode='flex'
[selfcal-dev]   Cycle 5/5: applycal
[selfcal-dev]   Cycle 5/5: exported /Users/raj030/DATA/gmrt_40_014/work/casa_selfcal/moon0520_stk10_nomask/moon0520_stk0080_n10/moon0520_stk0080_n10_sc5.fits
[selfcal-dev]   Final image: tclean niter=1000  uvrange=''  scales=[0, 5, 15, 45, 90]
[selfcal-dev]   Exported: /Users/raj030/DATA/gmrt_40_014/work/casa_selfcal/moon0520_stk10_nomask/moon0520_stk0080_n10/moon0520_stk0080_n10_final.fits

[selfcal-dev] === Stack start_idx=90  n=10  JD=2459421.505113..2459421.505952  timerange=2021/07/26/00:07:17~2021/07/26/00:08:38 ===
[selfcal-dev]   Moon at RA=331.0471°  Dec=-17.4150°  offset=8.37arcmin from field centre  (image half-width=38.4arcmin)
[selfcal-dev]   mask=<none — no-mask mode>
[selfcal-dev]   Cycle 1/5: tclean niter=100  img_uvrange=''  cal_uvrange=''  scales=[0, 5, 15]
[selfcal-dev]   Cycle 1/5: gaincal → /Users/raj030/DATA/gmrt_40_014/work/casa_selfcal/moon0520_stk10_nomask/moon0520_stk0090_n10/moon0520_stk0090_n10_sc1.gcal
[selfcal-dev]     solmode='L1'  refant='1'  refantmode='flex'
[selfcal-dev]   Cycle 1/5: applycal
[selfcal-dev]   Cycle 1/5: exported /Users/raj030/DATA/gmrt_40_014/work/casa_selfcal/moon0520_stk10_nomask/moon0520_stk0090_n10/moon0520_stk0090_n10_sc1.fits
[selfcal-dev]   Cycle 2/5: tclean niter=200  img_uvrange=''  cal_uvrange=''  scales=[0, 5, 15]
[selfcal-dev]   Cycle 2/5: gaincal → /Users/raj030/DATA/gmrt_40_014/work/casa_selfcal/moon0520_stk10_nomask/moon0520_stk0090_n10/moon0520_stk0090_n10_sc2.gcal
[selfcal-dev]     solmode='L1'  refant='1'  refantmode='flex'
[selfcal-dev]   Cycle 2/5: applycal
[selfcal-dev]   Cycle 2/5: exported /Users/raj030/DATA/gmrt_40_014/work/casa_selfcal/moon0520_stk10_nomask/moon0520_stk0090_n10/moon0520_stk0090_n10_sc2.fits
[selfcal-dev]   Cycle 3/5: tclean niter=400  img_uvrange=''  cal_uvrange=''  scales=[0, 5, 15, 45]
[selfcal-dev]   Cycle 3/5: gaincal → /Users/raj030/DATA/gmrt_40_014/work/casa_selfcal/moon0520_stk10_nomask/moon0520_stk0090_n10/moon0520_stk0090_n10_sc3.gcal
[selfcal-dev]     solmode='L1'  refant='1'  refantmode='flex'
[selfcal-dev]   Cycle 3/5: applycal
[selfcal-dev]   Cycle 3/5: exported /Users/raj030/DATA/gmrt_40_014/work/casa_selfcal/moon0520_stk10_nomask/moon0520_stk0090_n10/moon0520_stk0090_n10_sc3.fits
[selfcal-dev]   Cycle 4/5: tclean niter=600  img_uvrange=''  cal_uvrange=''  scales=[0, 5, 15, 45]
[selfcal-dev]   Cycle 4/5: gaincal → /Users/raj030/DATA/gmrt_40_014/work/casa_selfcal/moon0520_stk10_nomask/moon0520_stk0090_n10/moon0520_stk0090_n10_sc4.gcal
[selfcal-dev]     solmode='L1'  refant='1'  refantmode='flex'
[selfcal-dev]   Cycle 4/5: applycal
[selfcal-dev]   Cycle 4/5: exported /Users/raj030/DATA/gmrt_40_014/work/casa_selfcal/moon0520_stk10_nomask/moon0520_stk0090_n10/moon0520_stk0090_n10_sc4.fits
[selfcal-dev]   Cycle 5/5: tclean niter=1000  img_uvrange=''  cal_uvrange=''  scales=[0, 5, 15, 45, 90]
[selfcal-dev]   Cycle 5/5: gaincal → /Users/raj030/DATA/gmrt_40_014/work/casa_selfcal/moon0520_stk10_nomask/moon0520_stk0090_n10/moon0520_stk0090_n10_sc5.gcal
[selfcal-dev]     solmode='L1'  refant='1'  refantmode='flex'
[selfcal-dev]   Cycle 5/5: applycal
[selfcal-dev]   Cycle 5/5: exported /Users/raj030/DATA/gmrt_40_014/work/casa_selfcal/moon0520_stk10_nomask/moon0520_stk0090_n10/moon0520_stk0090_n10_sc5.fits
[selfcal-dev]   Final image: tclean niter=1000  uvrange=''  scales=[0, 5, 15, 45, 90]
[selfcal-dev]   Exported: /Users/raj030/DATA/gmrt_40_014/work/casa_selfcal/moon0520_stk10_nomask/moon0520_stk0090_n10/moon0520_stk0090_n10_final.fits

[selfcal-dev] === Stack start_idx=100  n=13  JD=2459421.506045..2459421.507164  timerange=2021/07/26/00:08:38~2021/07/26/00:10:22 ===
[selfcal-dev]   Moon at RA=331.0570°  Dec=-17.4089°  offset=9.04arcmin from field centre  (image half-width=38.4arcmin)
[selfcal-dev]   mask=<none — no-mask mode>
[selfcal-dev]   Cycle 1/5: tclean niter=100  img_uvrange=''  cal_uvrange=''  scales=[0, 5, 15]
[selfcal-dev]   Cycle 1/5: gaincal → /Users/raj030/DATA/gmrt_40_014/work/casa_selfcal/moon0520_stk10_nomask/moon0520_stk0100_n13/moon0520_stk0100_n13_sc1.gcal
[selfcal-dev]     solmode='L1'  refant='1'  refantmode='flex'
[selfcal-dev]   Cycle 1/5: applycal
[selfcal-dev]   Cycle 1/5: exported /Users/raj030/DATA/gmrt_40_014/work/casa_selfcal/moon0520_stk10_nomask/moon0520_stk0100_n13/moon0520_stk0100_n13_sc1.fits
[selfcal-dev]   Cycle 2/5: tclean niter=200  img_uvrange=''  cal_uvrange=''  scales=[0, 5, 15]
[selfcal-dev]   Cycle 2/5: gaincal → /Users/raj030/DATA/gmrt_40_014/work/casa_selfcal/moon0520_stk10_nomask/moon0520_stk0100_n13/moon0520_stk0100_n13_sc2.gcal
[selfcal-dev]     solmode='L1'  refant='1'  refantmode='flex'
[selfcal-dev]   Cycle 2/5: applycal
[selfcal-dev]   Cycle 2/5: exported /Users/raj030/DATA/gmrt_40_014/work/casa_selfcal/moon0520_stk10_nomask/moon0520_stk0100_n13/moon0520_stk0100_n13_sc2.fits
[selfcal-dev]   Cycle 3/5: tclean niter=400  img_uvrange=''  cal_uvrange=''  scales=[0, 5, 15, 45]
[selfcal-dev]   Cycle 3/5: gaincal → /Users/raj030/DATA/gmrt_40_014/work/casa_selfcal/moon0520_stk10_nomask/moon0520_stk0100_n13/moon0520_stk0100_n13_sc3.gcal
[selfcal-dev]     solmode='L1'  refant='1'  refantmode='flex'
[selfcal-dev]   Cycle 3/5: applycal
[selfcal-dev]   Cycle 3/5: exported /Users/raj030/DATA/gmrt_40_014/work/casa_selfcal/moon0520_stk10_nomask/moon0520_stk0100_n13/moon0520_stk0100_n13_sc3.fits
[selfcal-dev]   Cycle 4/5: tclean niter=600  img_uvrange=''  cal_uvrange=''  scales=[0, 5, 15, 45]
[selfcal-dev]   Cycle 4/5: gaincal → /Users/raj030/DATA/gmrt_40_014/work/casa_selfcal/moon0520_stk10_nomask/moon0520_stk0100_n13/moon0520_stk0100_n13_sc4.gcal
[selfcal-dev]     solmode='L1'  refant='1'  refantmode='flex'
[selfcal-dev]   Cycle 4/5: applycal
[selfcal-dev]   Cycle 4/5: exported /Users/raj030/DATA/gmrt_40_014/work/casa_selfcal/moon0520_stk10_nomask/moon0520_stk0100_n13/moon0520_stk0100_n13_sc4.fits
[selfcal-dev]   Cycle 5/5: tclean niter=1000  img_uvrange=''  cal_uvrange=''  scales=[0, 5, 15, 45, 90]
[selfcal-dev]   Cycle 5/5: gaincal → /Users/raj030/DATA/gmrt_40_014/work/casa_selfcal/moon0520_stk10_nomask/moon0520_stk0100_n13/moon0520_stk0100_n13_sc5.gcal
[selfcal-dev]     solmode='L1'  refant='1'  refantmode='flex'
[selfcal-dev]   Cycle 5/5: applycal
[selfcal-dev]   Cycle 5/5: exported /Users/raj030/DATA/gmrt_40_014/work/casa_selfcal/moon0520_stk10_nomask/moon0520_stk0100_n13/moon0520_stk0100_n13_sc5.fits
[selfcal-dev]   Final image: tclean niter=1000  uvrange=''  scales=[0, 5, 15, 45, 90]
[selfcal-dev]   Exported: /Users/raj030/DATA/gmrt_40_014/work/casa_selfcal/moon0520_stk10_nomask/moon0520_stk0100_n13/moon0520_stk0100_n13_final.fits

[selfcal-dev] Done.  11 integrations processed.
[selfcal-dev] Summary: /Users/raj030/DATA/gmrt_40_014/work/casa_selfcal/moon0520_stk10_nomask/summary.json
swig/python detected a memory leak of type 'casac::coordsys *', no destructor found.
