2026-05-16 10:02:38	WARN	MSFitsInput::fillAntennaTable	XYZHAND keyword not found in AN table. Will assume antenna coordinate system is right handed.
2026-05-16 10:02:38	WARN	MSFitsInput::fillExtraTable	No systemic velocity for field 7
2026-05-16 10:02:38	WARN	MSFitsInput::fillExtraTable	No rest frequency for field 7
2026-05-16 10:02:40	WARN	ImageRegridder::_doImagesOverlap	At least one of the images exceeds one degree on at one side, not checking for direction plane overlap.
10 of 52 solutions flagged due to SNR < 1 in spw=0 at 2021/07/25/23:55:37.9
WARNING: VerifyWarning: Card is too long, comment will be truncated. [astropy.io.fits.card]
2026-05-16 10:02:59	WARN	ImageRegridder::_doImagesOverlap	At least one of the images exceeds one degree on at one side, not checking for direction plane overlap.
4 of 52 solutions flagged due to SNR < 1 in spw=0 at 2021/07/25/23:55:38.1
2026-05-16 10:03:36	WARN	ImageRegridder::_doImagesOverlap	At least one of the images exceeds one degree on at one side, not checking for direction plane overlap.
10 of 52 solutions flagged due to SNR < 1 in spw=0 at 2021/07/25/23:55:37.5
2026-05-16 10:05:07	WARN	ImageRegridder::_doImagesOverlap	At least one of the images exceeds one degree on at one side, not checking for direction plane overlap.
10 of 52 solutions flagged due to SNR < 1 in spw=0 at 2021/07/25/23:55:37.4
2026-05-16 10:07:25	WARN	ImageRegridder::_doImagesOverlap	At least one of the images exceeds one degree on at one side, not checking for direction plane overlap.
2026-05-16 10:08:36	WARN	SDAlgorithmMSClean::takeOneStep (file /Users/casaci/bamboohome/xml-data/build-dir/CASASPECS-RELEASE675BUILDCASALITH-BPO15ARMPY313/casa6/casatools/src/code/synthesis/ImagerObjects/SDAlgorithmMSClean.cc, line 185)	MSClean minor cycle stopped at large scale negative or diverging
2026-05-16 10:09:06	WARN	SDAlgorithmMSClean::takeOneStep (file /Users/casaci/bamboohome/xml-data/build-dir/CASASPECS-RELEASE675BUILDCASALITH-BPO15ARMPY313/casa6/casatools/src/code/synthesis/ImagerObjects/SDAlgorithmMSClean.cc, line 185)	MSClean minor cycle stopped at large scale negative or diverging
2026-05-16 10:09:22	WARN	SDAlgorithmMSClean::takeOneStep (file /Users/casaci/bamboohome/xml-data/build-dir/CASASPECS-RELEASE675BUILDCASALITH-BPO15ARMPY313/casa6/casatools/src/code/synthesis/ImagerObjects/SDAlgorithmMSClean.cc, line 185)	MSClean minor cycle stopped at large scale negative or diverging
2026-05-16 10:10:47	WARN	SDAlgorithmMSClean::takeOneStep (file /Users/casaci/bamboohome/xml-data/build-dir/CASASPECS-RELEASE675BUILDCASALITH-BPO15ARMPY313/casa6/casatools/src/code/synthesis/ImagerObjects/SDAlgorithmMSClean.cc, line 185)	MSClean minor cycle stopped at large scale negative or diverging
2026-05-16 10:11:03	WARN	SDAlgorithmMSClean::takeOneStep (file /Users/casaci/bamboohome/xml-data/build-dir/CASASPECS-RELEASE675BUILDCASALITH-BPO15ARMPY313/casa6/casatools/src/code/synthesis/ImagerObjects/SDAlgorithmMSClean.cc, line 185)	MSClean minor cycle stopped at large scale negative or diverging
2026-05-16 10:11:33	WARN	SDAlgorithmMSClean::takeOneStep (file /Users/casaci/bamboohome/xml-data/build-dir/CASASPECS-RELEASE675BUILDCASALITH-BPO15ARMPY313/casa6/casatools/src/code/synthesis/ImagerObjects/SDAlgorithmMSClean.cc, line 185)	MSClean minor cycle stopped at large scale negative or diverging
2026-05-16 10:11:49	WARN	SDAlgorithmMSClean::takeOneStep (file /Users/casaci/bamboohome/xml-data/build-dir/CASASPECS-RELEASE675BUILDCASALITH-BPO15ARMPY313/casa6/casatools/src/code/synthesis/ImagerObjects/SDAlgorithmMSClean.cc, line 185)	MSClean minor cycle stopped at large scale negative or diverging
2026-05-16 10:12:06	WARN	SDAlgorithmMSClean::takeOneStep (file /Users/casaci/bamboohome/xml-data/build-dir/CASASPECS-RELEASE675BUILDCASALITH-BPO15ARMPY313/casa6/casatools/src/code/synthesis/ImagerObjects/SDAlgorithmMSClean.cc, line 185)	MSClean minor cycle stopped at large scale negative or diverging
11 of 52 solutions flagged due to SNR < 1 in spw=0 at 2021/07/25/23:55:37.7
2026-05-16 10:12:17	WARN	ImageRegridder::_doImagesOverlap	At least one of the images exceeds one degree on at one side, not checking for direction plane overlap.
2026-05-16 10:13:42	WARN	SDAlgorithmMSClean::takeOneStep (file /Users/casaci/bamboohome/xml-data/build-dir/CASASPECS-RELEASE675BUILDCASALITH-BPO15ARMPY313/casa6/casatools/src/code/synthesis/ImagerObjects/SDAlgorithmMSClean.cc, line 185)	MSClean minor cycle stopped at large scale negative or diverging
2026-05-16 10:14:39	WARN	SDAlgorithmMSClean::takeOneStep (file /Users/casaci/bamboohome/xml-data/build-dir/CASASPECS-RELEASE675BUILDCASALITH-BPO15ARMPY313/casa6/casatools/src/code/synthesis/ImagerObjects/SDAlgorithmMSClean.cc, line 185)	MSClean minor cycle stopped at large scale negative or diverging
2026-05-16 10:14:55	WARN	SDAlgorithmMSClean::takeOneStep (file /Users/casaci/bamboohome/xml-data/build-dir/CASASPECS-RELEASE675BUILDCASALITH-BPO15ARMPY313/casa6/casatools/src/code/synthesis/ImagerObjects/SDAlgorithmMSClean.cc, line 185)	MSClean minor cycle stopped at large scale negative or diverging
2026-05-16 10:15:12	WARN	SDAlgorithmMSClean::takeOneStep (file /Users/casaci/bamboohome/xml-data/build-dir/CASASPECS-RELEASE675BUILDCASALITH-BPO15ARMPY313/casa6/casatools/src/code/synthesis/ImagerObjects/SDAlgorithmMSClean.cc, line 185)	MSClean minor cycle stopped at large scale negative or diverging
2026-05-16 10:15:56	WARN	SDAlgorithmMSClean::takeOneStep (file /Users/casaci/bamboohome/xml-data/build-dir/CASASPECS-RELEASE675BUILDCASALITH-BPO15ARMPY313/casa6/casatools/src/code/synthesis/ImagerObjects/SDAlgorithmMSClean.cc, line 185)	MSClean minor cycle stopped at large scale negative or diverging
2026-05-16 10:16:39	WARN	SDAlgorithmMSClean::takeOneStep (file /Users/casaci/bamboohome/xml-data/build-dir/CASASPECS-RELEASE675BUILDCASALITH-BPO15ARMPY313/casa6/casatools/src/code/synthesis/ImagerObjects/SDAlgorithmMSClean.cc, line 185)	MSClean minor cycle stopped at large scale negative or diverging
2026-05-16 10:16:55	WARN	SDAlgorithmMSClean::takeOneStep (file /Users/casaci/bamboohome/xml-data/build-dir/CASASPECS-RELEASE675BUILDCASALITH-BPO15ARMPY313/casa6/casatools/src/code/synthesis/ImagerObjects/SDAlgorithmMSClean.cc, line 185)	MSClean minor cycle stopped at large scale negative or diverging
2026-05-16 10:17:07	WARN	ImageRegridder::_doImagesOverlap	At least one of the images exceeds one degree on at one side, not checking for direction plane overlap.
5 of 52 solutions flagged due to SNR < 1 in spw=0 at 2021/07/25/23:57:11.1
2026-05-16 10:17:27	WARN	ImageRegridder::_doImagesOverlap	At least one of the images exceeds one degree on at one side, not checking for direction plane overlap.
2026-05-16 10:18:04	WARN	ImageRegridder::_doImagesOverlap	At least one of the images exceeds one degree on at one side, not checking for direction plane overlap.
4 of 52 solutions flagged due to SNR < 1 in spw=0 at 2021/07/25/23:57:11.0
2026-05-16 10:19:37	WARN	ImageRegridder::_doImagesOverlap	At least one of the images exceeds one degree on at one side, not checking for direction plane overlap.
5 of 52 solutions flagged due to SNR < 1 in spw=0 at 2021/07/25/23:57:11.1
2026-05-16 10:21:55	WARN	ImageRegridder::_doImagesOverlap	At least one of the images exceeds one degree on at one side, not checking for direction plane overlap.
2026-05-16 10:25:26	WARN	SDAlgorithmMSClean::takeOneStep (file /Users/casaci/bamboohome/xml-data/build-dir/CASASPECS-RELEASE675BUILDCASALITH-BPO15ARMPY313/casa6/casatools/src/code/synthesis/ImagerObjects/SDAlgorithmMSClean.cc, line 185)	MSClean minor cycle stopped at large scale negative or diverging
2026-05-16 10:25:43	WARN	SDAlgorithmMSClean::takeOneStep (file /Users/casaci/bamboohome/xml-data/build-dir/CASASPECS-RELEASE675BUILDCASALITH-BPO15ARMPY313/casa6/casatools/src/code/synthesis/ImagerObjects/SDAlgorithmMSClean.cc, line 185)	MSClean minor cycle stopped at large scale negative or diverging
7 of 52 solutions flagged due to SNR < 1 in spw=0 at 2021/07/25/23:57:10.9
2026-05-16 10:26:39	WARN	ImageRegridder::_doImagesOverlap	At least one of the images exceeds one degree on at one side, not checking for direction plane overlap.
2026-05-16 10:29:25	WARN	SDAlgorithmMSClean::takeOneStep (file /Users/casaci/bamboohome/xml-data/build-dir/CASASPECS-RELEASE675BUILDCASALITH-BPO15ARMPY313/casa6/casatools/src/code/synthesis/ImagerObjects/SDAlgorithmMSClean.cc, line 185)	MSClean minor cycle stopped at large scale negative or diverging
2026-05-16 10:29:55	WARN	SDAlgorithmMSClean::takeOneStep (file /Users/casaci/bamboohome/xml-data/build-dir/CASASPECS-RELEASE675BUILDCASALITH-BPO15ARMPY313/casa6/casatools/src/code/synthesis/ImagerObjects/SDAlgorithmMSClean.cc, line 185)	MSClean minor cycle stopped at large scale negative or diverging
2026-05-16 10:30:39	WARN	SDAlgorithmMSClean::takeOneStep (file /Users/casaci/bamboohome/xml-data/build-dir/CASASPECS-RELEASE675BUILDCASALITH-BPO15ARMPY313/casa6/casatools/src/code/synthesis/ImagerObjects/SDAlgorithmMSClean.cc, line 185)	MSClean minor cycle stopped at large scale negative or diverging
2026-05-16 10:31:09	WARN	SDAlgorithmMSClean::takeOneStep (file /Users/casaci/bamboohome/xml-data/build-dir/CASASPECS-RELEASE675BUILDCASALITH-BPO15ARMPY313/casa6/casatools/src/code/synthesis/ImagerObjects/SDAlgorithmMSClean.cc, line 185)	MSClean minor cycle stopped at large scale negative or diverging
2026-05-16 10:31:23	WARN	ImageRegridder::_doImagesOverlap	At least one of the images exceeds one degree on at one side, not checking for direction plane overlap.
3 of 52 solutions flagged due to SNR < 1 in spw=0 at 2021/07/25/23:58:27.4
2026-05-16 10:31:44	WARN	ImageRegridder::_doImagesOverlap	At least one of the images exceeds one degree on at one side, not checking for direction plane overlap.
3 of 52 solutions flagged due to SNR < 1 in spw=0 at 2021/07/25/23:58:27.6
2026-05-16 10:32:23	WARN	ImageRegridder::_doImagesOverlap	At least one of the images exceeds one degree on at one side, not checking for direction plane overlap.
3 of 52 solutions flagged due to SNR < 1 in spw=0 at 2021/07/25/23:58:27.4
2026-05-16 10:33:56	WARN	ImageRegridder::_doImagesOverlap	At least one of the images exceeds one degree on at one side, not checking for direction plane overlap.
1 of 52 solutions flagged due to SNR < 1 in spw=0 at 2021/07/25/23:58:27.4
2026-05-16 10:36:12	WARN	ImageRegridder::_doImagesOverlap	At least one of the images exceeds one degree on at one side, not checking for direction plane overlap.
2026-05-16 10:37:59	WARN	SDAlgorithmMSClean::takeOneStep (file /Users/casaci/bamboohome/xml-data/build-dir/CASASPECS-RELEASE675BUILDCASALITH-BPO15ARMPY313/casa6/casatools/src/code/synthesis/ImagerObjects/SDAlgorithmMSClean.cc, line 185)	MSClean minor cycle stopped at large scale negative or diverging
2026-05-16 10:38:55	WARN	SDAlgorithmMSClean::takeOneStep (file /Users/casaci/bamboohome/xml-data/build-dir/CASASPECS-RELEASE675BUILDCASALITH-BPO15ARMPY313/casa6/casatools/src/code/synthesis/ImagerObjects/SDAlgorithmMSClean.cc, line 185)	MSClean minor cycle stopped at large scale negative or diverging
2026-05-16 10:39:11	WARN	SDAlgorithmMSClean::takeOneStep (file /Users/casaci/bamboohome/xml-data/build-dir/CASASPECS-RELEASE675BUILDCASALITH-BPO15ARMPY313/casa6/casatools/src/code/synthesis/ImagerObjects/SDAlgorithmMSClean.cc, line 185)	MSClean minor cycle stopped at large scale negative or diverging
2026-05-16 10:40:07	WARN	SDAlgorithmMSClean::takeOneStep (file /Users/casaci/bamboohome/xml-data/build-dir/CASASPECS-RELEASE675BUILDCASALITH-BPO15ARMPY313/casa6/casatools/src/code/synthesis/ImagerObjects/SDAlgorithmMSClean.cc, line 185)	MSClean minor cycle stopped at large scale negative or diverging
2026-05-16 10:40:36	WARN	SDAlgorithmMSClean::takeOneStep (file /Users/casaci/bamboohome/xml-data/build-dir/CASASPECS-RELEASE675BUILDCASALITH-BPO15ARMPY313/casa6/casatools/src/code/synthesis/ImagerObjects/SDAlgorithmMSClean.cc, line 185)	MSClean minor cycle stopped at large scale negative or diverging
5 of 52 solutions flagged due to SNR < 1 in spw=0 at 2021/07/25/23:58:28.2
2026-05-16 10:40:49	WARN	ImageRegridder::_doImagesOverlap	At least one of the images exceeds one degree on at one side, not checking for direction plane overlap.
2026-05-16 10:43:34	WARN	SDAlgorithmMSClean::takeOneStep (file /Users/casaci/bamboohome/xml-data/build-dir/CASASPECS-RELEASE675BUILDCASALITH-BPO15ARMPY313/casa6/casatools/src/code/synthesis/ImagerObjects/SDAlgorithmMSClean.cc, line 185)	MSClean minor cycle stopped at large scale negative or diverging
2026-05-16 10:44:03	WARN	SDAlgorithmMSClean::takeOneStep (file /Users/casaci/bamboohome/xml-data/build-dir/CASASPECS-RELEASE675BUILDCASALITH-BPO15ARMPY313/casa6/casatools/src/code/synthesis/ImagerObjects/SDAlgorithmMSClean.cc, line 185)	MSClean minor cycle stopped at large scale negative or diverging
2026-05-16 10:44:20	WARN	SDAlgorithmMSClean::takeOneStep (file /Users/casaci/bamboohome/xml-data/build-dir/CASASPECS-RELEASE675BUILDCASALITH-BPO15ARMPY313/casa6/casatools/src/code/synthesis/ImagerObjects/SDAlgorithmMSClean.cc, line 185)	MSClean minor cycle stopped at large scale negative or diverging
2026-05-16 10:45:03	WARN	SDAlgorithmMSClean::takeOneStep (file /Users/casaci/bamboohome/xml-data/build-dir/CASASPECS-RELEASE675BUILDCASALITH-BPO15ARMPY313/casa6/casatools/src/code/synthesis/ImagerObjects/SDAlgorithmMSClean.cc, line 185)	MSClean minor cycle stopped at large scale negative or diverging
2026-05-16 10:45:20	WARN	SDAlgorithmMSClean::takeOneStep (file /Users/casaci/bamboohome/xml-data/build-dir/CASASPECS-RELEASE675BUILDCASALITH-BPO15ARMPY313/casa6/casatools/src/code/synthesis/ImagerObjects/SDAlgorithmMSClean.cc, line 185)	MSClean minor cycle stopped at large scale negative or diverging
2026-05-16 10:45:31	WARN	ImageRegridder::_doImagesOverlap	At least one of the images exceeds one degree on at one side, not checking for direction plane overlap.
4 of 52 solutions flagged due to SNR < 1 in spw=0 at 2021/07/25/23:59:54.0
2026-05-16 10:45:50	WARN	ImageRegridder::_doImagesOverlap	At least one of the images exceeds one degree on at one side, not checking for direction plane overlap.
2026-05-16 10:46:27	WARN	ImageRegridder::_doImagesOverlap	At least one of the images exceeds one degree on at one side, not checking for direction plane overlap.
5 of 52 solutions flagged due to SNR < 1 in spw=0 at 2021/07/25/23:59:54.0
2026-05-16 10:47:57	WARN	ImageRegridder::_doImagesOverlap	At least one of the images exceeds one degree on at one side, not checking for direction plane overlap.
2026-05-16 10:49:27	WARN	SDAlgorithmMSClean::takeOneStep (file /Users/casaci/bamboohome/xml-data/build-dir/CASASPECS-RELEASE675BUILDCASALITH-BPO15ARMPY313/casa6/casatools/src/code/synthesis/ImagerObjects/SDAlgorithmMSClean.cc, line 185)	MSClean minor cycle stopped at large scale negative or diverging
2 of 52 solutions flagged due to SNR < 1 in spw=0 at 2021/07/25/23:59:53.1
2026-05-16 10:50:13	WARN	ImageRegridder::_doImagesOverlap	At least one of the images exceeds one degree on at one side, not checking for direction plane overlap.
2026-05-16 10:54:16	WARN	SDAlgorithmMSClean::takeOneStep (file /Users/casaci/bamboohome/xml-data/build-dir/CASASPECS-RELEASE675BUILDCASALITH-BPO15ARMPY313/casa6/casatools/src/code/synthesis/ImagerObjects/SDAlgorithmMSClean.cc, line 185)	MSClean minor cycle stopped at large scale negative or diverging
2026-05-16 10:54:32	WARN	SDAlgorithmMSClean::takeOneStep (file /Users/casaci/bamboohome/xml-data/build-dir/CASASPECS-RELEASE675BUILDCASALITH-BPO15ARMPY313/casa6/casatools/src/code/synthesis/ImagerObjects/SDAlgorithmMSClean.cc, line 185)	MSClean minor cycle stopped at large scale negative or diverging
2026-05-16 10:54:36	WARN	SDAlgorithmMSClean::takeOneStep (file /Users/casaci/bamboohome/xml-data/build-dir/CASASPECS-RELEASE675BUILDCASALITH-BPO15ARMPY313/casa6/casatools/src/code/synthesis/ImagerObjects/SDAlgorithmMSClean.cc, line 185)	MSClean minor cycle stopped at large scale negative or diverging
2026-05-16 10:54:49	WARN	ImageRegridder::_doImagesOverlap	At least one of the images exceeds one degree on at one side, not checking for direction plane overlap.
2026-05-16 10:57:07	WARN	SDAlgorithmMSClean::takeOneStep (file /Users/casaci/bamboohome/xml-data/build-dir/CASASPECS-RELEASE675BUILDCASALITH-BPO15ARMPY313/casa6/casatools/src/code/synthesis/ImagerObjects/SDAlgorithmMSClean.cc, line 185)	MSClean minor cycle stopped at large scale negative or diverging
2026-05-16 10:57:36	WARN	SDAlgorithmMSClean::takeOneStep (file /Users/casaci/bamboohome/xml-data/build-dir/CASASPECS-RELEASE675BUILDCASALITH-BPO15ARMPY313/casa6/casatools/src/code/synthesis/ImagerObjects/SDAlgorithmMSClean.cc, line 185)	MSClean minor cycle stopped at large scale negative or diverging
2026-05-16 10:57:53	WARN	SDAlgorithmMSClean::takeOneStep (file /Users/casaci/bamboohome/xml-data/build-dir/CASASPECS-RELEASE675BUILDCASALITH-BPO15ARMPY313/casa6/casatools/src/code/synthesis/ImagerObjects/SDAlgorithmMSClean.cc, line 185)	MSClean minor cycle stopped at large scale negative or diverging
2026-05-16 10:57:56	WARN	SDAlgorithmMSClean::takeOneStep (file /Users/casaci/bamboohome/xml-data/build-dir/CASASPECS-RELEASE675BUILDCASALITH-BPO15ARMPY313/casa6/casatools/src/code/synthesis/ImagerObjects/SDAlgorithmMSClean.cc, line 185)	MSClean minor cycle stopped at large scale negative or diverging
2026-05-16 10:58:12	WARN	SDAlgorithmMSClean::takeOneStep (file /Users/casaci/bamboohome/xml-data/build-dir/CASASPECS-RELEASE675BUILDCASALITH-BPO15ARMPY313/casa6/casatools/src/code/synthesis/ImagerObjects/SDAlgorithmMSClean.cc, line 185)	MSClean minor cycle stopped at large scale negative or diverging
2026-05-16 10:58:28	WARN	SDAlgorithmMSClean::takeOneStep (file /Users/casaci/bamboohome/xml-data/build-dir/CASASPECS-RELEASE675BUILDCASALITH-BPO15ARMPY313/casa6/casatools/src/code/synthesis/ImagerObjects/SDAlgorithmMSClean.cc, line 185)	MSClean minor cycle stopped at large scale negative or diverging
2026-05-16 10:58:45	WARN	SDAlgorithmMSClean::takeOneStep (file /Users/casaci/bamboohome/xml-data/build-dir/CASASPECS-RELEASE675BUILDCASALITH-BPO15ARMPY313/casa6/casatools/src/code/synthesis/ImagerObjects/SDAlgorithmMSClean.cc, line 185)	MSClean minor cycle stopped at large scale negative or diverging
2026-05-16 10:59:14	WARN	SDAlgorithmMSClean::takeOneStep (file /Users/casaci/bamboohome/xml-data/build-dir/CASASPECS-RELEASE675BUILDCASALITH-BPO15ARMPY313/casa6/casatools/src/code/synthesis/ImagerObjects/SDAlgorithmMSClean.cc, line 185)	MSClean minor cycle stopped at large scale negative or diverging
2026-05-16 10:59:30	WARN	SDAlgorithmMSClean::takeOneStep (file /Users/casaci/bamboohome/xml-data/build-dir/CASASPECS-RELEASE675BUILDCASALITH-BPO15ARMPY313/casa6/casatools/src/code/synthesis/ImagerObjects/SDAlgorithmMSClean.cc, line 185)	MSClean minor cycle stopped at large scale negative or diverging
2026-05-16 10:59:39	WARN	task_tclean::SIImageStore::getPSFGaussian (file /Users/casaci/bamboohome/xml-data/build-dir/CASASPECS-RELEASE675BUILDCASALITH-BPO15ARMPY313/casa6/casatools/src/code/synthesis/ImagerObjects/SIImageStore.cc, line 2143)	[Chan0:Pol0] Error Gaussian fit to PSF : Exception: Neither the major nor the minor axis value is permitted to be infinity or NaN.
2026-05-16 10:59:39	WARN	task_tclean::SIImageStore::getPSFGaussian (file /Users/casaci/bamboohome/xml-data/build-dir/CASASPECS-RELEASE675BUILDCASALITH-BPO15ARMPY313/casa6/casatools/src/code/synthesis/ImagerObjects/SIImageStore.cc, line 2143)+	... thrown by void casacore::GaussianBeam::setMajorMinor(const Quantity &, const Quantity &) at File: /Users/casaci/bamboohome/xml-data/build-dir/CASASPECS-RELEASE675BUILDCASALITH-BPO15ARMPY313/casa6/casatools/casacore/scimath/Mathematics/GaussianBeam.cc, line: 141 :  Setting restoring beam to largest valid beam.
2026-05-16 10:59:40	WARN	ImageRegridder::_doImagesOverlap	At least one of the images exceeds one degree on at one side, not checking for direction plane overlap.
3 of 52 solutions flagged due to SNR < 1 in spw=0 at 2021/07/26/00:01:15.7
2026-05-16 10:59:58	WARN	task_tclean::SIImageStore::getPSFGaussian (file /Users/casaci/bamboohome/xml-data/build-dir/CASASPECS-RELEASE675BUILDCASALITH-BPO15ARMPY313/casa6/casatools/src/code/synthesis/ImagerObjects/SIImageStore.cc, line 2143)	[Chan0:Pol0] Error Gaussian fit to PSF : Exception: Neither the major nor the minor axis value is permitted to be infinity or NaN.
2026-05-16 10:59:58	WARN	task_tclean::SIImageStore::getPSFGaussian (file /Users/casaci/bamboohome/xml-data/build-dir/CASASPECS-RELEASE675BUILDCASALITH-BPO15ARMPY313/casa6/casatools/src/code/synthesis/ImagerObjects/SIImageStore.cc, line 2143)+	... thrown by void casacore::GaussianBeam::setMajorMinor(const Quantity &, const Quantity &) at File: /Users/casaci/bamboohome/xml-data/build-dir/CASASPECS-RELEASE675BUILDCASALITH-BPO15ARMPY313/casa6/casatools/casacore/scimath/Mathematics/GaussianBeam.cc, line: 141 :  Setting restoring beam to largest valid beam.
2026-05-16 10:59:59	WARN	ImageRegridder::_doImagesOverlap	At least one of the images exceeds one degree on at one side, not checking for direction plane overlap.
[selfcal-dev] Using index: /Users/raj030/DATA/gmrt_40_014/work/split/moon/moon0520_primary_secondary_calibrated_flagged_additional_flags_from_clustering.uvfits.row_index_cache.npz
[selfcal-dev] Scan MOON0520 (id=8): 113 integrations, dump=8s
[selfcal-dev] Processing integrations: [0, 1, 2, 3, 4, 5, 6, 7, 8, 9, 10, 11, 12, 13, 14, 15, 16, 17, 18, 19, 20, 21, 22, 23, 24, 25, 26, 27, 28, 29, 30, 31, 32, 33, 34, 35, 36, 37, 38, 39, 40, 41, 42, 43, 44, 45, 46, 47, 48, 49, 50, 51, 52, 53, 54, 55, 56, 57, 58, 59, 60, 61, 62, 63, 64, 65, 66, 67, 68, 69, 70, 71, 72, 73, 74, 75, 76, 77, 78, 79, 80, 81, 82, 83, 84, 85, 86, 87, 88, 89, 90, 91, 92, 93, 94, 95, 96, 97, 98, 99, 100, 101, 102, 103, 104, 105, 106, 107, 108, 109, 110, 111, 112] (stack_size=10)
[selfcal-dev] Importing UVFITS → /Users/raj030/DATA/gmrt_40_014/work/casa_selfcal/moon0520_stk10_phasecenter/moon0520_full.ms
[selfcal-dev] Patching UVFITS for CASA (PMRA/PMDEC=0 in SU table)
[selfcal-dev] Cycle 1 params: niter=100, img uvmin=Nonekλ uvmax=Nonekλ, cal uvmin=Nonekλ uvmax=Nonekλ, scales=[0, 5, 15]
[selfcal-dev] Cycle 2 params: niter=200, img uvmin=Nonekλ uvmax=Nonekλ, cal uvmin=Nonekλ uvmax=Nonekλ, scales=[0, 5, 15]
[selfcal-dev] Cycle 3 params: niter=400, img uvmin=Nonekλ uvmax=Nonekλ, cal uvmin=Nonekλ uvmax=Nonekλ, scales=[0, 5, 15, 45]
[selfcal-dev] Cycle 4 params: niter=600, img uvmin=Nonekλ uvmax=Nonekλ, cal uvmin=Nonekλ uvmax=Nonekλ, scales=[0, 5, 15, 45]
[selfcal-dev] Cycle 5 params: niter=1000, img uvmin=Nonekλ uvmax=Nonekλ, cal uvmin=Nonekλ uvmax=Nonekλ, scales=[0, 5, 15, 45, 90]

[selfcal-dev] === Stack start_idx=0  n=10  JD=2459421.496724..2459421.497563  timerange=2021/07/25/23:55:12~2021/07/25/23:56:33 ===
[selfcal-dev]   Moon at RA=330.9674°  Dec=-17.4641°  offset=2.93arcmin from field centre  (image half-width=38.4arcmin)
[selfcal-dev]   mask-center (ephem): RA=330.967394 deg  Dec=-17.464127 deg
[selfcal-dev]   mask-radius: 20.00 arcmin
[selfcal-dev]   mask-string: circle[[22:03:52.174, -17.27.50.86], 20.0arcmin]
[selfcal-dev]   tclean phasecenter: ENABLED (J2000 22h03m52.174s -17d27m50.86s)
[selfcal-dev]   Cycle 1/5: tclean niter=100  img_uvrange=''  cal_uvrange=''  scales=[0, 5, 15]
[selfcal-dev]   Cycle 1/5: gaincal → /Users/raj030/DATA/gmrt_40_014/work/casa_selfcal/moon0520_stk10_phasecenter/moon0520_stk0000_n10/moon0520_stk0000_n10_sc1.gcal
[selfcal-dev]     solmode='L1'  refant='1'  refantmode='flex'
[selfcal-dev]   Cycle 1/5: applycal
[selfcal-dev]   Cycle 1/5: exported /Users/raj030/DATA/gmrt_40_014/work/casa_selfcal/moon0520_stk10_phasecenter/moon0520_stk0000_n10/moon0520_stk0000_n10_sc1.fits
[selfcal-dev]   Cycle 2/5: tclean niter=200  img_uvrange=''  cal_uvrange=''  scales=[0, 5, 15]
[selfcal-dev]   Cycle 2/5: gaincal → /Users/raj030/DATA/gmrt_40_014/work/casa_selfcal/moon0520_stk10_phasecenter/moon0520_stk0000_n10/moon0520_stk0000_n10_sc2.gcal
[selfcal-dev]     solmode='L1'  refant='1'  refantmode='flex'
[selfcal-dev]   Cycle 2/5: applycal
[selfcal-dev]   Cycle 2/5: exported /Users/raj030/DATA/gmrt_40_014/work/casa_selfcal/moon0520_stk10_phasecenter/moon0520_stk0000_n10/moon0520_stk0000_n10_sc2.fits
[selfcal-dev]   Cycle 3/5: tclean niter=400  img_uvrange=''  cal_uvrange=''  scales=[0, 5, 15, 45]
[selfcal-dev]   Cycle 3/5: gaincal → /Users/raj030/DATA/gmrt_40_014/work/casa_selfcal/moon0520_stk10_phasecenter/moon0520_stk0000_n10/moon0520_stk0000_n10_sc3.gcal
[selfcal-dev]     solmode='L1'  refant='1'  refantmode='flex'
[selfcal-dev]   Cycle 3/5: applycal
[selfcal-dev]   Cycle 3/5: exported /Users/raj030/DATA/gmrt_40_014/work/casa_selfcal/moon0520_stk10_phasecenter/moon0520_stk0000_n10/moon0520_stk0000_n10_sc3.fits
[selfcal-dev]   Cycle 4/5: tclean niter=600  img_uvrange=''  cal_uvrange=''  scales=[0, 5, 15, 45]
[selfcal-dev]   Cycle 4/5: gaincal → /Users/raj030/DATA/gmrt_40_014/work/casa_selfcal/moon0520_stk10_phasecenter/moon0520_stk0000_n10/moon0520_stk0000_n10_sc4.gcal
[selfcal-dev]     solmode='L1'  refant='1'  refantmode='flex'
[selfcal-dev]   Cycle 4/5: applycal
[selfcal-dev]   Cycle 4/5: exported /Users/raj030/DATA/gmrt_40_014/work/casa_selfcal/moon0520_stk10_phasecenter/moon0520_stk0000_n10/moon0520_stk0000_n10_sc4.fits
[selfcal-dev]   Cycle 5/5: tclean niter=1000  img_uvrange=''  cal_uvrange=''  scales=[0, 5, 15, 45, 90]
[selfcal-dev]   Cycle 5/5: gaincal → /Users/raj030/DATA/gmrt_40_014/work/casa_selfcal/moon0520_stk10_phasecenter/moon0520_stk0000_n10/moon0520_stk0000_n10_sc5.gcal
[selfcal-dev]     solmode='L1'  refant='1'  refantmode='flex'
[selfcal-dev]   Cycle 5/5: applycal
[selfcal-dev]   Cycle 5/5: exported /Users/raj030/DATA/gmrt_40_014/work/casa_selfcal/moon0520_stk10_phasecenter/moon0520_stk0000_n10/moon0520_stk0000_n10_sc5.fits
[selfcal-dev]   Final image: tclean niter=1000  uvrange=''  scales=[0, 5, 15, 45, 90]
[selfcal-dev]   Exported: /Users/raj030/DATA/gmrt_40_014/work/casa_selfcal/moon0520_stk10_phasecenter/moon0520_stk0000_n10/moon0520_stk0000_n10_final.fits

[selfcal-dev] === Stack start_idx=10  n=10  JD=2459421.497656..2459421.498495  timerange=2021/07/25/23:56:33~2021/07/25/23:57:53 ===
[selfcal-dev]   Moon at RA=330.9762°  Dec=-17.4587°  offset=3.53arcmin from field centre  (image half-width=38.4arcmin)
[selfcal-dev]   mask-center (ephem): RA=330.976164 deg  Dec=-17.458691 deg
[selfcal-dev]   mask-radius: 20.00 arcmin
[selfcal-dev]   mask-string: circle[[22:03:54.279, -17.27.31.29], 20.0arcmin]
[selfcal-dev]   tclean phasecenter: ENABLED (J2000 22h03m54.279s -17d27m31.29s)
[selfcal-dev]   Cycle 1/5: tclean niter=100  img_uvrange=''  cal_uvrange=''  scales=[0, 5, 15]
[selfcal-dev]   Cycle 1/5: gaincal → /Users/raj030/DATA/gmrt_40_014/work/casa_selfcal/moon0520_stk10_phasecenter/moon0520_stk0010_n10/moon0520_stk0010_n10_sc1.gcal
[selfcal-dev]     solmode='L1'  refant='1'  refantmode='flex'
[selfcal-dev]   Cycle 1/5: applycal
[selfcal-dev]   Cycle 1/5: exported /Users/raj030/DATA/gmrt_40_014/work/casa_selfcal/moon0520_stk10_phasecenter/moon0520_stk0010_n10/moon0520_stk0010_n10_sc1.fits
[selfcal-dev]   Cycle 2/5: tclean niter=200  img_uvrange=''  cal_uvrange=''  scales=[0, 5, 15]
[selfcal-dev]   Cycle 2/5: gaincal → /Users/raj030/DATA/gmrt_40_014/work/casa_selfcal/moon0520_stk10_phasecenter/moon0520_stk0010_n10/moon0520_stk0010_n10_sc2.gcal
[selfcal-dev]     solmode='L1'  refant='1'  refantmode='flex'
[selfcal-dev]   Cycle 2/5: applycal
[selfcal-dev]   Cycle 2/5: exported /Users/raj030/DATA/gmrt_40_014/work/casa_selfcal/moon0520_stk10_phasecenter/moon0520_stk0010_n10/moon0520_stk0010_n10_sc2.fits
[selfcal-dev]   Cycle 3/5: tclean niter=400  img_uvrange=''  cal_uvrange=''  scales=[0, 5, 15, 45]
[selfcal-dev]   Cycle 3/5: gaincal → /Users/raj030/DATA/gmrt_40_014/work/casa_selfcal/moon0520_stk10_phasecenter/moon0520_stk0010_n10/moon0520_stk0010_n10_sc3.gcal
[selfcal-dev]     solmode='L1'  refant='1'  refantmode='flex'
[selfcal-dev]   Cycle 3/5: applycal
[selfcal-dev]   Cycle 3/5: exported /Users/raj030/DATA/gmrt_40_014/work/casa_selfcal/moon0520_stk10_phasecenter/moon0520_stk0010_n10/moon0520_stk0010_n10_sc3.fits
[selfcal-dev]   Cycle 4/5: tclean niter=600  img_uvrange=''  cal_uvrange=''  scales=[0, 5, 15, 45]
[selfcal-dev]   Cycle 4/5: gaincal → /Users/raj030/DATA/gmrt_40_014/work/casa_selfcal/moon0520_stk10_phasecenter/moon0520_stk0010_n10/moon0520_stk0010_n10_sc4.gcal
[selfcal-dev]     solmode='L1'  refant='1'  refantmode='flex'
[selfcal-dev]   Cycle 4/5: applycal
[selfcal-dev]   Cycle 4/5: exported /Users/raj030/DATA/gmrt_40_014/work/casa_selfcal/moon0520_stk10_phasecenter/moon0520_stk0010_n10/moon0520_stk0010_n10_sc4.fits
[selfcal-dev]   Cycle 5/5: tclean niter=1000  img_uvrange=''  cal_uvrange=''  scales=[0, 5, 15, 45, 90]
[selfcal-dev]   Cycle 5/5: gaincal → /Users/raj030/DATA/gmrt_40_014/work/casa_selfcal/moon0520_stk10_phasecenter/moon0520_stk0010_n10/moon0520_stk0010_n10_sc5.gcal
[selfcal-dev]     solmode='L1'  refant='1'  refantmode='flex'
[selfcal-dev]   Cycle 5/5: applycal
[selfcal-dev]   Cycle 5/5: exported /Users/raj030/DATA/gmrt_40_014/work/casa_selfcal/moon0520_stk10_phasecenter/moon0520_stk0010_n10/moon0520_stk0010_n10_sc5.fits
[selfcal-dev]   Final image: tclean niter=1000  uvrange=''  scales=[0, 5, 15, 45, 90]2026-05-16 11:00:35	WARN	task_tclean::SIImageStore::getPSFGaussian (file /Users/casaci/bamboohome/xml-data/build-dir/CASASPECS-RELEASE675BUILDCASALITH-BPO15ARMPY313/casa6/casatools/src/code/synthesis/ImagerObjects/SIImageStore.cc, line 2143)	[Chan0:Pol0] Error Gaussian fit to PSF : Exception: Neither the major nor the minor axis value is permitted to be infinity or NaN.
2026-05-16 11:00:35	WARN	task_tclean::SIImageStore::getPSFGaussian (file /Users/casaci/bamboohome/xml-data/build-dir/CASASPECS-RELEASE675BUILDCASALITH-BPO15ARMPY313/casa6/casatools/src/code/synthesis/ImagerObjects/SIImageStore.cc, line 2143)+	... thrown by void casacore::GaussianBeam::setMajorMinor(const Quantity &, const Quantity &) at File: /Users/casaci/bamboohome/xml-data/build-dir/CASASPECS-RELEASE675BUILDCASALITH-BPO15ARMPY313/casa6/casatools/casacore/scimath/Mathematics/GaussianBeam.cc, line: 141 :  Setting restoring beam to largest valid beam.
2026-05-16 11:00:36	WARN	ImageRegridder::_doImagesOverlap	At least one of the images exceeds one degree on at one side, not checking for direction plane overlap.
1 of 52 solutions flagged due to SNR < 1 in spw=0 at 2021/07/26/00:01:15.2
2026-05-16 11:02:06	WARN	task_tclean::SIImageStore::getPSFGaussian (file /Users/casaci/bamboohome/xml-data/build-dir/CASASPECS-RELEASE675BUILDCASALITH-BPO15ARMPY313/casa6/casatools/src/code/synthesis/ImagerObjects/SIImageStore.cc, line 2143)	[Chan0:Pol0] Error Gaussian fit to PSF : Exception: Neither the major nor the minor axis value is permitted to be infinity or NaN.
2026-05-16 11:02:06	WARN	task_tclean::SIImageStore::getPSFGaussian (file /Users/casaci/bamboohome/xml-data/build-dir/CASASPECS-RELEASE675BUILDCASALITH-BPO15ARMPY313/casa6/casatools/src/code/synthesis/ImagerObjects/SIImageStore.cc, line 2143)+	... thrown by void casacore::GaussianBeam::setMajorMinor(const Quantity &, const Quantity &) at File: /Users/casaci/bamboohome/xml-data/build-dir/CASASPECS-RELEASE675BUILDCASALITH-BPO15ARMPY313/casa6/casatools/casacore/scimath/Mathematics/GaussianBeam.cc, line: 141 :  Setting restoring beam to largest valid beam.
2026-05-16 11:02:06	WARN	ImageRegridder::_doImagesOverlap	At least one of the images exceeds one degree on at one side, not checking for direction plane overlap.
2026-05-16 11:04:10	WARN	SDAlgorithmMSClean::takeOneStep (file /Users/casaci/bamboohome/xml-data/build-dir/CASASPECS-RELEASE675BUILDCASALITH-BPO15ARMPY313/casa6/casatools/src/code/synthesis/ImagerObjects/SDAlgorithmMSClean.cc, line 185)	MSClean minor cycle stopped at large scale negative or diverging
2026-05-16 11:04:22	WARN	task_tclean::SIImageStore::getPSFGaussian (file /Users/casaci/bamboohome/xml-data/build-dir/CASASPECS-RELEASE675BUILDCASALITH-BPO15ARMPY313/casa6/casatools/src/code/synthesis/ImagerObjects/SIImageStore.cc, line 2143)	[Chan0:Pol0] Error Gaussian fit to PSF : Exception: Neither the major nor the minor axis value is permitted to be infinity or NaN.
2026-05-16 11:04:22	WARN	task_tclean::SIImageStore::getPSFGaussian (file /Users/casaci/bamboohome/xml-data/build-dir/CASASPECS-RELEASE675BUILDCASALITH-BPO15ARMPY313/casa6/casatools/src/code/synthesis/ImagerObjects/SIImageStore.cc, line 2143)+	... thrown by void casacore::GaussianBeam::setMajorMinor(const Quantity &, const Quantity &) at File: /Users/casaci/bamboohome/xml-data/build-dir/CASASPECS-RELEASE675BUILDCASALITH-BPO15ARMPY313/casa6/casatools/casacore/scimath/Mathematics/GaussianBeam.cc, line: 141 :  Setting restoring beam to largest valid beam.
2026-05-16 11:04:23	WARN	ImageRegridder::_doImagesOverlap	At least one of the images exceeds one degree on at one side, not checking for direction plane overlap.
2026-05-16 11:04:52	WARN	SDAlgorithmMSClean::takeOneStep (file /Users/casaci/bamboohome/xml-data/build-dir/CASASPECS-RELEASE675BUILDCASALITH-BPO15ARMPY313/casa6/casatools/src/code/synthesis/ImagerObjects/SDAlgorithmMSClean.cc, line 185)	MSClean minor cycle stopped at large scale negative or diverging
2026-05-16 11:05:09	WARN	SDAlgorithmMSClean::takeOneStep (file /Users/casaci/bamboohome/xml-data/build-dir/CASASPECS-RELEASE675BUILDCASALITH-BPO15ARMPY313/casa6/casatools/src/code/synthesis/ImagerObjects/SDAlgorithmMSClean.cc, line 185)	MSClean minor cycle stopped at large scale negative or diverging
2026-05-16 11:05:25	WARN	SDAlgorithmMSClean::takeOneStep (file /Users/casaci/bamboohome/xml-data/build-dir/CASASPECS-RELEASE675BUILDCASALITH-BPO15ARMPY313/casa6/casatools/src/code/synthesis/ImagerObjects/SDAlgorithmMSClean.cc, line 185)	MSClean minor cycle stopped at large scale negative or diverging
2026-05-16 11:05:41	WARN	SDAlgorithmMSClean::takeOneStep (file /Users/casaci/bamboohome/xml-data/build-dir/CASASPECS-RELEASE675BUILDCASALITH-BPO15ARMPY313/casa6/casatools/src/code/synthesis/ImagerObjects/SDAlgorithmMSClean.cc, line 185)	MSClean minor cycle stopped at large scale negative or diverging
2026-05-16 11:05:44	WARN	SDAlgorithmMSClean::takeOneStep (file /Users/casaci/bamboohome/xml-data/build-dir/CASASPECS-RELEASE675BUILDCASALITH-BPO15ARMPY313/casa6/casatools/src/code/synthesis/ImagerObjects/SDAlgorithmMSClean.cc, line 185)	MSClean minor cycle stopped at large scale negative or diverging
2026-05-16 11:06:02	WARN	SDAlgorithmMSClean::takeOneStep (file /Users/casaci/bamboohome/xml-data/build-dir/CASASPECS-RELEASE675BUILDCASALITH-BPO15ARMPY313/casa6/casatools/src/code/synthesis/ImagerObjects/SDAlgorithmMSClean.cc, line 185)	MSClean minor cycle stopped at large scale negative or diverging
2026-05-16 11:06:18	WARN	SDAlgorithmMSClean::takeOneStep (file /Users/casaci/bamboohome/xml-data/build-dir/CASASPECS-RELEASE675BUILDCASALITH-BPO15ARMPY313/casa6/casatools/src/code/synthesis/ImagerObjects/SDAlgorithmMSClean.cc, line 185)	MSClean minor cycle stopped at large scale negative or diverging
2026-05-16 11:06:23	WARN	SDAlgorithmMSClean::takeOneStep (file /Users/casaci/bamboohome/xml-data/build-dir/CASASPECS-RELEASE675BUILDCASALITH-BPO15ARMPY313/casa6/casatools/src/code/synthesis/ImagerObjects/SDAlgorithmMSClean.cc, line 185)	MSClean minor cycle stopped at large scale negative or diverging
2026-05-16 11:06:39	WARN	SDAlgorithmMSClean::takeOneStep (file /Users/casaci/bamboohome/xml-data/build-dir/CASASPECS-RELEASE675BUILDCASALITH-BPO15ARMPY313/casa6/casatools/src/code/synthesis/ImagerObjects/SDAlgorithmMSClean.cc, line 185)	MSClean minor cycle stopped at large scale negative or diverging
2026-05-16 11:06:56	WARN	SDAlgorithmMSClean::takeOneStep (file /Users/casaci/bamboohome/xml-data/build-dir/CASASPECS-RELEASE675BUILDCASALITH-BPO15ARMPY313/casa6/casatools/src/code/synthesis/ImagerObjects/SDAlgorithmMSClean.cc, line 185)	MSClean minor cycle stopped at large scale negative or diverging
2026-05-16 11:07:25	WARN	SDAlgorithmMSClean::takeOneStep (file /Users/casaci/bamboohome/xml-data/build-dir/CASASPECS-RELEASE675BUILDCASALITH-BPO15ARMPY313/casa6/casatools/src/code/synthesis/ImagerObjects/SDAlgorithmMSClean.cc, line 185)	MSClean minor cycle stopped at large scale negative or diverging
2026-05-16 11:07:29	WARN	SDAlgorithmMSClean::takeOneStep (file /Users/casaci/bamboohome/xml-data/build-dir/CASASPECS-RELEASE675BUILDCASALITH-BPO15ARMPY313/casa6/casatools/src/code/synthesis/ImagerObjects/SDAlgorithmMSClean.cc, line 185)	MSClean minor cycle stopped at large scale negative or diverging
2026-05-16 11:07:46	WARN	SDAlgorithmMSClean::takeOneStep (file /Users/casaci/bamboohome/xml-data/build-dir/CASASPECS-RELEASE675BUILDCASALITH-BPO15ARMPY313/casa6/casatools/src/code/synthesis/ImagerObjects/SDAlgorithmMSClean.cc, line 185)	MSClean minor cycle stopped at large scale negative or diverging
2026-05-16 11:08:15	WARN	SDAlgorithmMSClean::takeOneStep (file /Users/casaci/bamboohome/xml-data/build-dir/CASASPECS-RELEASE675BUILDCASALITH-BPO15ARMPY313/casa6/casatools/src/code/synthesis/ImagerObjects/SDAlgorithmMSClean.cc, line 185)	MSClean minor cycle stopped at large scale negative or diverging
2026-05-16 11:08:33	WARN	SDAlgorithmMSClean::takeOneStep (file /Users/casaci/bamboohome/xml-data/build-dir/CASASPECS-RELEASE675BUILDCASALITH-BPO15ARMPY313/casa6/casatools/src/code/synthesis/ImagerObjects/SDAlgorithmMSClean.cc, line 185)	MSClean minor cycle stopped at large scale negative or diverging
2026-05-16 11:09:03	WARN	SDAlgorithmMSClean::takeOneStep (file /Users/casaci/bamboohome/xml-data/build-dir/CASASPECS-RELEASE675BUILDCASALITH-BPO15ARMPY313/casa6/casatools/src/code/synthesis/ImagerObjects/SDAlgorithmMSClean.cc, line 185)	MSClean minor cycle stopped at large scale negative or diverging
2026-05-16 11:09:08	WARN	SDAlgorithmMSClean::takeOneStep (file /Users/casaci/bamboohome/xml-data/build-dir/CASASPECS-RELEASE675BUILDCASALITH-BPO15ARMPY313/casa6/casatools/src/code/synthesis/ImagerObjects/SDAlgorithmMSClean.cc, line 185)	MSClean minor cycle stopped at large scale negative or diverging
2026-05-16 11:09:30	WARN	task_tclean::SIImageStore::getPSFGaussian (file /Users/casaci/bamboohome/xml-data/build-dir/CASASPECS-RELEASE675BUILDCASALITH-BPO15ARMPY313/casa6/casatools/src/code/synthesis/ImagerObjects/SIImageStore.cc, line 2143)	[Chan0:Pol0] Error Gaussian fit to PSF : Exception: Neither the major nor the minor axis value is permitted to be infinity or NaN.
2026-05-16 11:09:30	WARN	task_tclean::SIImageStore::getPSFGaussian (file /Users/casaci/bamboohome/xml-data/build-dir/CASASPECS-RELEASE675BUILDCASALITH-BPO15ARMPY313/casa6/casatools/src/code/synthesis/ImagerObjects/SIImageStore.cc, line 2143)+	... thrown by void casacore::GaussianBeam::setMajorMinor(const Quantity &, const Quantity &) at File: /Users/casaci/bamboohome/xml-data/build-dir/CASASPECS-RELEASE675BUILDCASALITH-BPO15ARMPY313/casa6/casatools/casacore/scimath/Mathematics/GaussianBeam.cc, line: 141 :  Setting restoring beam to largest valid beam.
2026-05-16 11:09:30	WARN	ImageRegridder::_doImagesOverlap	At least one of the images exceeds one degree on at one side, not checking for direction plane overlap.
2026-05-16 11:10:13	WARN	SDAlgorithmMSClean::takeOneStep (file /Users/casaci/bamboohome/xml-data/build-dir/CASASPECS-RELEASE675BUILDCASALITH-BPO15ARMPY313/casa6/casatools/src/code/synthesis/ImagerObjects/SDAlgorithmMSClean.cc, line 185)	MSClean minor cycle stopped at large scale negative or diverging
2026-05-16 11:10:30	WARN	SDAlgorithmMSClean::takeOneStep (file /Users/casaci/bamboohome/xml-data/build-dir/CASASPECS-RELEASE675BUILDCASALITH-BPO15ARMPY313/casa6/casatools/src/code/synthesis/ImagerObjects/SDAlgorithmMSClean.cc, line 185)	MSClean minor cycle stopped at large scale negative or diverging
2026-05-16 11:11:12	WARN	SDAlgorithmMSClean::takeOneStep (file /Users/casaci/bamboohome/xml-data/build-dir/CASASPECS-RELEASE675BUILDCASALITH-BPO15ARMPY313/casa6/casatools/src/code/synthesis/ImagerObjects/SDAlgorithmMSClean.cc, line 185)	MSClean minor cycle stopped at large scale negative or diverging
2026-05-16 11:11:30	WARN	SDAlgorithmMSClean::takeOneStep (file /Users/casaci/bamboohome/xml-data/build-dir/CASASPECS-RELEASE675BUILDCASALITH-BPO15ARMPY313/casa6/casatools/src/code/synthesis/ImagerObjects/SDAlgorithmMSClean.cc, line 185)	MSClean minor cycle stopped at large scale negative or diverging
2026-05-16 11:12:01	WARN	SDAlgorithmMSClean::takeOneStep (file /Users/casaci/bamboohome/xml-data/build-dir/CASASPECS-RELEASE675BUILDCASALITH-BPO15ARMPY313/casa6/casatools/src/code/synthesis/ImagerObjects/SDAlgorithmMSClean.cc, line 185)	MSClean minor cycle stopped at large scale negative or diverging
2026-05-16 11:12:18	WARN	SDAlgorithmMSClean::takeOneStep (file /Users/casaci/bamboohome/xml-data/build-dir/CASASPECS-RELEASE675BUILDCASALITH-BPO15ARMPY313/casa6/casatools/src/code/synthesis/ImagerObjects/SDAlgorithmMSClean.cc, line 185)	MSClean minor cycle stopped at large scale negative or diverging
2026-05-16 11:12:22	WARN	SDAlgorithmMSClean::takeOneStep (file /Users/casaci/bamboohome/xml-data/build-dir/CASASPECS-RELEASE675BUILDCASALITH-BPO15ARMPY313/casa6/casatools/src/code/synthesis/ImagerObjects/SDAlgorithmMSClean.cc, line 185)	MSClean minor cycle stopped at large scale negative or diverging
2026-05-16 11:12:38	WARN	SDAlgorithmMSClean::takeOneStep (file /Users/casaci/bamboohome/xml-data/build-dir/CASASPECS-RELEASE675BUILDCASALITH-BPO15ARMPY313/casa6/casatools/src/code/synthesis/ImagerObjects/SDAlgorithmMSClean.cc, line 185)	MSClean minor cycle stopped at large scale negative or diverging
2026-05-16 11:12:56	WARN	SDAlgorithmMSClean::takeOneStep (file /Users/casaci/bamboohome/xml-data/build-dir/CASASPECS-RELEASE675BUILDCASALITH-BPO15ARMPY313/casa6/casatools/src/code/synthesis/ImagerObjects/SDAlgorithmMSClean.cc, line 185)	MSClean minor cycle stopped at large scale negative or diverging
2026-05-16 11:13:12	WARN	SDAlgorithmMSClean::takeOneStep (file /Users/casaci/bamboohome/xml-data/build-dir/CASASPECS-RELEASE675BUILDCASALITH-BPO15ARMPY313/casa6/casatools/src/code/synthesis/ImagerObjects/SDAlgorithmMSClean.cc, line 185)	MSClean minor cycle stopped at large scale negative or diverging
2026-05-16 11:13:29	WARN	SDAlgorithmMSClean::takeOneStep (file /Users/casaci/bamboohome/xml-data/build-dir/CASASPECS-RELEASE675BUILDCASALITH-BPO15ARMPY313/casa6/casatools/src/code/synthesis/ImagerObjects/SDAlgorithmMSClean.cc, line 185)	MSClean minor cycle stopped at large scale negative or diverging
2026-05-16 11:13:46	WARN	SDAlgorithmMSClean::takeOneStep (file /Users/casaci/bamboohome/xml-data/build-dir/CASASPECS-RELEASE675BUILDCASALITH-BPO15ARMPY313/casa6/casatools/src/code/synthesis/ImagerObjects/SDAlgorithmMSClean.cc, line 185)	MSClean minor cycle stopped at large scale negative or diverging
2026-05-16 11:13:49	WARN	SDAlgorithmMSClean::takeOneStep (file /Users/casaci/bamboohome/xml-data/build-dir/CASASPECS-RELEASE675BUILDCASALITH-BPO15ARMPY313/casa6/casatools/src/code/synthesis/ImagerObjects/SDAlgorithmMSClean.cc, line 185)	MSClean minor cycle stopped at large scale negative or diverging
2026-05-16 11:14:07	WARN	SDAlgorithmMSClean::takeOneStep (file /Users/casaci/bamboohome/xml-data/build-dir/CASASPECS-RELEASE675BUILDCASALITH-BPO15ARMPY313/casa6/casatools/src/code/synthesis/ImagerObjects/SDAlgorithmMSClean.cc, line 185)	MSClean minor cycle stopped at large scale negative or diverging
2026-05-16 11:14:31	WARN	ImageRegridder::_doImagesOverlap	At least one of the images exceeds one degree on at one side, not checking for direction plane overlap.
3 of 52 solutions flagged due to SNR < 1 in spw=0 at 2021/07/26/00:02:36.0
2026-05-16 11:14:50	WARN	ImageRegridder::_doImagesOverlap	At least one of the images exceeds one degree on at one side, not checking for direction plane overlap.
2026-05-16 11:15:26	WARN	ImageRegridder::_doImagesOverlap	At least one of the images exceeds one degree on at one side, not checking for direction plane overlap.
2026-05-16 11:16:12	WARN	SDAlgorithmMSClean::takeOneStep (file /Users/casaci/bamboohome/xml-data/build-dir/CASASPECS-RELEASE675BUILDCASALITH-BPO15ARMPY313/casa6/casatools/src/code/synthesis/ImagerObjects/SDAlgorithmMSClean.cc, line 185)	MSClean minor cycle stopped at large scale negative or diverging
2026-05-16 11:16:37	WARN	SDAlgorithmMSClean::takeOneStep (file /Users/casaci/bamboohome/xml-data/build-dir/CASASPECS-RELEASE675BUILDCASALITH-BPO15ARMPY313/casa6/casatools/src/code/synthesis/ImagerObjects/SDAlgorithmMSClean.cc, line 185)	MSClean minor cycle stopped at large scale negative or diverging
2026-05-16 11:17:01	WARN	ImageRegridder::_doImagesOverlap	At least one of the images exceeds one degree on at one side, not checking for direction plane overlap.
2026-05-16 11:17:36	WARN	SDAlgorithmMSClean::takeOneStep (file /Users/casaci/bamboohome/xml-data/build-dir/CASASPECS-RELEASE675BUILDCASALITH-BPO15ARMPY313/casa6/casatools/src/code/synthesis/ImagerObjects/SDAlgorithmMSClean.cc, line 185)	MSClean minor cycle stopped at large scale negative or diverging
2026-05-16 11:18:00	WARN	SDAlgorithmMSClean::takeOneStep (file /Users/casaci/bamboohome/xml-data/build-dir/CASASPECS-RELEASE675BUILDCASALITH-BPO15ARMPY313/casa6/casatools/src/code/synthesis/ImagerObjects/SDAlgorithmMSClean.cc, line 185)	MSClean minor cycle stopped at large scale negative or diverging
2026-05-16 11:18:13	WARN	SDAlgorithmMSClean::takeOneStep (file /Users/casaci/bamboohome/xml-data/build-dir/CASASPECS-RELEASE675BUILDCASALITH-BPO15ARMPY313/casa6/casatools/src/code/synthesis/ImagerObjects/SDAlgorithmMSClean.cc, line 185)	MSClean minor cycle stopped at large scale negative or diverging
2026-05-16 11:18:27	WARN	SDAlgorithmMSClean::takeOneStep (file /Users/casaci/bamboohome/xml-data/build-dir/CASASPECS-RELEASE675BUILDCASALITH-BPO15ARMPY313/casa6/casatools/src/code/synthesis/ImagerObjects/SDAlgorithmMSClean.cc, line 185)	MSClean minor cycle stopped at large scale negative or diverging
2026-05-16 11:18:40	WARN	SDAlgorithmMSClean::takeOneStep (file /Users/casaci/bamboohome/xml-data/build-dir/CASASPECS-RELEASE675BUILDCASALITH-BPO15ARMPY313/casa6/casatools/src/code/synthesis/ImagerObjects/SDAlgorithmMSClean.cc, line 185)	MSClean minor cycle stopped at large scale negative or diverging
2026-05-16 11:18:54	WARN	SDAlgorithmMSClean::takeOneStep (file /Users/casaci/bamboohome/xml-data/build-dir/CASASPECS-RELEASE675BUILDCASALITH-BPO15ARMPY313/casa6/casatools/src/code/synthesis/ImagerObjects/SDAlgorithmMSClean.cc, line 185)	MSClean minor cycle stopped at large scale negative or diverging
2026-05-16 11:19:19	WARN	SDAlgorithmMSClean::takeOneStep (file /Users/casaci/bamboohome/xml-data/build-dir/CASASPECS-RELEASE675BUILDCASALITH-BPO15ARMPY313/casa6/casatools/src/code/synthesis/ImagerObjects/SDAlgorithmMSClean.cc, line 185)	MSClean minor cycle stopped at large scale negative or diverging
2026-05-16 11:19:29	WARN	ImageRegridder::_doImagesOverlap	At least one of the images exceeds one degree on at one side, not checking for direction plane overlap.
2026-05-16 11:19:44	WARN	SDAlgorithmMSClean::takeOneStep (file /Users/casaci/bamboohome/xml-data/build-dir/CASASPECS-RELEASE675BUILDCASALITH-BPO15ARMPY313/casa6/casatools/src/code/synthesis/ImagerObjects/SDAlgorithmMSClean.cc, line 185)	MSClean minor cycle stopped at large scale negative or diverging
2026-05-16 11:19:47	WARN	SDAlgorithmMSClean::takeOneStep (file /Users/casaci/bamboohome/xml-data/build-dir/CASASPECS-RELEASE675BUILDCASALITH-BPO15ARMPY313/casa6/casatools/src/code/synthesis/ImagerObjects/SDAlgorithmMSClean.cc, line 185)	MSClean minor cycle stopped at large scale negative or diverging
2026-05-16 11:20:04	WARN	SDAlgorithmMSClean::takeOneStep (file /Users/casaci/bamboohome/xml-data/build-dir/CASASPECS-RELEASE675BUILDCASALITH-BPO15ARMPY313/casa6/casatools/src/code/synthesis/ImagerObjects/SDAlgorithmMSClean.cc, line 185)	MSClean minor cycle stopped at large scale negative or diverging
2026-05-16 11:20:20	WARN	SDAlgorithmMSClean::takeOneStep (file /Users/casaci/bamboohome/xml-data/build-dir/CASASPECS-RELEASE675BUILDCASALITH-BPO15ARMPY313/casa6/casatools/src/code/synthesis/ImagerObjects/SDAlgorithmMSClean.cc, line 185)	MSClean minor cycle stopped at large scale negative or diverging
2026-05-16 11:20:23	WARN	SDAlgorithmMSClean::takeOneStep (file /Users/casaci/bamboohome/xml-data/build-dir/CASASPECS-RELEASE675BUILDCASALITH-BPO15ARMPY313/casa6/casatools/src/code/synthesis/ImagerObjects/SDAlgorithmMSClean.cc, line 185)	MSClean minor cycle stopped at large scale negative or diverging
2026-05-16 11:20:39	WARN	SDAlgorithmMSClean::takeOneStep (file /Users/casaci/bamboohome/xml-data/build-dir/CASASPECS-RELEASE675BUILDCASALITH-BPO15ARMPY313/casa6/casatools/src/code/synthesis/ImagerObjects/SDAlgorithmMSClean.cc, line 185)	MSClean minor cycle stopped at large scale negative or diverging
2026-05-16 11:20:44	WARN	SDAlgorithmMSClean::takeOneStep (file /Users/casaci/bamboohome/xml-data/build-dir/CASASPECS-RELEASE675BUILDCASALITH-BPO15ARMPY313/casa6/casatools/src/code/synthesis/ImagerObjects/SDAlgorithmMSClean.cc, line 185)	MSClean minor cycle stopped at large scale negative or diverging
2026-05-16 11:21:14	WARN	SDAlgorithmMSClean::takeOneStep (file /Users/casaci/bamboohome/xml-data/build-dir/CASASPECS-RELEASE675BUILDCASALITH-BPO15ARMPY313/casa6/casatools/src/code/synthesis/ImagerObjects/SDAlgorithmMSClean.cc, line 185)	MSClean minor cycle stopped at large scale negative or diverging
2026-05-16 11:21:19	WARN	SDAlgorithmMSClean::takeOneStep (file /Users/casaci/bamboohome/xml-data/build-dir/CASASPECS-RELEASE675BUILDCASALITH-BPO15ARMPY313/casa6/casatools/src/code/synthesis/ImagerObjects/SDAlgorithmMSClean.cc, line 185)	MSClean minor cycle stopped at large scale negative or diverging
2026-05-16 11:21:49	WARN	SDAlgorithmMSClean::takeOneStep (file /Users/casaci/bamboohome/xml-data/build-dir/CASASPECS-RELEASE675BUILDCASALITH-BPO15ARMPY313/casa6/casatools/src/code/synthesis/ImagerObjects/SDAlgorithmMSClean.cc, line 185)	MSClean minor cycle stopped at large scale negative or diverging
2026-05-16 11:21:52	WARN	SDAlgorithmMSClean::takeOneStep (file /Users/casaci/bamboohome/xml-data/build-dir/CASASPECS-RELEASE675BUILDCASALITH-BPO15ARMPY313/casa6/casatools/src/code/synthesis/ImagerObjects/SDAlgorithmMSClean.cc, line 185)	MSClean minor cycle stopped at large scale negative or diverging
2026-05-16 11:22:10	WARN	SDAlgorithmMSClean::takeOneStep (file /Users/casaci/bamboohome/xml-data/build-dir/CASASPECS-RELEASE675BUILDCASALITH-BPO15ARMPY313/casa6/casatools/src/code/synthesis/ImagerObjects/SDAlgorithmMSClean.cc, line 185)	MSClean minor cycle stopped at large scale negative or diverging
2026-05-16 11:22:26	WARN	SDAlgorithmMSClean::takeOneStep (file /Users/casaci/bamboohome/xml-data/build-dir/CASASPECS-RELEASE675BUILDCASALITH-BPO15ARMPY313/casa6/casatools/src/code/synthesis/ImagerObjects/SDAlgorithmMSClean.cc, line 185)	MSClean minor cycle stopped at large scale negative or diverging
2026-05-16 11:22:30	WARN	SDAlgorithmMSClean::takeOneStep (file /Users/casaci/bamboohome/xml-data/build-dir/CASASPECS-RELEASE675BUILDCASALITH-BPO15ARMPY313/casa6/casatools/src/code/synthesis/ImagerObjects/SDAlgorithmMSClean.cc, line 185)	MSClean minor cycle stopped at large scale negative or diverging
2026-05-16 11:23:01	WARN	SDAlgorithmMSClean::takeOneStep (file /Users/casaci/bamboohome/xml-data/build-dir/CASASPECS-RELEASE675BUILDCASALITH-BPO15ARMPY313/casa6/casatools/src/code/synthesis/ImagerObjects/SDAlgorithmMSClean.cc, line 185)	MSClean minor cycle stopped at large scale negative or diverging
2026-05-16 11:23:08	WARN	SDAlgorithmMSClean::takeOneStep (file /Users/casaci/bamboohome/xml-data/build-dir/CASASPECS-RELEASE675BUILDCASALITH-BPO15ARMPY313/casa6/casatools/src/code/synthesis/ImagerObjects/SDAlgorithmMSClean.cc, line 185)	MSClean minor cycle stopped at large scale negative or diverging
2026-05-16 11:23:25	WARN	SDAlgorithmMSClean::takeOneStep (file /Users/casaci/bamboohome/xml-data/build-dir/CASASPECS-RELEASE675BUILDCASALITH-BPO15ARMPY313/casa6/casatools/src/code/synthesis/ImagerObjects/SDAlgorithmMSClean.cc, line 185)	MSClean minor cycle stopped at large scale negative or diverging
2026-05-16 11:23:41	WARN	SDAlgorithmMSClean::takeOneStep (file /Users/casaci/bamboohome/xml-data/build-dir/CASASPECS-RELEASE675BUILDCASALITH-BPO15ARMPY313/casa6/casatools/src/code/synthesis/ImagerObjects/SDAlgorithmMSClean.cc, line 185)	MSClean minor cycle stopped at large scale negative or diverging
2026-05-16 11:23:44	WARN	SDAlgorithmMSClean::takeOneStep (file /Users/casaci/bamboohome/xml-data/build-dir/CASASPECS-RELEASE675BUILDCASALITH-BPO15ARMPY313/casa6/casatools/src/code/synthesis/ImagerObjects/SDAlgorithmMSClean.cc, line 185)	MSClean minor cycle stopped at large scale negative or diverging
2026-05-16 11:24:01	WARN	SDAlgorithmMSClean::takeOneStep (file /Users/casaci/bamboohome/xml-data/build-dir/CASASPECS-RELEASE675BUILDCASALITH-BPO15ARMPY313/casa6/casatools/src/code/synthesis/ImagerObjects/SDAlgorithmMSClean.cc, line 185)	MSClean minor cycle stopped at large scale negative or diverging
2026-05-16 11:24:09	WARN	SDAlgorithmMSClean::takeOneStep (file /Users/casaci/bamboohome/xml-data/build-dir/CASASPECS-RELEASE675BUILDCASALITH-BPO15ARMPY313/casa6/casatools/src/code/synthesis/ImagerObjects/SDAlgorithmMSClean.cc, line 185)	MSClean minor cycle stopped at large scale negative or diverging
2026-05-16 11:24:39	WARN	SDAlgorithmMSClean::takeOneStep (file /Users/casaci/bamboohome/xml-data/build-dir/CASASPECS-RELEASE675BUILDCASALITH-BPO15ARMPY313/casa6/casatools/src/code/synthesis/ImagerObjects/SDAlgorithmMSClean.cc, line 185)	MSClean minor cycle stopped at large scale negative or diverging
2026-05-16 11:24:44	WARN	ImageRegridder::_doImagesOverlap	At least one of the images exceeds one degree on at one side, not checking for direction plane overlap.
2026-05-16 11:26:06	WARN	SDAlgorithmMSClean::takeOneStep (file /Users/casaci/bamboohome/xml-data/build-dir/CASASPECS-RELEASE675BUILDCASALITH-BPO15ARMPY313/casa6/casatools/src/code/synthesis/ImagerObjects/SDAlgorithmMSClean.cc, line 185)	MSClean minor cycle stopped at large scale negative or diverging
2026-05-16 11:26:09	WARN	SDAlgorithmMSClean::takeOneStep (file /Users/casaci/bamboohome/xml-data/build-dir/CASASPECS-RELEASE675BUILDCASALITH-BPO15ARMPY313/casa6/casatools/src/code/synthesis/ImagerObjects/SDAlgorithmMSClean.cc, line 185)	MSClean minor cycle stopped at large scale negative or diverging
2026-05-16 11:26:25	WARN	SDAlgorithmMSClean::takeOneStep (file /Users/casaci/bamboohome/xml-data/build-dir/CASASPECS-RELEASE675BUILDCASALITH-BPO15ARMPY313/casa6/casatools/src/code/synthesis/ImagerObjects/SDAlgorithmMSClean.cc, line 185)	MSClean minor cycle stopped at large scale negative or diverging
2026-05-16 11:26:29	WARN	SDAlgorithmMSClean::takeOneStep (file /Users/casaci/bamboohome/xml-data/build-dir/CASASPECS-RELEASE675BUILDCASALITH-BPO15ARMPY313/casa6/casatools/src/code/synthesis/ImagerObjects/SDAlgorithmMSClean.cc, line 185)	MSClean minor cycle stopped at large scale negative or diverging
2026-05-16 11:26:47	WARN	SDAlgorithmMSClean::takeOneStep (file /Users/casaci/bamboohome/xml-data/build-dir/CASASPECS-RELEASE675BUILDCASALITH-BPO15ARMPY313/casa6/casatools/src/code/synthesis/ImagerObjects/SDAlgorithmMSClean.cc, line 185)	MSClean minor cycle stopped at large scale negative or diverging
2026-05-16 11:27:04	WARN	SDAlgorithmMSClean::takeOneStep (file /Users/casaci/bamboohome/xml-data/build-dir/CASASPECS-RELEASE675BUILDCASALITH-BPO15ARMPY313/casa6/casatools/src/code/synthesis/ImagerObjects/SDAlgorithmMSClean.cc, line 185)	MSClean minor cycle stopped at large scale negative or diverging
2026-05-16 11:27:27	WARN	SDAlgorithmMSClean::takeOneStep (file /Users/casaci/bamboohome/xml-data/build-dir/CASASPECS-RELEASE675BUILDCASALITH-BPO15ARMPY313/casa6/casatools/src/code/synthesis/ImagerObjects/SDAlgorithmMSClean.cc, line 185)	MSClean minor cycle stopped at large scale negative or diverging
2026-05-16 11:27:44	WARN	SDAlgorithmMSClean::takeOneStep (file /Users/casaci/bamboohome/xml-data/build-dir/CASASPECS-RELEASE675BUILDCASALITH-BPO15ARMPY313/casa6/casatools/src/code/synthesis/ImagerObjects/SDAlgorithmMSClean.cc, line 185)	MSClean minor cycle stopped at large scale negative or diverging
2026-05-16 11:27:52	WARN	SDAlgorithmMSClean::takeOneStep (file /Users/casaci/bamboohome/xml-data/build-dir/CASASPECS-RELEASE675BUILDCASALITH-BPO15ARMPY313/casa6/casatools/src/code/synthesis/ImagerObjects/SDAlgorithmMSClean.cc, line 185)	MSClean minor cycle stopped at large scale negative or diverging
2026-05-16 11:28:08	WARN	SDAlgorithmMSClean::takeOneStep (file /Users/casaci/bamboohome/xml-data/build-dir/CASASPECS-RELEASE675BUILDCASALITH-BPO15ARMPY313/casa6/casatools/src/code/synthesis/ImagerObjects/SDAlgorithmMSClean.cc, line 185)	MSClean minor cycle stopped at large scale negative or diverging
2026-05-16 11:28:13	WARN	SDAlgorithmMSClean::takeOneStep (file /Users/casaci/bamboohome/xml-data/build-dir/CASASPECS-RELEASE675BUILDCASALITH-BPO15ARMPY313/casa6/casatools/src/code/synthesis/ImagerObjects/SDAlgorithmMSClean.cc, line 185)	MSClean minor cycle stopped at large scale negative or diverging
2026-05-16 11:28:31	WARN	SDAlgorithmMSClean::takeOneStep (file /Users/casaci/bamboohome/xml-data/build-dir/CASASPECS-RELEASE675BUILDCASALITH-BPO15ARMPY313/casa6/casatools/src/code/synthesis/ImagerObjects/SDAlgorithmMSClean.cc, line 185)	MSClean minor cycle stopped at large scale negative or diverging
2026-05-16 11:28:37	WARN	SDAlgorithmMSClean::takeOneStep (file /Users/casaci/bamboohome/xml-data/build-dir/CASASPECS-RELEASE675BUILDCASALITH-BPO15ARMPY313/casa6/casatools/src/code/synthesis/ImagerObjects/SDAlgorithmMSClean.cc, line 185)	MSClean minor cycle stopped at large scale negative or diverging
2026-05-16 11:28:59	WARN	SDAlgorithmMSClean::takeOneStep (file /Users/casaci/bamboohome/xml-data/build-dir/CASASPECS-RELEASE675BUILDCASALITH-BPO15ARMPY313/casa6/casatools/src/code/synthesis/ImagerObjects/SDAlgorithmMSClean.cc, line 185)	MSClean minor cycle stopped at large scale negative or diverging
2026-05-16 11:29:29	WARN	SDAlgorithmMSClean::takeOneStep (file /Users/casaci/bamboohome/xml-data/build-dir/CASASPECS-RELEASE675BUILDCASALITH-BPO15ARMPY313/casa6/casatools/src/code/synthesis/ImagerObjects/SDAlgorithmMSClean.cc, line 185)	MSClean minor cycle stopped at large scale negative or diverging
2026-05-16 11:29:39	WARN	ImageRegridder::_doImagesOverlap	At least one of the images exceeds one degree on at one side, not checking for direction plane overlap.
1 of 52 solutions flagged due to SNR < 1 in spw=0 at 2021/07/26/00:03:56.9
2026-05-16 11:29:57	WARN	ImageRegridder::_doImagesOverlap	At least one of the images exceeds one degree on at one side, not checking for direction plane overlap.
3 of 52 solutions flagged due to SNR < 1 in spw=0 at 2021/07/26/00:03:56.8
2026-05-16 11:30:33	WARN	ImageRegridder::_doImagesOverlap	At least one of the images exceeds one degree on at one side, not checking for direction plane overlap.
2026-05-16 11:32:04	WARN	ImageRegridder::_doImagesOverlap	At least one of the images exceeds one degree on at one side, not checking for direction plane overlap.
2026-05-16 11:32:50	WARN	SDAlgorithmMSClean::takeOneStep (file /Users/casaci/bamboohome/xml-data/build-dir/CASASPECS-RELEASE675BUILDCASALITH-BPO15ARMPY313/casa6/casatools/src/code/synthesis/ImagerObjects/SDAlgorithmMSClean.cc, line 185)	MSClean minor cycle stopped at large scale negative or diverging
2026-05-16 11:33:15	WARN	SDAlgorithmMSClean::takeOneStep (file /Users/casaci/bamboohome/xml-data/build-dir/CASASPECS-RELEASE675BUILDCASALITH-BPO15ARMPY313/casa6/casatools/src/code/synthesis/ImagerObjects/SDAlgorithmMSClean.cc, line 185)	MSClean minor cycle stopped at large scale negative or diverging

[selfcal-dev]   Exported: /Users/raj030/DATA/gmrt_40_014/work/casa_selfcal/moon0520_stk10_phasecenter/moon0520_stk0010_n10/moon0520_stk0010_n10_final.fits

[selfcal-dev] === Stack start_idx=20  n=10  JD=2459421.498588..2459421.499427  timerange=2021/07/25/23:57:54~2021/07/25/23:59:14 ===
[selfcal-dev]   Moon at RA=330.9850°  Dec=-17.4532°  offset=4.13arcmin from field centre  (image half-width=38.4arcmin)
[selfcal-dev]   mask-center (ephem): RA=330.984957 deg  Dec=-17.453249 deg
[selfcal-dev]   mask-radius: 20.00 arcmin
[selfcal-dev]   mask-string: circle[[22:03:56.390, -17.27.11.70], 20.0arcmin]
[selfcal-dev]   tclean phasecenter: ENABLED (J2000 22h03m56.390s -17d27m11.70s)
[selfcal-dev]   Cycle 1/5: tclean niter=100  img_uvrange=''  cal_uvrange=''  scales=[0, 5, 15]
[selfcal-dev]   Cycle 1/5: gaincal → /Users/raj030/DATA/gmrt_40_014/work/casa_selfcal/moon0520_stk10_phasecenter/moon0520_stk0020_n10/moon0520_stk0020_n10_sc1.gcal
[selfcal-dev]     solmode='L1'  refant='1'  refantmode='flex'
[selfcal-dev]   Cycle 1/5: applycal
[selfcal-dev]   Cycle 1/5: exported /Users/raj030/DATA/gmrt_40_014/work/casa_selfcal/moon0520_stk10_phasecenter/moon0520_stk0020_n10/moon0520_stk0020_n10_sc1.fits
[selfcal-dev]   Cycle 2/5: tclean niter=200  img_uvrange=''  cal_uvrange=''  scales=[0, 5, 15]
[selfcal-dev]   Cycle 2/5: gaincal → /Users/raj030/DATA/gmrt_40_014/work/casa_selfcal/moon0520_stk10_phasecenter/moon0520_stk0020_n10/moon0520_stk0020_n10_sc2.gcal
[selfcal-dev]     solmode='L1'  refant='1'  refantmode='flex'
[selfcal-dev]   Cycle 2/5: applycal
[selfcal-dev]   Cycle 2/5: exported /Users/raj030/DATA/gmrt_40_014/work/casa_selfcal/moon0520_stk10_phasecenter/moon0520_stk0020_n10/moon0520_stk0020_n10_sc2.fits
[selfcal-dev]   Cycle 3/5: tclean niter=400  img_uvrange=''  cal_uvrange=''  scales=[0, 5, 15, 45]
[selfcal-dev]   Cycle 3/5: gaincal → /Users/raj030/DATA/gmrt_40_014/work/casa_selfcal/moon0520_stk10_phasecenter/moon0520_stk0020_n10/moon0520_stk0020_n10_sc3.gcal
[selfcal-dev]     solmode='L1'  refant='1'  refantmode='flex'
[selfcal-dev]   Cycle 3/5: applycal
[selfcal-dev]   Cycle 3/5: exported /Users/raj030/DATA/gmrt_40_014/work/casa_selfcal/moon0520_stk10_phasecenter/moon0520_stk0020_n10/moon0520_stk0020_n10_sc3.fits
[selfcal-dev]   Cycle 4/5: tclean niter=600  img_uvrange=''  cal_uvrange=''  scales=[0, 5, 15, 45]
[selfcal-dev]   Cycle 4/5: gaincal → /Users/raj030/DATA/gmrt_40_014/work/casa_selfcal/moon0520_stk10_phasecenter/moon0520_stk0020_n10/moon0520_stk0020_n10_sc4.gcal
[selfcal-dev]     solmode='L1'  refant='1'  refantmode='flex'
[selfcal-dev]   Cycle 4/5: applycal
[selfcal-dev]   Cycle 4/5: exported /Users/raj030/DATA/gmrt_40_014/work/casa_selfcal/moon0520_stk10_phasecenter/moon0520_stk0020_n10/moon0520_stk0020_n10_sc4.fits
[selfcal-dev]   Cycle 5/5: tclean niter=1000  img_uvrange=''  cal_uvrange=''  scales=[0, 5, 15, 45, 90]
[selfcal-dev]   Cycle 5/5: gaincal → /Users/raj030/DATA/gmrt_40_014/work/casa_selfcal/moon0520_stk10_phasecenter/moon0520_stk0020_n10/moon0520_stk0020_n10_sc5.gcal
[selfcal-dev]     solmode='L1'  refant='1'  refantmode='flex'
[selfcal-dev]   Cycle 5/5: applycal
[selfcal-dev]   Cycle 5/5: exported /Users/raj030/DATA/gmrt_40_014/work/casa_selfcal/moon0520_stk10_phasecenter/moon0520_stk0020_n10/moon0520_stk0020_n10_sc5.fits
[selfcal-dev]   Final image: tclean niter=1000  uvrange=''  scales=[0, 5, 15, 45, 90]
[selfcal-dev]   Exported: /Users/raj030/DATA/gmrt_40_014/work/casa_selfcal/moon0520_stk10_phasecenter/moon0520_stk0020_n10/moon0520_stk0020_n10_final.fits

[selfcal-dev] === Stack start_idx=30  n=10  JD=2459421.499521..2459421.500359  timerange=2021/07/25/23:59:14~2021/07/26/00:00:35 ===
[selfcal-dev]   Moon at RA=330.9938°  Dec=-17.4478°  offset=4.73arcmin from field centre  (image half-width=38.4arcmin)
[selfcal-dev]   mask-center (ephem): RA=330.993772 deg  Dec=-17.447801 deg
[selfcal-dev]   mask-radius: 20.00 arcmin
[selfcal-dev]   mask-string: circle[[22:03:58.505, -17.26.52.08], 20.0arcmin]
[selfcal-dev]   tclean phasecenter: ENABLED (J2000 22h03m58.505s -17d26m52.08s)
[selfcal-dev]   Cycle 1/5: tclean niter=100  img_uvrange=''  cal_uvrange=''  scales=[0, 5, 15]
[selfcal-dev]   Cycle 1/5: gaincal → /Users/raj030/DATA/gmrt_40_014/work/casa_selfcal/moon0520_stk10_phasecenter/moon0520_stk0030_n10/moon0520_stk0030_n10_sc1.gcal
[selfcal-dev]     solmode='L1'  refant='1'  refantmode='flex'
[selfcal-dev]   Cycle 1/5: applycal
[selfcal-dev]   Cycle 1/5: exported /Users/raj030/DATA/gmrt_40_014/work/casa_selfcal/moon0520_stk10_phasecenter/moon0520_stk0030_n10/moon0520_stk0030_n10_sc1.fits
[selfcal-dev]   Cycle 2/5: tclean niter=200  img_uvrange=''  cal_uvrange=''  scales=[0, 5, 15]
[selfcal-dev]   Cycle 2/5: gaincal → /Users/raj030/DATA/gmrt_40_014/work/casa_selfcal/moon0520_stk10_phasecenter/moon0520_stk0030_n10/moon0520_stk0030_n10_sc2.gcal
[selfcal-dev]     solmode='L1'  refant='1'  refantmode='flex'
[selfcal-dev]   Cycle 2/5: applycal
[selfcal-dev]   Cycle 2/5: exported /Users/raj030/DATA/gmrt_40_014/work/casa_selfcal/moon0520_stk10_phasecenter/moon0520_stk0030_n10/moon0520_stk0030_n10_sc2.fits
[selfcal-dev]   Cycle 3/5: tclean niter=400  img_uvrange=''  cal_uvrange=''  scales=[0, 5, 15, 45]
[selfcal-dev]   Cycle 3/5: gaincal → /Users/raj030/DATA/gmrt_40_014/work/casa_selfcal/moon0520_stk10_phasecenter/moon0520_stk0030_n10/moon0520_stk0030_n10_sc3.gcal
[selfcal-dev]     solmode='L1'  refant='1'  refantmode='flex'
[selfcal-dev]   Cycle 3/5: applycal
[selfcal-dev]   Cycle 3/5: exported /Users/raj030/DATA/gmrt_40_014/work/casa_selfcal/moon0520_stk10_phasecenter/moon0520_stk0030_n10/moon0520_stk0030_n10_sc3.fits
[selfcal-dev]   Cycle 4/5: tclean niter=600  img_uvrange=''  cal_uvrange=''  scales=[0, 5, 15, 45]
[selfcal-dev]   Cycle 4/5: gaincal → /Users/raj030/DATA/gmrt_40_014/work/casa_selfcal/moon0520_stk10_phasecenter/moon0520_stk0030_n10/moon0520_stk0030_n10_sc4.gcal
[selfcal-dev]     solmode='L1'  refant='1'  refantmode='flex'
[selfcal-dev]   Cycle 4/5: applycal
[selfcal-dev]   Cycle 4/5: exported /Users/raj030/DATA/gmrt_40_014/work/casa_selfcal/moon0520_stk10_phasecenter/moon0520_stk0030_n10/moon0520_stk0030_n10_sc4.fits
[selfcal-dev]   Cycle 5/5: tclean niter=1000  img_uvrange=''  cal_uvrange=''  scales=[0, 5, 15, 45, 90]
[selfcal-dev]   Cycle 5/5: gaincal → /Users/raj030/DATA/gmrt_40_014/work/casa_selfcal/moon0520_stk10_phasecenter/moon0520_stk0030_n10/moon0520_stk0030_n10_sc5.gcal
[selfcal-dev]     solmode='L1'  refant='1'  refantmode='flex'
[selfcal-dev]   Cycle 5/5: applycal
[selfcal-dev]   Cycle 5/5: exported /Users/raj030/DATA/gmrt_40_014/work/casa_selfcal/moon0520_stk10_phasecenter/moon0520_stk0030_n10/moon0520_stk0030_n10_sc5.fits
[selfcal-dev]   Final image: tclean niter=1000  uvrange=''  scales=[0, 5, 15, 45, 90]
[selfcal-dev]   Exported: /Users/raj030/DATA/gmrt_40_014/work/casa_selfcal/moon0520_stk10_phasecenter/moon0520_stk0030_n10/moon0520_stk0030_n10_final.fits

[selfcal-dev] === Stack start_idx=40  n=10  JD=2459421.500453..2459421.501291  timerange=2021/07/26/00:00:35~2021/07/26/00:01:55 ===
[selfcal-dev]   Moon at RA=331.0026°  Dec=-17.4423°  offset=5.34arcmin from field centre  (image half-width=38.4arcmin)
[selfcal-dev]   mask-center (ephem): RA=331.002609 deg  Dec=-17.442347 deg
[selfcal-dev]   mask-radius: 20.00 arcmin
[selfcal-dev]   mask-string: circle[[22:04:00.626, -17.26.32.45], 20.0arcmin]
[selfcal-dev]   tclean phasecenter: ENABLED (J2000 22h04m00.626s -17d26m32.45s)
[selfcal-dev]   Cycle 1/5: tclean niter=100  img_uvrange=''  cal_uvrange=''  scales=[0, 5, 15]
[selfcal-dev]   Cycle 1/5: gaincal → /Users/raj030/DATA/gmrt_40_014/work/casa_selfcal/moon0520_stk10_phasecenter/moon0520_stk0040_n10/moon0520_stk0040_n10_sc1.gcal
[selfcal-dev]     solmode='L1'  refant='1'  refantmode='flex'
[selfcal-dev]   Cycle 1/5: applycal
[selfcal-dev]   Cycle 1/5: exported /Users/raj030/DATA/gmrt_40_014/work/casa_selfcal/moon0520_stk10_phasecenter/moon0520_stk0040_n10/moon0520_stk0040_n10_sc1.fits
[selfcal-dev]   Cycle 2/5: tclean niter=200  img_uvrange=''  cal_uvrange=''  scales=[0, 5, 15]
[selfcal-dev]   Cycle 2/5: gaincal → /Users/raj030/DATA/gmrt_40_014/work/casa_selfcal/moon0520_stk10_phasecenter/moon0520_stk0040_n10/moon0520_stk0040_n10_sc2.gcal2026-05-16 11:34:23	WARN	ImageRegridder::_doImagesOverlap	At least one of the images exceeds one degree on at one side, not checking for direction plane overlap.
2026-05-16 11:35:05	WARN	SDAlgorithmMSClean::takeOneStep (file /Users/casaci/bamboohome/xml-data/build-dir/CASASPECS-RELEASE675BUILDCASALITH-BPO15ARMPY313/casa6/casatools/src/code/synthesis/ImagerObjects/SDAlgorithmMSClean.cc, line 185)	MSClean minor cycle stopped at large scale negative or diverging
2026-05-16 11:35:21	WARN	SDAlgorithmMSClean::takeOneStep (file /Users/casaci/bamboohome/xml-data/build-dir/CASASPECS-RELEASE675BUILDCASALITH-BPO15ARMPY313/casa6/casatools/src/code/synthesis/ImagerObjects/SDAlgorithmMSClean.cc, line 185)	MSClean minor cycle stopped at large scale negative or diverging
2026-05-16 11:35:38	WARN	SDAlgorithmMSClean::takeOneStep (file /Users/casaci/bamboohome/xml-data/build-dir/CASASPECS-RELEASE675BUILDCASALITH-BPO15ARMPY313/casa6/casatools/src/code/synthesis/ImagerObjects/SDAlgorithmMSClean.cc, line 185)	MSClean minor cycle stopped at large scale negative or diverging
2026-05-16 11:36:08	WARN	SDAlgorithmMSClean::takeOneStep (file /Users/casaci/bamboohome/xml-data/build-dir/CASASPECS-RELEASE675BUILDCASALITH-BPO15ARMPY313/casa6/casatools/src/code/synthesis/ImagerObjects/SDAlgorithmMSClean.cc, line 185)	MSClean minor cycle stopped at large scale negative or diverging
2026-05-16 11:36:11	WARN	SDAlgorithmMSClean::takeOneStep (file /Users/casaci/bamboohome/xml-data/build-dir/CASASPECS-RELEASE675BUILDCASALITH-BPO15ARMPY313/casa6/casatools/src/code/synthesis/ImagerObjects/SDAlgorithmMSClean.cc, line 185)	MSClean minor cycle stopped at large scale negative or diverging
2026-05-16 11:36:27	WARN	SDAlgorithmMSClean::takeOneStep (file /Users/casaci/bamboohome/xml-data/build-dir/CASASPECS-RELEASE675BUILDCASALITH-BPO15ARMPY313/casa6/casatools/src/code/synthesis/ImagerObjects/SDAlgorithmMSClean.cc, line 185)	MSClean minor cycle stopped at large scale negative or diverging
2026-05-16 11:36:32	WARN	SDAlgorithmMSClean::takeOneStep (file /Users/casaci/bamboohome/xml-data/build-dir/CASASPECS-RELEASE675BUILDCASALITH-BPO15ARMPY313/casa6/casatools/src/code/synthesis/ImagerObjects/SDAlgorithmMSClean.cc, line 185)	MSClean minor cycle stopped at large scale negative or diverging
2026-05-16 11:36:48	WARN	SDAlgorithmMSClean::takeOneStep (file /Users/casaci/bamboohome/xml-data/build-dir/CASASPECS-RELEASE675BUILDCASALITH-BPO15ARMPY313/casa6/casatools/src/code/synthesis/ImagerObjects/SDAlgorithmMSClean.cc, line 185)	MSClean minor cycle stopped at large scale negative or diverging
2026-05-16 11:37:04	WARN	SDAlgorithmMSClean::takeOneStep (file /Users/casaci/bamboohome/xml-data/build-dir/CASASPECS-RELEASE675BUILDCASALITH-BPO15ARMPY313/casa6/casatools/src/code/synthesis/ImagerObjects/SDAlgorithmMSClean.cc, line 185)	MSClean minor cycle stopped at large scale negative or diverging
2026-05-16 11:37:07	WARN	SDAlgorithmMSClean::takeOneStep (file /Users/casaci/bamboohome/xml-data/build-dir/CASASPECS-RELEASE675BUILDCASALITH-BPO15ARMPY313/casa6/casatools/src/code/synthesis/ImagerObjects/SDAlgorithmMSClean.cc, line 185)	MSClean minor cycle stopped at large scale negative or diverging
2026-05-16 11:37:23	WARN	SDAlgorithmMSClean::takeOneStep (file /Users/casaci/bamboohome/xml-data/build-dir/CASASPECS-RELEASE675BUILDCASALITH-BPO15ARMPY313/casa6/casatools/src/code/synthesis/ImagerObjects/SDAlgorithmMSClean.cc, line 185)	MSClean minor cycle stopped at large scale negative or diverging
2026-05-16 11:37:39	WARN	SDAlgorithmMSClean::takeOneStep (file /Users/casaci/bamboohome/xml-data/build-dir/CASASPECS-RELEASE675BUILDCASALITH-BPO15ARMPY313/casa6/casatools/src/code/synthesis/ImagerObjects/SDAlgorithmMSClean.cc, line 185)	MSClean minor cycle stopped at large scale negative or diverging
2026-05-16 11:37:41	WARN	SDAlgorithmMSClean::takeOneStep (file /Users/casaci/bamboohome/xml-data/build-dir/CASASPECS-RELEASE675BUILDCASALITH-BPO15ARMPY313/casa6/casatools/src/code/synthesis/ImagerObjects/SDAlgorithmMSClean.cc, line 185)	MSClean minor cycle stopped at large scale negative or diverging
2026-05-16 11:37:58	WARN	SDAlgorithmMSClean::takeOneStep (file /Users/casaci/bamboohome/xml-data/build-dir/CASASPECS-RELEASE675BUILDCASALITH-BPO15ARMPY313/casa6/casatools/src/code/synthesis/ImagerObjects/SDAlgorithmMSClean.cc, line 185)	MSClean minor cycle stopped at large scale negative or diverging
2026-05-16 11:38:00	WARN	SDAlgorithmMSClean::takeOneStep (file /Users/casaci/bamboohome/xml-data/build-dir/CASASPECS-RELEASE675BUILDCASALITH-BPO15ARMPY313/casa6/casatools/src/code/synthesis/ImagerObjects/SDAlgorithmMSClean.cc, line 185)	MSClean minor cycle stopped at large scale negative or diverging
2026-05-16 11:38:16	WARN	SDAlgorithmMSClean::takeOneStep (file /Users/casaci/bamboohome/xml-data/build-dir/CASASPECS-RELEASE675BUILDCASALITH-BPO15ARMPY313/casa6/casatools/src/code/synthesis/ImagerObjects/SDAlgorithmMSClean.cc, line 185)	MSClean minor cycle stopped at large scale negative or diverging
2026-05-16 11:38:19	WARN	SDAlgorithmMSClean::takeOneStep (file /Users/casaci/bamboohome/xml-data/build-dir/CASASPECS-RELEASE675BUILDCASALITH-BPO15ARMPY313/casa6/casatools/src/code/synthesis/ImagerObjects/SDAlgorithmMSClean.cc, line 185)	MSClean minor cycle stopped at large scale negative or diverging
2026-05-16 11:38:49	WARN	SDAlgorithmMSClean::takeOneStep (file /Users/casaci/bamboohome/xml-data/build-dir/CASASPECS-RELEASE675BUILDCASALITH-BPO15ARMPY313/casa6/casatools/src/code/synthesis/ImagerObjects/SDAlgorithmMSClean.cc, line 185)	MSClean minor cycle stopped at large scale negative or diverging
2026-05-16 11:38:52	WARN	SDAlgorithmMSClean::takeOneStep (file /Users/casaci/bamboohome/xml-data/build-dir/CASASPECS-RELEASE675BUILDCASALITH-BPO15ARMPY313/casa6/casatools/src/code/synthesis/ImagerObjects/SDAlgorithmMSClean.cc, line 185)	MSClean minor cycle stopped at large scale negative or diverging
2026-05-16 11:39:09	WARN	SDAlgorithmMSClean::takeOneStep (file /Users/casaci/bamboohome/xml-data/build-dir/CASASPECS-RELEASE675BUILDCASALITH-BPO15ARMPY313/casa6/casatools/src/code/synthesis/ImagerObjects/SDAlgorithmMSClean.cc, line 185)	MSClean minor cycle stopped at large scale negative or diverging
2026-05-16 11:39:25	WARN	SDAlgorithmMSClean::takeOneStep (file /Users/casaci/bamboohome/xml-data/build-dir/CASASPECS-RELEASE675BUILDCASALITH-BPO15ARMPY313/casa6/casatools/src/code/synthesis/ImagerObjects/SDAlgorithmMSClean.cc, line 185)	MSClean minor cycle stopped at large scale negative or diverging
2026-05-16 11:39:36	WARN	ImageRegridder::_doImagesOverlap	At least one of the images exceeds one degree on at one side, not checking for direction plane overlap.
2026-05-16 11:40:31	WARN	SDAlgorithmMSClean::takeOneStep (file /Users/casaci/bamboohome/xml-data/build-dir/CASASPECS-RELEASE675BUILDCASALITH-BPO15ARMPY313/casa6/casatools/src/code/synthesis/ImagerObjects/SDAlgorithmMSClean.cc, line 185)	MSClean minor cycle stopped at large scale negative or diverging
2026-05-16 11:40:48	WARN	SDAlgorithmMSClean::takeOneStep (file /Users/casaci/bamboohome/xml-data/build-dir/CASASPECS-RELEASE675BUILDCASALITH-BPO15ARMPY313/casa6/casatools/src/code/synthesis/ImagerObjects/SDAlgorithmMSClean.cc, line 185)	MSClean minor cycle stopped at large scale negative or diverging
2026-05-16 11:40:51	WARN	SDAlgorithmMSClean::takeOneStep (file /Users/casaci/bamboohome/xml-data/build-dir/CASASPECS-RELEASE675BUILDCASALITH-BPO15ARMPY313/casa6/casatools/src/code/synthesis/ImagerObjects/SDAlgorithmMSClean.cc, line 185)	MSClean minor cycle stopped at large scale negative or diverging
2026-05-16 11:41:07	WARN	SDAlgorithmMSClean::takeOneStep (file /Users/casaci/bamboohome/xml-data/build-dir/CASASPECS-RELEASE675BUILDCASALITH-BPO15ARMPY313/casa6/casatools/src/code/synthesis/ImagerObjects/SDAlgorithmMSClean.cc, line 185)	MSClean minor cycle stopped at large scale negative or diverging
2026-05-16 11:41:23	WARN	SDAlgorithmMSClean::takeOneStep (file /Users/casaci/bamboohome/xml-data/build-dir/CASASPECS-RELEASE675BUILDCASALITH-BPO15ARMPY313/casa6/casatools/src/code/synthesis/ImagerObjects/SDAlgorithmMSClean.cc, line 185)	MSClean minor cycle stopped at large scale negative or diverging
2026-05-16 11:41:27	WARN	SDAlgorithmMSClean::takeOneStep (file /Users/casaci/bamboohome/xml-data/build-dir/CASASPECS-RELEASE675BUILDCASALITH-BPO15ARMPY313/casa6/casatools/src/code/synthesis/ImagerObjects/SDAlgorithmMSClean.cc, line 185)	MSClean minor cycle stopped at large scale negative or diverging
2026-05-16 11:41:43	WARN	SDAlgorithmMSClean::takeOneStep (file /Users/casaci/bamboohome/xml-data/build-dir/CASASPECS-RELEASE675BUILDCASALITH-BPO15ARMPY313/casa6/casatools/src/code/synthesis/ImagerObjects/SDAlgorithmMSClean.cc, line 185)	MSClean minor cycle stopped at large scale negative or diverging
2026-05-16 11:42:02	WARN	SDAlgorithmMSClean::takeOneStep (file /Users/casaci/bamboohome/xml-data/build-dir/CASASPECS-RELEASE675BUILDCASALITH-BPO15ARMPY313/casa6/casatools/src/code/synthesis/ImagerObjects/SDAlgorithmMSClean.cc, line 185)	MSClean minor cycle stopped at large scale negative or diverging
2026-05-16 11:42:18	WARN	SDAlgorithmMSClean::takeOneStep (file /Users/casaci/bamboohome/xml-data/build-dir/CASASPECS-RELEASE675BUILDCASALITH-BPO15ARMPY313/casa6/casatools/src/code/synthesis/ImagerObjects/SDAlgorithmMSClean.cc, line 185)	MSClean minor cycle stopped at large scale negative or diverging
2026-05-16 11:42:23	WARN	SDAlgorithmMSClean::takeOneStep (file /Users/casaci/bamboohome/xml-data/build-dir/CASASPECS-RELEASE675BUILDCASALITH-BPO15ARMPY313/casa6/casatools/src/code/synthesis/ImagerObjects/SDAlgorithmMSClean.cc, line 185)	MSClean minor cycle stopped at large scale negative or diverging
2026-05-16 11:42:41	WARN	SDAlgorithmMSClean::takeOneStep (file /Users/casaci/bamboohome/xml-data/build-dir/CASASPECS-RELEASE675BUILDCASALITH-BPO15ARMPY313/casa6/casatools/src/code/synthesis/ImagerObjects/SDAlgorithmMSClean.cc, line 185)	MSClean minor cycle stopped at large scale negative or diverging
2026-05-16 11:42:45	WARN	SDAlgorithmMSClean::takeOneStep (file /Users/casaci/bamboohome/xml-data/build-dir/CASASPECS-RELEASE675BUILDCASALITH-BPO15ARMPY313/casa6/casatools/src/code/synthesis/ImagerObjects/SDAlgorithmMSClean.cc, line 185)	MSClean minor cycle stopped at large scale negative or diverging
2026-05-16 11:43:01	WARN	SDAlgorithmMSClean::takeOneStep (file /Users/casaci/bamboohome/xml-data/build-dir/CASASPECS-RELEASE675BUILDCASALITH-BPO15ARMPY313/casa6/casatools/src/code/synthesis/ImagerObjects/SDAlgorithmMSClean.cc, line 185)	MSClean minor cycle stopped at large scale negative or diverging
2026-05-16 11:43:04	WARN	SDAlgorithmMSClean::takeOneStep (file /Users/casaci/bamboohome/xml-data/build-dir/CASASPECS-RELEASE675BUILDCASALITH-BPO15ARMPY313/casa6/casatools/src/code/synthesis/ImagerObjects/SDAlgorithmMSClean.cc, line 185)	MSClean minor cycle stopped at large scale negative or diverging
2026-05-16 11:43:21	WARN	SDAlgorithmMSClean::takeOneStep (file /Users/casaci/bamboohome/xml-data/build-dir/CASASPECS-RELEASE675BUILDCASALITH-BPO15ARMPY313/casa6/casatools/src/code/synthesis/ImagerObjects/SDAlgorithmMSClean.cc, line 185)	MSClean minor cycle stopped at large scale negative or diverging
2026-05-16 11:43:37	WARN	SDAlgorithmMSClean::takeOneStep (file /Users/casaci/bamboohome/xml-data/build-dir/CASASPECS-RELEASE675BUILDCASALITH-BPO15ARMPY313/casa6/casatools/src/code/synthesis/ImagerObjects/SDAlgorithmMSClean.cc, line 185)	MSClean minor cycle stopped at large scale negative or diverging
2026-05-16 11:43:41	WARN	SDAlgorithmMSClean::takeOneStep (file /Users/casaci/bamboohome/xml-data/build-dir/CASASPECS-RELEASE675BUILDCASALITH-BPO15ARMPY313/casa6/casatools/src/code/synthesis/ImagerObjects/SDAlgorithmMSClean.cc, line 185)	MSClean minor cycle stopped at large scale negative or diverging
2026-05-16 11:43:58	WARN	SDAlgorithmMSClean::takeOneStep (file /Users/casaci/bamboohome/xml-data/build-dir/CASASPECS-RELEASE675BUILDCASALITH-BPO15ARMPY313/casa6/casatools/src/code/synthesis/ImagerObjects/SDAlgorithmMSClean.cc, line 185)	MSClean minor cycle stopped at large scale negative or diverging
2026-05-16 11:44:00	WARN	SDAlgorithmMSClean::takeOneStep (file /Users/casaci/bamboohome/xml-data/build-dir/CASASPECS-RELEASE675BUILDCASALITH-BPO15ARMPY313/casa6/casatools/src/code/synthesis/ImagerObjects/SDAlgorithmMSClean.cc, line 185)	MSClean minor cycle stopped at large scale negative or diverging
2026-05-16 11:44:17	WARN	SDAlgorithmMSClean::takeOneStep (file /Users/casaci/bamboohome/xml-data/build-dir/CASASPECS-RELEASE675BUILDCASALITH-BPO15ARMPY313/casa6/casatools/src/code/synthesis/ImagerObjects/SDAlgorithmMSClean.cc, line 185)	MSClean minor cycle stopped at large scale negative or diverging
2026-05-16 11:44:45	WARN	ImageRegridder::_doImagesOverlap	At least one of the images exceeds one degree on at one side, not checking for direction plane overlap.
2026-05-16 11:45:04	WARN	ImageRegridder::_doImagesOverlap	At least one of the images exceeds one degree on at one side, not checking for direction plane overlap.
1 of 52 solutions flagged due to SNR < 1 in spw=0 at 2021/07/26/00:05:17.0
2026-05-16 11:45:40	WARN	ImageRegridder::_doImagesOverlap	At least one of the images exceeds one degree on at one side, not checking for direction plane overlap.
2026-05-16 11:46:04	WARN	SDAlgorithmMSClean::takeOneStep (file /Users/casaci/bamboohome/xml-data/build-dir/CASASPECS-RELEASE675BUILDCASALITH-BPO15ARMPY313/casa6/casatools/src/code/synthesis/ImagerObjects/SDAlgorithmMSClean.cc, line 185)	MSClean minor cycle stopped at large scale negative or diverging
2026-05-16 11:46:28	WARN	SDAlgorithmMSClean::takeOneStep (file /Users/casaci/bamboohome/xml-data/build-dir/CASASPECS-RELEASE675BUILDCASALITH-BPO15ARMPY313/casa6/casatools/src/code/synthesis/ImagerObjects/SDAlgorithmMSClean.cc, line 185)	MSClean minor cycle stopped at large scale negative or diverging
2026-05-16 11:47:14	WARN	ImageRegridder::_doImagesOverlap	At least one of the images exceeds one degree on at one side, not checking for direction plane overlap.
2026-05-16 11:47:59	WARN	SDAlgorithmMSClean::takeOneStep (file /Users/casaci/bamboohome/xml-data/build-dir/CASASPECS-RELEASE675BUILDCASALITH-BPO15ARMPY313/casa6/casatools/src/code/synthesis/ImagerObjects/SDAlgorithmMSClean.cc, line 185)	MSClean minor cycle stopped at large scale negative or diverging
2026-05-16 11:48:34	WARN	SDAlgorithmMSClean::takeOneStep (file /Users/casaci/bamboohome/xml-data/build-dir/CASASPECS-RELEASE675BUILDCASALITH-BPO15ARMPY313/casa6/casatools/src/code/synthesis/ImagerObjects/SDAlgorithmMSClean.cc, line 185)	MSClean minor cycle stopped at large scale negative or diverging
2026-05-16 11:49:10	WARN	SDAlgorithmMSClean::takeOneStep (file /Users/casaci/bamboohome/xml-data/build-dir/CASASPECS-RELEASE675BUILDCASALITH-BPO15ARMPY313/casa6/casatools/src/code/synthesis/ImagerObjects/SDAlgorithmMSClean.cc, line 185)	MSClean minor cycle stopped at large scale negative or diverging
2026-05-16 11:49:24	WARN	SDAlgorithmMSClean::takeOneStep (file /Users/casaci/bamboohome/xml-data/build-dir/CASASPECS-RELEASE675BUILDCASALITH-BPO15ARMPY313/casa6/casatools/src/code/synthesis/ImagerObjects/SDAlgorithmMSClean.cc, line 185)	MSClean minor cycle stopped at large scale negative or diverging
2 of 52 solutions flagged due to SNR < 1 in spw=0 at 2021/07/26/00:05:17.1
2026-05-16 11:49:36	WARN	ImageRegridder::_doImagesOverlap	At least one of the images exceeds one degree on at one side, not checking for direction plane overlap.
2026-05-16 11:50:32	WARN	SDAlgorithmMSClean::takeOneStep (file /Users/casaci/bamboohome/xml-data/build-dir/CASASPECS-RELEASE675BUILDCASALITH-BPO15ARMPY313/casa6/casatools/src/code/synthesis/ImagerObjects/SDAlgorithmMSClean.cc, line 185)	MSClean minor cycle stopped at large scale negative or diverging
2026-05-16 11:50:48	WARN	SDAlgorithmMSClean::takeOneStep (file /Users/casaci/bamboohome/xml-data/build-dir/CASASPECS-RELEASE675BUILDCASALITH-BPO15ARMPY313/casa6/casatools/src/code/synthesis/ImagerObjects/SDAlgorithmMSClean.cc, line 185)	MSClean minor cycle stopped at large scale negative or diverging
2026-05-16 11:51:04	WARN	SDAlgorithmMSClean::takeOneStep (file /Users/casaci/bamboohome/xml-data/build-dir/CASASPECS-RELEASE675BUILDCASALITH-BPO15ARMPY313/casa6/casatools/src/code/synthesis/ImagerObjects/SDAlgorithmMSClean.cc, line 185)	MSClean minor cycle stopped at large scale negative or diverging
2026-05-16 11:51:20	WARN	SDAlgorithmMSClean::takeOneStep (file /Users/casaci/bamboohome/xml-data/build-dir/CASASPECS-RELEASE675BUILDCASALITH-BPO15ARMPY313/casa6/casatools/src/code/synthesis/ImagerObjects/SDAlgorithmMSClean.cc, line 185)	MSClean minor cycle stopped at large scale negative or diverging
2026-05-16 11:51:38	WARN	SDAlgorithmMSClean::takeOneStep (file /Users/casaci/bamboohome/xml-data/build-dir/CASASPECS-RELEASE675BUILDCASALITH-BPO15ARMPY313/casa6/casatools/src/code/synthesis/ImagerObjects/SDAlgorithmMSClean.cc, line 185)	MSClean minor cycle stopped at large scale negative or diverging
2026-05-16 11:51:56	WARN	SDAlgorithmMSClean::takeOneStep (file /Users/casaci/bamboohome/xml-data/build-dir/CASASPECS-RELEASE675BUILDCASALITH-BPO15ARMPY313/casa6/casatools/src/code/synthesis/ImagerObjects/SDAlgorithmMSClean.cc, line 185)	MSClean minor cycle stopped at large scale negative or diverging
2026-05-16 11:52:14	WARN	SDAlgorithmMSClean::takeOneStep (file /Users/casaci/bamboohome/xml-data/build-dir/CASASPECS-RELEASE675BUILDCASALITH-BPO15ARMPY313/casa6/casatools/src/code/synthesis/ImagerObjects/SDAlgorithmMSClean.cc, line 185)	MSClean minor cycle stopped at large scale negative or diverging
2026-05-16 11:52:30	WARN	SDAlgorithmMSClean::takeOneStep (file /Users/casaci/bamboohome/xml-data/build-dir/CASASPECS-RELEASE675BUILDCASALITH-BPO15ARMPY313/casa6/casatools/src/code/synthesis/ImagerObjects/SDAlgorithmMSClean.cc, line 185)	MSClean minor cycle stopped at large scale negative or diverging
2026-05-16 11:52:47	WARN	SDAlgorithmMSClean::takeOneStep (file /Users/casaci/bamboohome/xml-data/build-dir/CASASPECS-RELEASE675BUILDCASALITH-BPO15ARMPY313/casa6/casatools/src/code/synthesis/ImagerObjects/SDAlgorithmMSClean.cc, line 185)	MSClean minor cycle stopped at large scale negative or diverging
2026-05-16 11:53:04	WARN	SDAlgorithmMSClean::takeOneStep (file /Users/casaci/bamboohome/xml-data/build-dir/CASASPECS-RELEASE675BUILDCASALITH-BPO15ARMPY313/casa6/casatools/src/code/synthesis/ImagerObjects/SDAlgorithmMSClean.cc, line 185)	MSClean minor cycle stopped at large scale negative or diverging
2026-05-16 11:53:20	WARN	SDAlgorithmMSClean::takeOneStep (file /Users/casaci/bamboohome/xml-data/build-dir/CASASPECS-RELEASE675BUILDCASALITH-BPO15ARMPY313/casa6/casatools/src/code/synthesis/ImagerObjects/SDAlgorithmMSClean.cc, line 185)	MSClean minor cycle stopped at large scale negative or diverging
2026-05-16 11:53:23	WARN	SDAlgorithmMSClean::takeOneStep (file /Users/casaci/bamboohome/xml-data/build-dir/CASASPECS-RELEASE675BUILDCASALITH-BPO15ARMPY313/casa6/casatools/src/code/synthesis/ImagerObjects/SDAlgorithmMSClean.cc, line 185)	MSClean minor cycle stopped at large scale negative or diverging
2026-05-16 11:53:40	WARN	SDAlgorithmMSClean::takeOneStep (file /Users/casaci/bamboohome/xml-data/build-dir/CASASPECS-RELEASE675BUILDCASALITH-BPO15ARMPY313/casa6/casatools/src/code/synthesis/ImagerObjects/SDAlgorithmMSClean.cc, line 185)	MSClean minor cycle stopped at large scale negative or diverging
2026-05-16 11:54:14	WARN	SDAlgorithmMSClean::takeOneStep (file /Users/casaci/bamboohome/xml-data/build-dir/CASASPECS-RELEASE675BUILDCASALITH-BPO15ARMPY313/casa6/casatools/src/code/synthesis/ImagerObjects/SDAlgorithmMSClean.cc, line 185)	MSClean minor cycle stopped at large scale negative or diverging
2026-05-16 11:54:31	WARN	SDAlgorithmMSClean::takeOneStep (file /Users/casaci/bamboohome/xml-data/build-dir/CASASPECS-RELEASE675BUILDCASALITH-BPO15ARMPY313/casa6/casatools/src/code/synthesis/ImagerObjects/SDAlgorithmMSClean.cc, line 185)	MSClean minor cycle stopped at large scale negative or diverging
2026-05-16 11:54:39	WARN	ImageRegridder::_doImagesOverlap	At least one of the images exceeds one degree on at one side, not checking for direction plane overlap.
2026-05-16 11:55:20	WARN	SDAlgorithmMSClean::takeOneStep (file /Users/casaci/bamboohome/xml-data/build-dir/CASASPECS-RELEASE675BUILDCASALITH-BPO15ARMPY313/casa6/casatools/src/code/synthesis/ImagerObjects/SDAlgorithmMSClean.cc, line 185)	MSClean minor cycle stopped at large scale negative or diverging
2026-05-16 11:55:36	WARN	SDAlgorithmMSClean::takeOneStep (file /Users/casaci/bamboohome/xml-data/build-dir/CASASPECS-RELEASE675BUILDCASALITH-BPO15ARMPY313/casa6/casatools/src/code/synthesis/ImagerObjects/SDAlgorithmMSClean.cc, line 185)	MSClean minor cycle stopped at large scale negative or diverging
2026-05-16 11:55:40	WARN	SDAlgorithmMSClean::takeOneStep (file /Users/casaci/bamboohome/xml-data/build-dir/CASASPECS-RELEASE675BUILDCASALITH-BPO15ARMPY313/casa6/casatools/src/code/synthesis/ImagerObjects/SDAlgorithmMSClean.cc, line 185)	MSClean minor cycle stopped at large scale negative or diverging
2026-05-16 11:55:55	WARN	SDAlgorithmMSClean::takeOneStep (file /Users/casaci/bamboohome/xml-data/build-dir/CASASPECS-RELEASE675BUILDCASALITH-BPO15ARMPY313/casa6/casatools/src/code/synthesis/ImagerObjects/SDAlgorithmMSClean.cc, line 185)	MSClean minor cycle stopped at large scale negative or diverging
2026-05-16 11:56:13	WARN	SDAlgorithmMSClean::takeOneStep (file /Users/casaci/bamboohome/xml-data/build-dir/CASASPECS-RELEASE675BUILDCASALITH-BPO15ARMPY313/casa6/casatools/src/code/synthesis/ImagerObjects/SDAlgorithmMSClean.cc, line 185)	MSClean minor cycle stopped at large scale negative or diverging
2026-05-16 11:56:16	WARN	SDAlgorithmMSClean::takeOneStep (file /Users/casaci/bamboohome/xml-data/build-dir/CASASPECS-RELEASE675BUILDCASALITH-BPO15ARMPY313/casa6/casatools/src/code/synthesis/ImagerObjects/SDAlgorithmMSClean.cc, line 185)	MSClean minor cycle stopped at large scale negative or diverging
2026-05-16 11:56:45	WARN	SDAlgorithmMSClean::takeOneStep (file /Users/casaci/bamboohome/xml-data/build-dir/CASASPECS-RELEASE675BUILDCASALITH-BPO15ARMPY313/casa6/casatools/src/code/synthesis/ImagerObjects/SDAlgorithmMSClean.cc, line 185)	MSClean minor cycle stopped at large scale negative or diverging
2026-05-16 11:56:48	WARN	SDAlgorithmMSClean::takeOneStep (file /Users/casaci/bamboohome/xml-data/build-dir/CASASPECS-RELEASE675BUILDCASALITH-BPO15ARMPY313/casa6/casatools/src/code/synthesis/ImagerObjects/SDAlgorithmMSClean.cc, line 185)	MSClean minor cycle stopped at large scale negative or diverging
2026-05-16 11:57:05	WARN	SDAlgorithmMSClean::takeOneStep (file /Users/casaci/bamboohome/xml-data/build-dir/CASASPECS-RELEASE675BUILDCASALITH-BPO15ARMPY313/casa6/casatools/src/code/synthesis/ImagerObjects/SDAlgorithmMSClean.cc, line 185)	MSClean minor cycle stopped at large scale negative or diverging
2026-05-16 11:57:35	WARN	SDAlgorithmMSClean::takeOneStep (file /Users/casaci/bamboohome/xml-data/build-dir/CASASPECS-RELEASE675BUILDCASALITH-BPO15ARMPY313/casa6/casatools/src/code/synthesis/ImagerObjects/SDAlgorithmMSClean.cc, line 185)	MSClean minor cycle stopped at large scale negative or diverging
2026-05-16 11:58:05	WARN	SDAlgorithmMSClean::takeOneStep (file /Users/casaci/bamboohome/xml-data/build-dir/CASASPECS-RELEASE675BUILDCASALITH-BPO15ARMPY313/casa6/casatools/src/code/synthesis/ImagerObjects/SDAlgorithmMSClean.cc, line 185)	MSClean minor cycle stopped at large scale negative or diverging
2026-05-16 11:58:25	WARN	SDAlgorithmMSClean::takeOneStep (file /Users/casaci/bamboohome/xml-data/build-dir/CASASPECS-RELEASE675BUILDCASALITH-BPO15ARMPY313/casa6/casatools/src/code/synthesis/ImagerObjects/SDAlgorithmMSClean.cc, line 185)	MSClean minor cycle stopped at large scale negative or diverging
2026-05-16 11:58:41	WARN	SDAlgorithmMSClean::takeOneStep (file /Users/casaci/bamboohome/xml-data/build-dir/CASASPECS-RELEASE675BUILDCASALITH-BPO15ARMPY313/casa6/casatools/src/code/synthesis/ImagerObjects/SDAlgorithmMSClean.cc, line 185)	MSClean minor cycle stopped at large scale negative or diverging
2026-05-16 11:58:46	WARN	SDAlgorithmMSClean::takeOneStep (file /Users/casaci/bamboohome/xml-data/build-dir/CASASPECS-RELEASE675BUILDCASALITH-BPO15ARMPY313/casa6/casatools/src/code/synthesis/ImagerObjects/SDAlgorithmMSClean.cc, line 185)	MSClean minor cycle stopped at large scale negative or diverging
2026-05-16 11:59:02	WARN	SDAlgorithmMSClean::takeOneStep (file /Users/casaci/bamboohome/xml-data/build-dir/CASASPECS-RELEASE675BUILDCASALITH-BPO15ARMPY313/casa6/casatools/src/code/synthesis/ImagerObjects/SDAlgorithmMSClean.cc, line 185)	MSClean minor cycle stopped at large scale negative or diverging
2026-05-16 11:59:11	WARN	SDAlgorithmMSClean::takeOneStep (file /Users/casaci/bamboohome/xml-data/build-dir/CASASPECS-RELEASE675BUILDCASALITH-BPO15ARMPY313/casa6/casatools/src/code/synthesis/ImagerObjects/SDAlgorithmMSClean.cc, line 185)	MSClean minor cycle stopped at large scale negative or diverging
2026-05-16 11:59:27	WARN	SDAlgorithmMSClean::takeOneStep (file /Users/casaci/bamboohome/xml-data/build-dir/CASASPECS-RELEASE675BUILDCASALITH-BPO15ARMPY313/casa6/casatools/src/code/synthesis/ImagerObjects/SDAlgorithmMSClean.cc, line 185)	MSClean minor cycle stopped at large scale negative or diverging
2026-05-16 11:59:41	WARN	ImageRegridder::_doImagesOverlap	At least one of the images exceeds one degree on at one side, not checking for direction plane overlap.
1 of 52 solutions flagged due to SNR < 1 in spw=0 at 2021/07/26/00:06:38.6
2026-05-16 12:00:00	WARN	ImageRegridder::_doImagesOverlap	At least one of the images exceeds one degree on at one side, not checking for direction plane overlap.
2026-05-16 12:00:38	WARN	ImageRegridder::_doImagesOverlap	At least one of the images exceeds one degree on at one side, not checking for direction plane overlap.
2026-05-16 12:00:51	WARN	SDAlgorithmMSClean::takeOneStep (file /Users/casaci/bamboohome/xml-data/build-dir/CASASPECS-RELEASE675BUILDCASALITH-BPO15ARMPY313/casa6/casatools/src/code/synthesis/ImagerObjects/SDAlgorithmMSClean.cc, line 185)	MSClean minor cycle stopped at large scale negative or diverging
2026-05-16 12:01:15	WARN	SDAlgorithmMSClean::takeOneStep (file /Users/casaci/bamboohome/xml-data/build-dir/CASASPECS-RELEASE675BUILDCASALITH-BPO15ARMPY313/casa6/casatools/src/code/synthesis/ImagerObjects/SDAlgorithmMSClean.cc, line 185)	MSClean minor cycle stopped at large scale negative or diverging
2026-05-16 12:01:51	WARN	SDAlgorithmMSClean::takeOneStep (file /Users/casaci/bamboohome/xml-data/build-dir/CASASPECS-RELEASE675BUILDCASALITH-BPO15ARMPY313/casa6/casatools/src/code/synthesis/ImagerObjects/SDAlgorithmMSClean.cc, line 185)	MSClean minor cycle stopped at large scale negative or diverging
2026-05-16 12:02:06	WARN	SDAlgorithmMSClean::takeOneStep (file /Users/casaci/bamboohome/xml-data/build-dir/CASASPECS-RELEASE675BUILDCASALITH-BPO15ARMPY313/casa6/casatools/src/code/synthesis/ImagerObjects/SDAlgorithmMSClean.cc, line 185)	MSClean minor cycle stopped at large scale negative or diverging
1 of 52 solutions flagged due to SNR < 1 in spw=0 at 2021/07/26/00:06:38.4
2026-05-16 12:02:17	WARN	ImageRegridder::_doImagesOverlap	At least one of the images exceeds one degree on at one side, not checking for direction plane overlap.
2026-05-16 12:02:30	WARN	SDAlgorithmMSClean::takeOneStep (file /Users/casaci/bamboohome/xml-data/build-dir/CASASPECS-RELEASE675BUILDCASALITH-BPO15ARMPY313/casa6/casatools/src/code/synthesis/ImagerObjects/SDAlgorithmMSClean.cc, line 185)	MSClean minor cycle stopped at large scale negative or diverging
2026-05-16 12:02:55	WARN	SDAlgorithmMSClean::takeOneStep (file /Users/casaci/bamboohome/xml-data/build-dir/CASASPECS-RELEASE675BUILDCASALITH-BPO15ARMPY313/casa6/casatools/src/code/synthesis/ImagerObjects/SDAlgorithmMSClean.cc, line 185)	MSClean minor cycle stopped at large scale negative or diverging
2026-05-16 12:03:08	WARN	SDAlgorithmMSClean::takeOneStep (file /Users/casaci/bamboohome/xml-data/build-dir/CASASPECS-RELEASE675BUILDCASALITH-BPO15ARMPY313/casa6/casatools/src/code/synthesis/ImagerObjects/SDAlgorithmMSClean.cc, line 185)	MSClean minor cycle stopped at large scale negative or diverging
2026-05-16 12:03:33	WARN	SDAlgorithmMSClean::takeOneStep (file /Users/casaci/bamboohome/xml-data/build-dir/CASASPECS-RELEASE675BUILDCASALITH-BPO15ARMPY313/casa6/casatools/src/code/synthesis/ImagerObjects/SDAlgorithmMSClean.cc, line 185)	MSClean minor cycle stopped at large scale negative or diverging
2026-05-16 12:03:46	WARN	SDAlgorithmMSClean::takeOneStep (file /Users/casaci/bamboohome/xml-data/build-dir/CASASPECS-RELEASE675BUILDCASALITH-BPO15ARMPY313/casa6/casatools/src/code/synthesis/ImagerObjects/SDAlgorithmMSClean.cc, line 185)	MSClean minor cycle stopped at large scale negative or diverging
2026-05-16 12:04:00	WARN	SDAlgorithmMSClean::takeOneStep (file /Users/casaci/bamboohome/xml-data/build-dir/CASASPECS-RELEASE675BUILDCASALITH-BPO15ARMPY313/casa6/casatools/src/code/synthesis/ImagerObjects/SDAlgorithmMSClean.cc, line 185)	MSClean minor cycle stopped at large scale negative or diverging
2026-05-16 12:04:14	WARN	SDAlgorithmMSClean::takeOneStep (file /Users/casaci/bamboohome/xml-data/build-dir/CASASPECS-RELEASE675BUILDCASALITH-BPO15ARMPY313/casa6/casatools/src/code/synthesis/ImagerObjects/SDAlgorithmMSClean.cc, line 185)	MSClean minor cycle stopped at large scale negative or diverging
2026-05-16 12:04:39	WARN	SDAlgorithmMSClean::takeOneStep (file /Users/casaci/bamboohome/xml-data/build-dir/CASASPECS-RELEASE675BUILDCASALITH-BPO15ARMPY313/casa6/casatools/src/code/synthesis/ImagerObjects/SDAlgorithmMSClean.cc, line 185)	MSClean minor cycle stopped at large scale negative or diverging
2026-05-16 12:04:48	WARN	ImageRegridder::_doImagesOverlap	At least one of the images exceeds one degree on at one side, not checking for direction plane overlap.
2026-05-16 12:05:17	WARN	SDAlgorithmMSClean::takeOneStep (file /Users/casaci/bamboohome/xml-data/build-dir/CASASPECS-RELEASE675BUILDCASALITH-BPO15ARMPY313/casa6/casatools/src/code/synthesis/ImagerObjects/SDAlgorithmMSClean.cc, line 185)	MSClean minor cycle stopped at large scale negative or diverging
2026-05-16 12:05:33	WARN	SDAlgorithmMSClean::takeOneStep (file /Users/casaci/bamboohome/xml-data/build-dir/CASASPECS-RELEASE675BUILDCASALITH-BPO15ARMPY313/casa6/casatools/src/code/synthesis/ImagerObjects/SDAlgorithmMSClean.cc, line 185)	MSClean minor cycle stopped at large scale negative or diverging
2026-05-16 12:06:05	WARN	SDAlgorithmMSClean::takeOneStep (file /Users/casaci/bamboohome/xml-data/build-dir/CASASPECS-RELEASE675BUILDCASALITH-BPO15ARMPY313/casa6/casatools/src/code/synthesis/ImagerObjects/SDAlgorithmMSClean.cc, line 185)	MSClean minor cycle stopped at large scale negative or diverging
2026-05-16 12:06:08	WARN	SDAlgorithmMSClean::takeOneStep (file /Users/casaci/bamboohome/xml-data/build-dir/CASASPECS-RELEASE675BUILDCASALITH-BPO15ARMPY313/casa6/casatools/src/code/synthesis/ImagerObjects/SDAlgorithmMSClean.cc, line 185)	MSClean minor cycle stopped at large scale negative or diverging
2026-05-16 12:06:24	WARN	SDAlgorithmMSClean::takeOneStep (file /Users/casaci/bamboohome/xml-data/build-dir/CASASPECS-RELEASE675BUILDCASALITH-BPO15ARMPY313/casa6/casatools/src/code/synthesis/ImagerObjects/SDAlgorithmMSClean.cc, line 185)	MSClean minor cycle stopped at large scale negative or diverging
2026-05-16 12:06:28	WARN	SDAlgorithmMSClean::takeOneStep (file /Users/casaci/bamboohome/xml-data/build-dir/CASASPECS-RELEASE675BUILDCASALITH-BPO15ARMPY313/casa6/casatools/src/code/synthesis/ImagerObjects/SDAlgorithmMSClean.cc, line 185)	MSClean minor cycle stopped at large scale negative or diverging
2026-05-16 12:06:58	WARN	SDAlgorithmMSClean::takeOneStep (file /Users/casaci/bamboohome/xml-data/build-dir/CASASPECS-RELEASE675BUILDCASALITH-BPO15ARMPY313/casa6/casatools/src/code/synthesis/ImagerObjects/SDAlgorithmMSClean.cc, line 185)	MSClean minor cycle stopped at large scale negative or diverging
2026-05-16 12:07:14	WARN	SDAlgorithmMSClean::takeOneStep (file /Users/casaci/bamboohome/xml-data/build-dir/CASASPECS-RELEASE675BUILDCASALITH-BPO15ARMPY313/casa6/casatools/src/code/synthesis/ImagerObjects/SDAlgorithmMSClean.cc, line 185)	MSClean minor cycle stopped at large scale negative or diverging
2026-05-16 12:07:31	WARN	SDAlgorithmMSClean::takeOneStep (file /Users/casaci/bamboohome/xml-data/build-dir/CASASPECS-RELEASE675BUILDCASALITH-BPO15ARMPY313/casa6/casatools/src/code/synthesis/ImagerObjects/SDAlgorithmMSClean.cc, line 185)	MSClean minor cycle stopped at large scale negative or diverging
2026-05-16 12:07:48	WARN	SDAlgorithmMSClean::takeOneStep (file /Users/casaci/bamboohome/xml-data/build-dir/CASASPECS-RELEASE675BUILDCASALITH-BPO15ARMPY313/casa6/casatools/src/code/synthesis/ImagerObjects/SDAlgorithmMSClean.cc, line 185)	MSClean minor cycle stopped at large scale negative or diverging
2026-05-16 12:07:53	WARN	SDAlgorithmMSClean::takeOneStep (file /Users/casaci/bamboohome/xml-data/build-dir/CASASPECS-RELEASE675BUILDCASALITH-BPO15ARMPY313/casa6/casatools/src/code/synthesis/ImagerObjects/SDAlgorithmMSClean.cc, line 185)	MSClean minor cycle stopped at large scale negative or diverging
2026-05-16 12:08:22	WARN	SDAlgorithmMSClean::takeOneStep (file /Users/casaci/bamboohome/xml-data/build-dir/CASASPECS-RELEASE675BUILDCASALITH-BPO15ARMPY313/casa6/casatools/src/code/synthesis/ImagerObjects/SDAlgorithmMSClean.cc, line 185)	MSClean minor cycle stopped at large scale negative or diverging
2026-05-16 12:08:52	WARN	SDAlgorithmMSClean::takeOneStep (file /Users/casaci/bamboohome/xml-data/build-dir/CASASPECS-RELEASE675BUILDCASALITH-BPO15ARMPY313/casa6/casatools/src/code/synthesis/ImagerObjects/SDAlgorithmMSClean.cc, line 185)	MSClean minor cycle stopped at large scale negative or diverging
2026-05-16 12:09:00	WARN	SDAlgorithmMSClean::takeOneStep (file /Users/casaci/bamboohome/xml-data/build-dir/CASASPECS-RELEASE675BUILDCASALITH-BPO15ARMPY313/casa6/casatools/src/code/synthesis/ImagerObjects/SDAlgorithmMSClean.cc, line 185)	MSClean minor cycle stopped at large scale negative or diverging
2026-05-16 12:09:16	WARN	SDAlgorithmMSClean::takeOneStep (file /Users/casaci/bamboohome/xml-data/build-dir/CASASPECS-RELEASE675BUILDCASALITH-BPO15ARMPY313/casa6/casatools/src/code/synthesis/ImagerObjects/SDAlgorithmMSClean.cc, line 185)	MSClean minor cycle stopped at large scale negative or diverging
2026-05-16 12:09:32	WARN	SDAlgorithmMSClean::takeOneStep (file /Users/casaci/bamboohome/xml-data/build-dir/CASASPECS-RELEASE675BUILDCASALITH-BPO15ARMPY313/casa6/casatools/src/code/synthesis/ImagerObjects/SDAlgorithmMSClean.cc, line 185)	MSClean minor cycle stopped at large scale negative or diverging
2026-05-16 12:09:48	WARN	SDAlgorithmMSClean::takeOneStep (file /Users/casaci/bamboohome/xml-data/build-dir/CASASPECS-RELEASE675BUILDCASALITH-BPO15ARMPY313/casa6/casatools/src/code/synthesis/ImagerObjects/SDAlgorithmMSClean.cc, line 185)	MSClean minor cycle stopped at large scale negative or diverging
1 of 52 solutions flagged due to SNR < 1 in spw=0 at 2021/07/26/00:06:38.2
2026-05-16 12:09:55	WARN	ImageRegridder::_doImagesOverlap	At least one of the images exceeds one degree on at one side, not checking for direction plane overlap.
2026-05-16 12:10:38	WARN	SDAlgorithmMSClean::takeOneStep (file /Users/casaci/bamboohome/xml-data/build-dir/CASASPECS-RELEASE675BUILDCASALITH-BPO15ARMPY313/casa6/casatools/src/code/synthesis/ImagerObjects/SDAlgorithmMSClean.cc, line 185)	MSClean minor cycle stopped at large scale negative or diverging
2026-05-16 12:10:54	WARN	SDAlgorithmMSClean::takeOneStep (file /Users/casaci/bamboohome/xml-data/build-dir/CASASPECS-RELEASE675BUILDCASALITH-BPO15ARMPY313/casa6/casatools/src/code/synthesis/ImagerObjects/SDAlgorithmMSClean.cc, line 185)	MSClean minor cycle stopped at large scale negative or diverging
2026-05-16 12:10:57	WARN	SDAlgorithmMSClean::takeOneStep (file /Users/casaci/bamboohome/xml-data/build-dir/CASASPECS-RELEASE675BUILDCASALITH-BPO15ARMPY313/casa6/casatools/src/code/synthesis/ImagerObjects/SDAlgorithmMSClean.cc, line 185)	MSClean minor cycle stopped at large scale negative or diverging
2026-05-16 12:11:14	WARN	SDAlgorithmMSClean::takeOneStep (file /Users/casaci/bamboohome/xml-data/build-dir/CASASPECS-RELEASE675BUILDCASALITH-BPO15ARMPY313/casa6/casatools/src/code/synthesis/ImagerObjects/SDAlgorithmMSClean.cc, line 185)	MSClean minor cycle stopped at large scale negative or diverging
2026-05-16 12:11:17	WARN	SDAlgorithmMSClean::takeOneStep (file /Users/casaci/bamboohome/xml-data/build-dir/CASASPECS-RELEASE675BUILDCASALITH-BPO15ARMPY313/casa6/casatools/src/code/synthesis/ImagerObjects/SDAlgorithmMSClean.cc, line 185)	MSClean minor cycle stopped at large scale negative or diverging
2026-05-16 12:11:34	WARN	SDAlgorithmMSClean::takeOneStep (file /Users/casaci/bamboohome/xml-data/build-dir/CASASPECS-RELEASE675BUILDCASALITH-BPO15ARMPY313/casa6/casatools/src/code/synthesis/ImagerObjects/SDAlgorithmMSClean.cc, line 185)	MSClean minor cycle stopped at large scale negative or diverging
2026-05-16 12:11:38	WARN	SDAlgorithmMSClean::takeOneStep (file /Users/casaci/bamboohome/xml-data/build-dir/CASASPECS-RELEASE675BUILDCASALITH-BPO15ARMPY313/casa6/casatools/src/code/synthesis/ImagerObjects/SDAlgorithmMSClean.cc, line 185)	MSClean minor cycle stopped at large scale negative or diverging
2026-05-16 12:11:56	WARN	SDAlgorithmMSClean::takeOneStep (file /Users/casaci/bamboohome/xml-data/build-dir/CASASPECS-RELEASE675BUILDCASALITH-BPO15ARMPY313/casa6/casatools/src/code/synthesis/ImagerObjects/SDAlgorithmMSClean.cc, line 185)	MSClean minor cycle stopped at large scale negative or diverging
2026-05-16 12:12:13	WARN	SDAlgorithmMSClean::takeOneStep (file /Users/casaci/bamboohome/xml-data/build-dir/CASASPECS-RELEASE675BUILDCASALITH-BPO15ARMPY313/casa6/casatools/src/code/synthesis/ImagerObjects/SDAlgorithmMSClean.cc, line 185)	MSClean minor cycle stopped at large scale negative or diverging
2026-05-16 12:12:29	WARN	SDAlgorithmMSClean::takeOneStep (file /Users/casaci/bamboohome/xml-data/build-dir/CASASPECS-RELEASE675BUILDCASALITH-BPO15ARMPY313/casa6/casatools/src/code/synthesis/ImagerObjects/SDAlgorithmMSClean.cc, line 185)	MSClean minor cycle stopped at large scale negative or diverging
2026-05-16 12:12:32	WARN	SDAlgorithmMSClean::takeOneStep (file /Users/casaci/bamboohome/xml-data/build-dir/CASASPECS-RELEASE675BUILDCASALITH-BPO15ARMPY313/casa6/casatools/src/code/synthesis/ImagerObjects/SDAlgorithmMSClean.cc, line 185)	MSClean minor cycle stopped at large scale negative or diverging
2026-05-16 12:12:48	WARN	SDAlgorithmMSClean::takeOneStep (file /Users/casaci/bamboohome/xml-data/build-dir/CASASPECS-RELEASE675BUILDCASALITH-BPO15ARMPY313/casa6/casatools/src/code/synthesis/ImagerObjects/SDAlgorithmMSClean.cc, line 185)	MSClean minor cycle stopped at large scale negative or diverging
2026-05-16 12:12:51	WARN	SDAlgorithmMSClean::takeOneStep (file /Users/casaci/bamboohome/xml-data/build-dir/CASASPECS-RELEASE675BUILDCASALITH-BPO15ARMPY313/casa6/casatools/src/code/synthesis/ImagerObjects/SDAlgorithmMSClean.cc, line 185)	MSClean minor cycle stopped at large scale negative or diverging
2026-05-16 12:13:08	WARN	SDAlgorithmMSClean::takeOneStep (file /Users/casaci/bamboohome/xml-data/build-dir/CASASPECS-RELEASE675BUILDCASALITH-BPO15ARMPY313/casa6/casatools/src/code/synthesis/ImagerObjects/SDAlgorithmMSClean.cc, line 185)	MSClean minor cycle stopped at large scale negative or diverging
2026-05-16 12:13:11	WARN	SDAlgorithmMSClean::takeOneStep (file /Users/casaci/bamboohome/xml-data/build-dir/CASASPECS-RELEASE675BUILDCASALITH-BPO15ARMPY313/casa6/casatools/src/code/synthesis/ImagerObjects/SDAlgorithmMSClean.cc, line 185)	MSClean minor cycle stopped at large scale negative or diverging
2026-05-16 12:13:27	WARN	SDAlgorithmMSClean::takeOneStep (file /Users/casaci/bamboohome/xml-data/build-dir/CASASPECS-RELEASE675BUILDCASALITH-BPO15ARMPY313/casa6/casatools/src/code/synthesis/ImagerObjects/SDAlgorithmMSClean.cc, line 185)	MSClean minor cycle stopped at large scale negative or diverging
2026-05-16 12:13:43	WARN	SDAlgorithmMSClean::takeOneStep (file /Users/casaci/bamboohome/xml-data/build-dir/CASASPECS-RELEASE675BUILDCASALITH-BPO15ARMPY313/casa6/casatools/src/code/synthesis/ImagerObjects/SDAlgorithmMSClean.cc, line 185)	MSClean minor cycle stopped at large scale negative or diverging
2026-05-16 12:13:59	WARN	SDAlgorithmMSClean::takeOneStep (file /Users/casaci/bamboohome/xml-data/build-dir/CASASPECS-RELEASE675BUILDCASALITH-BPO15ARMPY313/casa6/casatools/src/code/synthesis/ImagerObjects/SDAlgorithmMSClean.cc, line 185)	MSClean minor cycle stopped at large scale negative or diverging
2026-05-16 12:14:18	WARN	SDAlgorithmMSClean::takeOneStep (file /Users/casaci/bamboohome/xml-data/build-dir/CASASPECS-RELEASE675BUILDCASALITH-BPO15ARMPY313/casa6/casatools/src/code/synthesis/ImagerObjects/SDAlgorithmMSClean.cc, line 185)	MSClean minor cycle stopped at large scale negative or diverging
2026-05-16 12:14:37	WARN	SDAlgorithmMSClean::takeOneStep (file /Users/casaci/bamboohome/xml-data/build-dir/CASASPECS-RELEASE675BUILDCASALITH-BPO15ARMPY313/casa6/casatools/src/code/synthesis/ImagerObjects/SDAlgorithmMSClean.cc, line 185)	MSClean minor cycle stopped at large scale negative or diverging
2026-05-16 12:14:40	WARN	SDAlgorithmMSClean::takeOneStep (file /Users/casaci/bamboohome/xml-data/build-dir/CASASPECS-RELEASE675BUILDCASALITH-BPO15ARMPY313/casa6/casatools/src/code/synthesis/ImagerObjects/SDAlgorithmMSClean.cc, line 185)	MSClean minor cycle stopped at large scale negative or diverging
2026-05-16 12:14:56	WARN	SDAlgorithmMSClean::takeOneStep (file /Users/casaci/bamboohome/xml-data/build-dir/CASASPECS-RELEASE675BUILDCASALITH-BPO15ARMPY313/casa6/casatools/src/code/synthesis/ImagerObjects/SDAlgorithmMSClean.cc, line 185)	MSClean minor cycle stopped at large scale negative or diverging
2026-05-16 12:15:01	WARN	SDAlgorithmMSClean::takeOneStep (file /Users/casaci/bamboohome/xml-data/build-dir/CASASPECS-RELEASE675BUILDCASALITH-BPO15ARMPY313/casa6/casatools/src/code/synthesis/ImagerObjects/SDAlgorithmMSClean.cc, line 185)	MSClean minor cycle stopped at large scale negative or diverging
2026-05-16 12:15:13	WARN	ImageRegridder::_doImagesOverlap	At least one of the images exceeds one degree on at one side, not checking for direction plane overlap.

[selfcal-dev]     solmode='L1'  refant='1'  refantmode='flex'
[selfcal-dev]   Cycle 2/5: applycal
[selfcal-dev]   Cycle 2/5: exported /Users/raj030/DATA/gmrt_40_014/work/casa_selfcal/moon0520_stk10_phasecenter/moon0520_stk0040_n10/moon0520_stk0040_n10_sc2.fits
[selfcal-dev]   Cycle 3/5: tclean niter=400  img_uvrange=''  cal_uvrange=''  scales=[0, 5, 15, 45]
[selfcal-dev]   Cycle 3/5: gaincal → /Users/raj030/DATA/gmrt_40_014/work/casa_selfcal/moon0520_stk10_phasecenter/moon0520_stk0040_n10/moon0520_stk0040_n10_sc3.gcal
[selfcal-dev]     solmode='L1'  refant='1'  refantmode='flex'
[selfcal-dev]   Cycle 3/5: applycal
[selfcal-dev]   Cycle 3/5: exported /Users/raj030/DATA/gmrt_40_014/work/casa_selfcal/moon0520_stk10_phasecenter/moon0520_stk0040_n10/moon0520_stk0040_n10_sc3.fits
[selfcal-dev]   Cycle 4/5: tclean niter=600  img_uvrange=''  cal_uvrange=''  scales=[0, 5, 15, 45]
[selfcal-dev]   Cycle 4/5: gaincal → /Users/raj030/DATA/gmrt_40_014/work/casa_selfcal/moon0520_stk10_phasecenter/moon0520_stk0040_n10/moon0520_stk0040_n10_sc4.gcal
[selfcal-dev]     solmode='L1'  refant='1'  refantmode='flex'
[selfcal-dev]   Cycle 4/5: applycal
[selfcal-dev]   Cycle 4/5: exported /Users/raj030/DATA/gmrt_40_014/work/casa_selfcal/moon0520_stk10_phasecenter/moon0520_stk0040_n10/moon0520_stk0040_n10_sc4.fits
[selfcal-dev]   Cycle 5/5: tclean niter=1000  img_uvrange=''  cal_uvrange=''  scales=[0, 5, 15, 45, 90]
[selfcal-dev]   Cycle 5/5: gaincal → /Users/raj030/DATA/gmrt_40_014/work/casa_selfcal/moon0520_stk10_phasecenter/moon0520_stk0040_n10/moon0520_stk0040_n10_sc5.gcal
[selfcal-dev]     solmode='L1'  refant='1'  refantmode='flex'
[selfcal-dev]   Cycle 5/5: applycal
[selfcal-dev]   Cycle 5/5: exported /Users/raj030/DATA/gmrt_40_014/work/casa_selfcal/moon0520_stk10_phasecenter/moon0520_stk0040_n10/moon0520_stk0040_n10_sc5.fits
[selfcal-dev]   Final image: tclean niter=1000  uvrange=''  scales=[0, 5, 15, 45, 90]
[selfcal-dev]   Exported: /Users/raj030/DATA/gmrt_40_014/work/casa_selfcal/moon0520_stk10_phasecenter/moon0520_stk0040_n10/moon0520_stk0040_n10_final.fits

[selfcal-dev] === Stack start_idx=50  n=10  JD=2459421.501385..2459421.502224  timerange=2021/07/26/00:01:55~2021/07/26/00:03:16 ===
[selfcal-dev]   Moon at RA=331.0115°  Dec=-17.4369°  offset=5.94arcmin from field centre  (image half-width=38.4arcmin)
[selfcal-dev]   mask-center (ephem): RA=331.011469 deg  Dec=-17.436886 deg
[selfcal-dev]   mask-radius: 20.00 arcmin
[selfcal-dev]   mask-string: circle[[22:04:02.752, -17.26.12.79], 20.0arcmin]
[selfcal-dev]   tclean phasecenter: ENABLED (J2000 22h04m02.752s -17d26m12.79s)
[selfcal-dev]   Cycle 1/5: tclean niter=100  img_uvrange=''  cal_uvrange=''  scales=[0, 5, 15]
[selfcal-dev]   Cycle 1/5: gaincal → /Users/raj030/DATA/gmrt_40_014/work/casa_selfcal/moon0520_stk10_phasecenter/moon0520_stk0050_n10/moon0520_stk0050_n10_sc1.gcal
[selfcal-dev]     solmode='L1'  refant='1'  refantmode='flex'
[selfcal-dev]   Cycle 1/5: applycal
[selfcal-dev]   Cycle 1/5: exported /Users/raj030/DATA/gmrt_40_014/work/casa_selfcal/moon0520_stk10_phasecenter/moon0520_stk0050_n10/moon0520_stk0050_n10_sc1.fits
[selfcal-dev]   Cycle 2/5: tclean niter=200  img_uvrange=''  cal_uvrange=''  scales=[0, 5, 15]
[selfcal-dev]   Cycle 2/5: gaincal → /Users/raj030/DATA/gmrt_40_014/work/casa_selfcal/moon0520_stk10_phasecenter/moon0520_stk0050_n10/moon0520_stk0050_n10_sc2.gcal
[selfcal-dev]     solmode='L1'  refant='1'  refantmode='flex'
[selfcal-dev]   Cycle 2/5: applycal
[selfcal-dev]   Cycle 2/5: exported /Users/raj030/DATA/gmrt_40_014/work/casa_selfcal/moon0520_stk10_phasecenter/moon0520_stk0050_n10/moon0520_stk0050_n10_sc2.fits
[selfcal-dev]   Cycle 3/5: tclean niter=400  img_uvrange=''  cal_uvrange=''  scales=[0, 5, 15, 45]
[selfcal-dev]   Cycle 3/5: gaincal → /Users/raj030/DATA/gmrt_40_014/work/casa_selfcal/moon0520_stk10_phasecenter/moon0520_stk0050_n10/moon0520_stk0050_n10_sc3.gcal
[selfcal-dev]     solmode='L1'  refant='1'  refantmode='flex'
[selfcal-dev]   Cycle 3/5: applycal
[selfcal-dev]   Cycle 3/5: exported /Users/raj030/DATA/gmrt_40_014/work/casa_selfcal/moon0520_stk10_phasecenter/moon0520_stk0050_n10/moon0520_stk0050_n10_sc3.fits
[selfcal-dev]   Cycle 4/5: tclean niter=600  img_uvrange=''  cal_uvrange=''  scales=[0, 5, 15, 45]
[selfcal-dev]   Cycle 4/5: gaincal → /Users/raj030/DATA/gmrt_40_014/work/casa_selfcal/moon0520_stk10_phasecenter/moon0520_stk0050_n10/moon0520_stk0050_n10_sc4.gcal
[selfcal-dev]     solmode='L1'  refant='1'  refantmode='flex'
[selfcal-dev]   Cycle 4/5: applycal
[selfcal-dev]   Cycle 4/5: exported /Users/raj030/DATA/gmrt_40_014/work/casa_selfcal/moon0520_stk10_phasecenter/moon0520_stk0050_n10/moon0520_stk0050_n10_sc4.fits
[selfcal-dev]   Cycle 5/5: tclean niter=1000  img_uvrange=''  cal_uvrange=''  scales=[0, 5, 15, 45, 90]
[selfcal-dev]   Cycle 5/5: gaincal → /Users/raj030/DATA/gmrt_40_014/work/casa_selfcal/moon0520_stk10_phasecenter/moon0520_stk0050_n10/moon0520_stk0050_n10_sc5.gcal
[selfcal-dev]     solmode='L1'  refant='1'  refantmode='flex'
[selfcal-dev]   Cycle 5/5: applycal
[selfcal-dev]   Cycle 5/5: exported /Users/raj030/DATA/gmrt_40_014/work/casa_selfcal/moon0520_stk10_phasecenter/moon0520_stk0050_n10/moon0520_stk0050_n10_sc5.fits
[selfcal-dev]   Final image: tclean niter=1000  uvrange=''  scales=[0, 5, 15, 45, 90]
[selfcal-dev]   Exported: /Users/raj030/DATA/gmrt_40_014/work/casa_selfcal/moon0520_stk10_phasecenter/moon0520_stk0050_n10/moon0520_stk0050_n10_final.fits

[selfcal-dev] === Stack start_idx=60  n=10  JD=2459421.502317..2459421.503156  timerange=2021/07/26/00:03:16~2021/07/26/00:04:36 ===
[selfcal-dev]   Moon at RA=331.0204°  Dec=-17.4314°  offset=6.55arcmin from field centre  (image half-width=38.4arcmin)
[selfcal-dev]   mask-center (ephem): RA=331.020351 deg  Dec=-17.431420 deg
[selfcal-dev]   mask-radius: 20.00 arcmin
[selfcal-dev]   mask-string: circle[[22:04:04.884, -17.25.53.11], 20.0arcmin]
[selfcal-dev]   tclean phasecenter: ENABLED (J2000 22h04m04.884s -17d25m53.11s)
[selfcal-dev]   Cycle 1/5: tclean niter=100  img_uvrange=''  cal_uvrange=''  scales=[0, 5, 15]
[selfcal-dev]   Cycle 1/5: gaincal → /Users/raj030/DATA/gmrt_40_014/work/casa_selfcal/moon0520_stk10_phasecenter/moon0520_stk0060_n10/moon0520_stk0060_n10_sc1.gcal
[selfcal-dev]     solmode='L1'  refant='1'  refantmode='flex'
[selfcal-dev]   Cycle 1/5: applycal
[selfcal-dev]   Cycle 1/5: exported /Users/raj030/DATA/gmrt_40_014/work/casa_selfcal/moon0520_stk10_phasecenter/moon0520_stk0060_n10/moon0520_stk0060_n10_sc1.fits
[selfcal-dev]   Cycle 2/5: tclean niter=200  img_uvrange=''  cal_uvrange=''  scales=[0, 5, 15]
[selfcal-dev]   Cycle 2/5: gaincal → /Users/raj030/DATA/gmrt_40_014/work/casa_selfcal/moon0520_stk10_phasecenter/moon0520_stk0060_n10/moon0520_stk0060_n10_sc2.gcal
[selfcal-dev]     solmode='L1'  refant='1'  refantmode='flex'
[selfcal-dev]   Cycle 2/5: applycal
[selfcal-dev]   Cycle 2/5: exported /Users/raj030/DATA/gmrt_40_014/work/casa_selfcal/moon0520_stk10_phasecenter/moon0520_stk0060_n10/moon0520_stk0060_n10_sc2.fits
[selfcal-dev]   Cycle 3/5: tclean niter=400  img_uvrange=''  cal_uvrange=''  scales=[0, 5, 15, 45]
[selfcal-dev]   Cycle 3/5: gaincal → /Users/raj030/DATA/gmrt_40_014/work/casa_selfcal/moon0520_stk10_phasecenter/moon0520_stk0060_n10/moon0520_stk0060_n10_sc3.gcal
[selfcal-dev]     solmode='L1'  refant='1'  refantmode='flex'
[selfcal-dev]   Cycle 3/5: applycal
[selfcal-dev]   Cycle 3/5: exported /Users/raj030/DATA/gmrt_40_014/work/casa_selfcal/moon0520_stk10_phasecenter/moon0520_stk0060_n10/moon0520_stk0060_n10_sc3.fits
[selfcal-dev]   Cycle 4/5: tclean niter=600  img_uvrange=''  cal_uvrange=''  scales=[0, 5, 15, 45]
[selfcal-dev]   Cycle 4/5: gaincal → /Users/raj030/DATA/gmrt_40_014/work/casa_selfcal/moon0520_stk10_phasecenter/moon0520_stk0060_n10/moon0520_stk0060_n10_sc4.gcal
[selfcal-dev]     solmode='L1'  refant='1'  refantmode='flex'
[selfcal-dev]   Cycle 4/5: applycal
[selfcal-dev]   Cycle 4/5: exported /Users/raj030/DATA/gmrt_40_014/work/casa_selfcal/moon0520_stk10_phasecenter/moon0520_stk0060_n10/moon0520_stk0060_n10_sc4.fits
[selfcal-dev]   Cycle 5/5: tclean niter=1000  img_uvrange=''  cal_uvrange=''  scales=[0, 5, 15, 45, 90]1 of 52 solutions flagged due to SNR < 1 in spw=0 at 2021/07/26/00:07:59.7
2026-05-16 12:15:33	WARN	ImageRegridder::_doImagesOverlap	At least one of the images exceeds one degree on at one side, not checking for direction plane overlap.
1 of 52 solutions flagged due to SNR < 1 in spw=0 at 2021/07/26/00:07:59.1
2026-05-16 12:16:10	WARN	ImageRegridder::_doImagesOverlap	At least one of the images exceeds one degree on at one side, not checking for direction plane overlap.
2026-05-16 12:16:12	WARN	SDAlgorithmMSClean::takeOneStep (file /Users/casaci/bamboohome/xml-data/build-dir/CASASPECS-RELEASE675BUILDCASALITH-BPO15ARMPY313/casa6/casatools/src/code/synthesis/ImagerObjects/SDAlgorithmMSClean.cc, line 185)	MSClean minor cycle stopped at large scale negative or diverging
2026-05-16 12:16:36	WARN	SDAlgorithmMSClean::takeOneStep (file /Users/casaci/bamboohome/xml-data/build-dir/CASASPECS-RELEASE675BUILDCASALITH-BPO15ARMPY313/casa6/casatools/src/code/synthesis/ImagerObjects/SDAlgorithmMSClean.cc, line 185)	MSClean minor cycle stopped at large scale negative or diverging
2026-05-16 12:16:51	WARN	SDAlgorithmMSClean::takeOneStep (file /Users/casaci/bamboohome/xml-data/build-dir/CASASPECS-RELEASE675BUILDCASALITH-BPO15ARMPY313/casa6/casatools/src/code/synthesis/ImagerObjects/SDAlgorithmMSClean.cc, line 185)	MSClean minor cycle stopped at large scale negative or diverging
2026-05-16 12:17:04	WARN	SDAlgorithmMSClean::takeOneStep (file /Users/casaci/bamboohome/xml-data/build-dir/CASASPECS-RELEASE675BUILDCASALITH-BPO15ARMPY313/casa6/casatools/src/code/synthesis/ImagerObjects/SDAlgorithmMSClean.cc, line 185)	MSClean minor cycle stopped at large scale negative or diverging
2026-05-16 12:17:31	WARN	SDAlgorithmMSClean::takeOneStep (file /Users/casaci/bamboohome/xml-data/build-dir/CASASPECS-RELEASE675BUILDCASALITH-BPO15ARMPY313/casa6/casatools/src/code/synthesis/ImagerObjects/SDAlgorithmMSClean.cc, line 185)	MSClean minor cycle stopped at large scale negative or diverging
2026-05-16 12:17:52	WARN	ImageRegridder::_doImagesOverlap	At least one of the images exceeds one degree on at one side, not checking for direction plane overlap.
2026-05-16 12:18:05	WARN	SDAlgorithmMSClean::takeOneStep (file /Users/casaci/bamboohome/xml-data/build-dir/CASASPECS-RELEASE675BUILDCASALITH-BPO15ARMPY313/casa6/casatools/src/code/synthesis/ImagerObjects/SDAlgorithmMSClean.cc, line 185)	MSClean minor cycle stopped at large scale negative or diverging
2026-05-16 12:18:18	WARN	SDAlgorithmMSClean::takeOneStep (file /Users/casaci/bamboohome/xml-data/build-dir/CASASPECS-RELEASE675BUILDCASALITH-BPO15ARMPY313/casa6/casatools/src/code/synthesis/ImagerObjects/SDAlgorithmMSClean.cc, line 185)	MSClean minor cycle stopped at large scale negative or diverging
2026-05-16 12:18:45	WARN	SDAlgorithmMSClean::takeOneStep (file /Users/casaci/bamboohome/xml-data/build-dir/CASASPECS-RELEASE675BUILDCASALITH-BPO15ARMPY313/casa6/casatools/src/code/synthesis/ImagerObjects/SDAlgorithmMSClean.cc, line 185)	MSClean minor cycle stopped at large scale negative or diverging
2026-05-16 12:19:55	WARN	SDAlgorithmMSClean::takeOneStep (file /Users/casaci/bamboohome/xml-data/build-dir/CASASPECS-RELEASE675BUILDCASALITH-BPO15ARMPY313/casa6/casatools/src/code/synthesis/ImagerObjects/SDAlgorithmMSClean.cc, line 185)	MSClean minor cycle stopped at large scale negative or diverging
2026-05-16 12:20:09	WARN	SDAlgorithmMSClean::takeOneStep (file /Users/casaci/bamboohome/xml-data/build-dir/CASASPECS-RELEASE675BUILDCASALITH-BPO15ARMPY313/casa6/casatools/src/code/synthesis/ImagerObjects/SDAlgorithmMSClean.cc, line 185)	MSClean minor cycle stopped at large scale negative or diverging
1 of 52 solutions flagged due to SNR < 1 in spw=0 at 2021/07/26/00:07:59.1
2026-05-16 12:20:19	WARN	ImageRegridder::_doImagesOverlap	At least one of the images exceeds one degree on at one side, not checking for direction plane overlap.
2026-05-16 12:21:03	WARN	SDAlgorithmMSClean::takeOneStep (file /Users/casaci/bamboohome/xml-data/build-dir/CASASPECS-RELEASE675BUILDCASALITH-BPO15ARMPY313/casa6/casatools/src/code/synthesis/ImagerObjects/SDAlgorithmMSClean.cc, line 185)	MSClean minor cycle stopped at large scale negative or diverging
2026-05-16 12:21:07	WARN	SDAlgorithmMSClean::takeOneStep (file /Users/casaci/bamboohome/xml-data/build-dir/CASASPECS-RELEASE675BUILDCASALITH-BPO15ARMPY313/casa6/casatools/src/code/synthesis/ImagerObjects/SDAlgorithmMSClean.cc, line 185)	MSClean minor cycle stopped at large scale negative or diverging
2026-05-16 12:21:24	WARN	SDAlgorithmMSClean::takeOneStep (file /Users/casaci/bamboohome/xml-data/build-dir/CASASPECS-RELEASE675BUILDCASALITH-BPO15ARMPY313/casa6/casatools/src/code/synthesis/ImagerObjects/SDAlgorithmMSClean.cc, line 185)	MSClean minor cycle stopped at large scale negative or diverging
2026-05-16 12:21:43	WARN	SDAlgorithmMSClean::takeOneStep (file /Users/casaci/bamboohome/xml-data/build-dir/CASASPECS-RELEASE675BUILDCASALITH-BPO15ARMPY313/casa6/casatools/src/code/synthesis/ImagerObjects/SDAlgorithmMSClean.cc, line 185)	MSClean minor cycle stopped at large scale negative or diverging
2026-05-16 12:22:27	WARN	SDAlgorithmMSClean::takeOneStep (file /Users/casaci/bamboohome/xml-data/build-dir/CASASPECS-RELEASE675BUILDCASALITH-BPO15ARMPY313/casa6/casatools/src/code/synthesis/ImagerObjects/SDAlgorithmMSClean.cc, line 185)	MSClean minor cycle stopped at large scale negative or diverging
2026-05-16 12:22:30	WARN	SDAlgorithmMSClean::takeOneStep (file /Users/casaci/bamboohome/xml-data/build-dir/CASASPECS-RELEASE675BUILDCASALITH-BPO15ARMPY313/casa6/casatools/src/code/synthesis/ImagerObjects/SDAlgorithmMSClean.cc, line 185)	MSClean minor cycle stopped at large scale negative or diverging
2026-05-16 12:22:49	WARN	SDAlgorithmMSClean::takeOneStep (file /Users/casaci/bamboohome/xml-data/build-dir/CASASPECS-RELEASE675BUILDCASALITH-BPO15ARMPY313/casa6/casatools/src/code/synthesis/ImagerObjects/SDAlgorithmMSClean.cc, line 185)	MSClean minor cycle stopped at large scale negative or diverging
2026-05-16 12:23:06	WARN	SDAlgorithmMSClean::takeOneStep (file /Users/casaci/bamboohome/xml-data/build-dir/CASASPECS-RELEASE675BUILDCASALITH-BPO15ARMPY313/casa6/casatools/src/code/synthesis/ImagerObjects/SDAlgorithmMSClean.cc, line 185)	MSClean minor cycle stopped at large scale negative or diverging
2026-05-16 12:23:10	WARN	SDAlgorithmMSClean::takeOneStep (file /Users/casaci/bamboohome/xml-data/build-dir/CASASPECS-RELEASE675BUILDCASALITH-BPO15ARMPY313/casa6/casatools/src/code/synthesis/ImagerObjects/SDAlgorithmMSClean.cc, line 185)	MSClean minor cycle stopped at large scale negative or diverging
2026-05-16 12:23:27	WARN	SDAlgorithmMSClean::takeOneStep (file /Users/casaci/bamboohome/xml-data/build-dir/CASASPECS-RELEASE675BUILDCASALITH-BPO15ARMPY313/casa6/casatools/src/code/synthesis/ImagerObjects/SDAlgorithmMSClean.cc, line 185)	MSClean minor cycle stopped at large scale negative or diverging
2026-05-16 12:23:31	WARN	SDAlgorithmMSClean::takeOneStep (file /Users/casaci/bamboohome/xml-data/build-dir/CASASPECS-RELEASE675BUILDCASALITH-BPO15ARMPY313/casa6/casatools/src/code/synthesis/ImagerObjects/SDAlgorithmMSClean.cc, line 185)	MSClean minor cycle stopped at large scale negative or diverging
2026-05-16 12:23:50	WARN	SDAlgorithmMSClean::takeOneStep (file /Users/casaci/bamboohome/xml-data/build-dir/CASASPECS-RELEASE675BUILDCASALITH-BPO15ARMPY313/casa6/casatools/src/code/synthesis/ImagerObjects/SDAlgorithmMSClean.cc, line 185)	MSClean minor cycle stopped at large scale negative or diverging
2026-05-16 12:24:07	WARN	SDAlgorithmMSClean::takeOneStep (file /Users/casaci/bamboohome/xml-data/build-dir/CASASPECS-RELEASE675BUILDCASALITH-BPO15ARMPY313/casa6/casatools/src/code/synthesis/ImagerObjects/SDAlgorithmMSClean.cc, line 185)	MSClean minor cycle stopped at large scale negative or diverging
2026-05-16 12:25:18	WARN	SDAlgorithmMSClean::takeOneStep (file /Users/casaci/bamboohome/xml-data/build-dir/CASASPECS-RELEASE675BUILDCASALITH-BPO15ARMPY313/casa6/casatools/src/code/synthesis/ImagerObjects/SDAlgorithmMSClean.cc, line 185)	MSClean minor cycle stopped at large scale negative or diverging
2026-05-16 12:25:26	WARN	ImageRegridder::_doImagesOverlap	At least one of the images exceeds one degree on at one side, not checking for direction plane overlap.
2026-05-16 12:25:42	WARN	SDAlgorithmMSClean::takeOneStep (file /Users/casaci/bamboohome/xml-data/build-dir/CASASPECS-RELEASE675BUILDCASALITH-BPO15ARMPY313/casa6/casatools/src/code/synthesis/ImagerObjects/SDAlgorithmMSClean.cc, line 185)	MSClean minor cycle stopped at large scale negative or diverging
2026-05-16 12:26:13	WARN	SDAlgorithmMSClean::takeOneStep (file /Users/casaci/bamboohome/xml-data/build-dir/CASASPECS-RELEASE675BUILDCASALITH-BPO15ARMPY313/casa6/casatools/src/code/synthesis/ImagerObjects/SDAlgorithmMSClean.cc, line 185)	MSClean minor cycle stopped at large scale negative or diverging
2026-05-16 12:26:30	WARN	SDAlgorithmMSClean::takeOneStep (file /Users/casaci/bamboohome/xml-data/build-dir/CASASPECS-RELEASE675BUILDCASALITH-BPO15ARMPY313/casa6/casatools/src/code/synthesis/ImagerObjects/SDAlgorithmMSClean.cc, line 185)	MSClean minor cycle stopped at large scale negative or diverging
2026-05-16 12:26:33	WARN	SDAlgorithmMSClean::takeOneStep (file /Users/casaci/bamboohome/xml-data/build-dir/CASASPECS-RELEASE675BUILDCASALITH-BPO15ARMPY313/casa6/casatools/src/code/synthesis/ImagerObjects/SDAlgorithmMSClean.cc, line 185)	MSClean minor cycle stopped at large scale negative or diverging
2026-05-16 12:27:06	WARN	SDAlgorithmMSClean::takeOneStep (file /Users/casaci/bamboohome/xml-data/build-dir/CASASPECS-RELEASE675BUILDCASALITH-BPO15ARMPY313/casa6/casatools/src/code/synthesis/ImagerObjects/SDAlgorithmMSClean.cc, line 185)	MSClean minor cycle stopped at large scale negative or diverging
2026-05-16 12:27:23	WARN	SDAlgorithmMSClean::takeOneStep (file /Users/casaci/bamboohome/xml-data/build-dir/CASASPECS-RELEASE675BUILDCASALITH-BPO15ARMPY313/casa6/casatools/src/code/synthesis/ImagerObjects/SDAlgorithmMSClean.cc, line 185)	MSClean minor cycle stopped at large scale negative or diverging
2026-05-16 12:27:28	WARN	SDAlgorithmMSClean::takeOneStep (file /Users/casaci/bamboohome/xml-data/build-dir/CASASPECS-RELEASE675BUILDCASALITH-BPO15ARMPY313/casa6/casatools/src/code/synthesis/ImagerObjects/SDAlgorithmMSClean.cc, line 185)	MSClean minor cycle stopped at large scale negative or diverging
2026-05-16 12:27:45	WARN	SDAlgorithmMSClean::takeOneStep (file /Users/casaci/bamboohome/xml-data/build-dir/CASASPECS-RELEASE675BUILDCASALITH-BPO15ARMPY313/casa6/casatools/src/code/synthesis/ImagerObjects/SDAlgorithmMSClean.cc, line 185)	MSClean minor cycle stopped at large scale negative or diverging
2026-05-16 12:27:52	WARN	SDAlgorithmMSClean::takeOneStep (file /Users/casaci/bamboohome/xml-data/build-dir/CASASPECS-RELEASE675BUILDCASALITH-BPO15ARMPY313/casa6/casatools/src/code/synthesis/ImagerObjects/SDAlgorithmMSClean.cc, line 185)	MSClean minor cycle stopped at large scale negative or diverging
2026-05-16 12:28:09	WARN	SDAlgorithmMSClean::takeOneStep (file /Users/casaci/bamboohome/xml-data/build-dir/CASASPECS-RELEASE675BUILDCASALITH-BPO15ARMPY313/casa6/casatools/src/code/synthesis/ImagerObjects/SDAlgorithmMSClean.cc, line 185)	MSClean minor cycle stopped at large scale negative or diverging
2026-05-16 12:28:26	WARN	SDAlgorithmMSClean::takeOneStep (file /Users/casaci/bamboohome/xml-data/build-dir/CASASPECS-RELEASE675BUILDCASALITH-BPO15ARMPY313/casa6/casatools/src/code/synthesis/ImagerObjects/SDAlgorithmMSClean.cc, line 185)	MSClean minor cycle stopped at large scale negative or diverging
2026-05-16 12:28:32	WARN	SDAlgorithmMSClean::takeOneStep (file /Users/casaci/bamboohome/xml-data/build-dir/CASASPECS-RELEASE675BUILDCASALITH-BPO15ARMPY313/casa6/casatools/src/code/synthesis/ImagerObjects/SDAlgorithmMSClean.cc, line 185)	MSClean minor cycle stopped at large scale negative or diverging
2026-05-16 12:28:49	WARN	SDAlgorithmMSClean::takeOneStep (file /Users/casaci/bamboohome/xml-data/build-dir/CASASPECS-RELEASE675BUILDCASALITH-BPO15ARMPY313/casa6/casatools/src/code/synthesis/ImagerObjects/SDAlgorithmMSClean.cc, line 185)	MSClean minor cycle stopped at large scale negative or diverging
2026-05-16 12:29:06	WARN	SDAlgorithmMSClean::takeOneStep (file /Users/casaci/bamboohome/xml-data/build-dir/CASASPECS-RELEASE675BUILDCASALITH-BPO15ARMPY313/casa6/casatools/src/code/synthesis/ImagerObjects/SDAlgorithmMSClean.cc, line 185)	MSClean minor cycle stopped at large scale negative or diverging
2026-05-16 12:29:22	WARN	SDAlgorithmMSClean::takeOneStep (file /Users/casaci/bamboohome/xml-data/build-dir/CASASPECS-RELEASE675BUILDCASALITH-BPO15ARMPY313/casa6/casatools/src/code/synthesis/ImagerObjects/SDAlgorithmMSClean.cc, line 185)	MSClean minor cycle stopped at large scale negative or diverging
2026-05-16 12:29:26	WARN	SDAlgorithmMSClean::takeOneStep (file /Users/casaci/bamboohome/xml-data/build-dir/CASASPECS-RELEASE675BUILDCASALITH-BPO15ARMPY313/casa6/casatools/src/code/synthesis/ImagerObjects/SDAlgorithmMSClean.cc, line 185)	MSClean minor cycle stopped at large scale negative or diverging
2026-05-16 12:29:43	WARN	SDAlgorithmMSClean::takeOneStep (file /Users/casaci/bamboohome/xml-data/build-dir/CASASPECS-RELEASE675BUILDCASALITH-BPO15ARMPY313/casa6/casatools/src/code/synthesis/ImagerObjects/SDAlgorithmMSClean.cc, line 185)	MSClean minor cycle stopped at large scale negative or diverging
2026-05-16 12:29:59	WARN	SDAlgorithmMSClean::takeOneStep (file /Users/casaci/bamboohome/xml-data/build-dir/CASASPECS-RELEASE675BUILDCASALITH-BPO15ARMPY313/casa6/casatools/src/code/synthesis/ImagerObjects/SDAlgorithmMSClean.cc, line 185)	MSClean minor cycle stopped at large scale negative or diverging
2026-05-16 12:30:16	WARN	SDAlgorithmMSClean::takeOneStep (file /Users/casaci/bamboohome/xml-data/build-dir/CASASPECS-RELEASE675BUILDCASALITH-BPO15ARMPY313/casa6/casatools/src/code/synthesis/ImagerObjects/SDAlgorithmMSClean.cc, line 185)	MSClean minor cycle stopped at large scale negative or diverging
2026-05-16 12:30:20	WARN	SDAlgorithmMSClean::takeOneStep (file /Users/casaci/bamboohome/xml-data/build-dir/CASASPECS-RELEASE675BUILDCASALITH-BPO15ARMPY313/casa6/casatools/src/code/synthesis/ImagerObjects/SDAlgorithmMSClean.cc, line 185)	MSClean minor cycle stopped at large scale negative or diverging
2026-05-16 12:30:38	WARN	SDAlgorithmMSClean::takeOneStep (file /Users/casaci/bamboohome/xml-data/build-dir/CASASPECS-RELEASE675BUILDCASALITH-BPO15ARMPY313/casa6/casatools/src/code/synthesis/ImagerObjects/SDAlgorithmMSClean.cc, line 185)	MSClean minor cycle stopped at large scale negative or diverging
2026-05-16 12:30:47	WARN	ImageRegridder::_doImagesOverlap	At least one of the images exceeds one degree on at one side, not checking for direction plane overlap.
2026-05-16 12:31:07	WARN	ImageRegridder::_doImagesOverlap	At least one of the images exceeds one degree on at one side, not checking for direction plane overlap.
2 of 52 solutions flagged due to SNR < 1 in spw=0 at 2021/07/26/00:09:49.3
2026-05-16 12:31:44	WARN	ImageRegridder::_doImagesOverlap	At least one of the images exceeds one degree on at one side, not checking for direction plane overlap.
2 of 52 solutions flagged due to SNR < 1 in spw=0 at 2021/07/26/00:09:53.1
2026-05-16 12:33:17	WARN	ImageRegridder::_doImagesOverlap	At least one of the images exceeds one degree on at one side, not checking for direction plane overlap.
1 of 52 solutions flagged due to SNR < 1 in spw=0 at 2021/07/26/00:09:51.5
2026-05-16 12:35:33	WARN	ImageRegridder::_doImagesOverlap	At least one of the images exceeds one degree on at one side, not checking for direction plane overlap.
2026-05-16 12:36:57	WARN	SDAlgorithmMSClean::takeOneStep (file /Users/casaci/bamboohome/xml-data/build-dir/CASASPECS-RELEASE675BUILDCASALITH-BPO15ARMPY313/casa6/casatools/src/code/synthesis/ImagerObjects/SDAlgorithmMSClean.cc, line 185)	MSClean minor cycle stopped at large scale negative or diverging
2026-05-16 12:37:28	WARN	SDAlgorithmMSClean::takeOneStep (file /Users/casaci/bamboohome/xml-data/build-dir/CASASPECS-RELEASE675BUILDCASALITH-BPO15ARMPY313/casa6/casatools/src/code/synthesis/ImagerObjects/SDAlgorithmMSClean.cc, line 185)	MSClean minor cycle stopped at large scale negative or diverging
2026-05-16 12:38:00	WARN	SDAlgorithmMSClean::takeOneStep (file /Users/casaci/bamboohome/xml-data/build-dir/CASASPECS-RELEASE675BUILDCASALITH-BPO15ARMPY313/casa6/casatools/src/code/synthesis/ImagerObjects/SDAlgorithmMSClean.cc, line 185)	MSClean minor cycle stopped at large scale negative or diverging
2026-05-16 12:38:16	WARN	SDAlgorithmMSClean::takeOneStep (file /Users/casaci/bamboohome/xml-data/build-dir/CASASPECS-RELEASE675BUILDCASALITH-BPO15ARMPY313/casa6/casatools/src/code/synthesis/ImagerObjects/SDAlgorithmMSClean.cc, line 185)	MSClean minor cycle stopped at large scale negative or diverging
2026-05-16 12:38:32	WARN	SDAlgorithmMSClean::takeOneStep (file /Users/casaci/bamboohome/xml-data/build-dir/CASASPECS-RELEASE675BUILDCASALITH-BPO15ARMPY313/casa6/casatools/src/code/synthesis/ImagerObjects/SDAlgorithmMSClean.cc, line 185)	MSClean minor cycle stopped at large scale negative or diverging
2026-05-16 12:39:02	WARN	SDAlgorithmMSClean::takeOneStep (file /Users/casaci/bamboohome/xml-data/build-dir/CASASPECS-RELEASE675BUILDCASALITH-BPO15ARMPY313/casa6/casatools/src/code/synthesis/ImagerObjects/SDAlgorithmMSClean.cc, line 185)	MSClean minor cycle stopped at large scale negative or diverging
2026-05-16 12:39:19	WARN	SDAlgorithmMSClean::takeOneStep (file /Users/casaci/bamboohome/xml-data/build-dir/CASASPECS-RELEASE675BUILDCASALITH-BPO15ARMPY313/casa6/casatools/src/code/synthesis/ImagerObjects/SDAlgorithmMSClean.cc, line 185)	MSClean minor cycle stopped at large scale negative or diverging
2026-05-16 12:39:24	WARN	SDAlgorithmMSClean::takeOneStep (file /Users/casaci/bamboohome/xml-data/build-dir/CASASPECS-RELEASE675BUILDCASALITH-BPO15ARMPY313/casa6/casatools/src/code/synthesis/ImagerObjects/SDAlgorithmMSClean.cc, line 185)	MSClean minor cycle stopped at large scale negative or diverging
2026-05-16 12:40:07	WARN	SDAlgorithmMSClean::takeOneStep (file /Users/casaci/bamboohome/xml-data/build-dir/CASASPECS-RELEASE675BUILDCASALITH-BPO15ARMPY313/casa6/casatools/src/code/synthesis/ImagerObjects/SDAlgorithmMSClean.cc, line 185)	MSClean minor cycle stopped at large scale negative or diverging
2026-05-16 12:40:10	WARN	SDAlgorithmMSClean::takeOneStep (file /Users/casaci/bamboohome/xml-data/build-dir/CASASPECS-RELEASE675BUILDCASALITH-BPO15ARMPY313/casa6/casatools/src/code/synthesis/ImagerObjects/SDAlgorithmMSClean.cc, line 185)	MSClean minor cycle stopped at large scale negative or diverging
2026-05-16 12:40:27	WARN	SDAlgorithmMSClean::takeOneStep (file /Users/casaci/bamboohome/xml-data/build-dir/CASASPECS-RELEASE675BUILDCASALITH-BPO15ARMPY313/casa6/casatools/src/code/synthesis/ImagerObjects/SDAlgorithmMSClean.cc, line 185)	MSClean minor cycle stopped at large scale negative or diverging
2026-05-16 12:40:33	WARN	ImageRegridder::_doImagesOverlap	At least one of the images exceeds one degree on at one side, not checking for direction plane overlap.
2026-05-16 12:40:49	WARN	SDAlgorithmMSClean::takeOneStep (file /Users/casaci/bamboohome/xml-data/build-dir/CASASPECS-RELEASE675BUILDCASALITH-BPO15ARMPY313/casa6/casatools/src/code/synthesis/ImagerObjects/SDAlgorithmMSClean.cc, line 185)	MSClean minor cycle stopped at large scale negative or diverging
2026-05-16 12:41:45	WARN	SDAlgorithmMSClean::takeOneStep (file /Users/casaci/bamboohome/xml-data/build-dir/CASASPECS-RELEASE675BUILDCASALITH-BPO15ARMPY313/casa6/casatools/src/code/synthesis/ImagerObjects/SDAlgorithmMSClean.cc, line 185)	MSClean minor cycle stopped at large scale negative or diverging
2026-05-16 12:42:02	WARN	SDAlgorithmMSClean::takeOneStep (file /Users/casaci/bamboohome/xml-data/build-dir/CASASPECS-RELEASE675BUILDCASALITH-BPO15ARMPY313/casa6/casatools/src/code/synthesis/ImagerObjects/SDAlgorithmMSClean.cc, line 185)	MSClean minor cycle stopped at large scale negative or diverging
2026-05-16 12:42:32	WARN	SDAlgorithmMSClean::takeOneStep (file /Users/casaci/bamboohome/xml-data/build-dir/CASASPECS-RELEASE675BUILDCASALITH-BPO15ARMPY313/casa6/casatools/src/code/synthesis/ImagerObjects/SDAlgorithmMSClean.cc, line 185)	MSClean minor cycle stopped at large scale negative or diverging
2026-05-16 12:43:03	WARN	SDAlgorithmMSClean::takeOneStep (file /Users/casaci/bamboohome/xml-data/build-dir/CASASPECS-RELEASE675BUILDCASALITH-BPO15ARMPY313/casa6/casatools/src/code/synthesis/ImagerObjects/SDAlgorithmMSClean.cc, line 185)	MSClean minor cycle stopped at large scale negative or diverging
2026-05-16 12:43:20	WARN	SDAlgorithmMSClean::takeOneStep (file /Users/casaci/bamboohome/xml-data/build-dir/CASASPECS-RELEASE675BUILDCASALITH-BPO15ARMPY313/casa6/casatools/src/code/synthesis/ImagerObjects/SDAlgorithmMSClean.cc, line 185)	MSClean minor cycle stopped at large scale negative or diverging
2026-05-16 12:43:36	WARN	SDAlgorithmMSClean::takeOneStep (file /Users/casaci/bamboohome/xml-data/build-dir/CASASPECS-RELEASE675BUILDCASALITH-BPO15ARMPY313/casa6/casatools/src/code/synthesis/ImagerObjects/SDAlgorithmMSClean.cc, line 185)	MSClean minor cycle stopped at large scale negative or diverging
2026-05-16 12:43:53	WARN	SDAlgorithmMSClean::takeOneStep (file /Users/casaci/bamboohome/xml-data/build-dir/CASASPECS-RELEASE675BUILDCASALITH-BPO15ARMPY313/casa6/casatools/src/code/synthesis/ImagerObjects/SDAlgorithmMSClean.cc, line 185)	MSClean minor cycle stopped at large scale negative or diverging
2026-05-16 12:44:10	WARN	SDAlgorithmMSClean::takeOneStep (file /Users/casaci/bamboohome/xml-data/build-dir/CASASPECS-RELEASE675BUILDCASALITH-BPO15ARMPY313/casa6/casatools/src/code/synthesis/ImagerObjects/SDAlgorithmMSClean.cc, line 185)	MSClean minor cycle stopped at large scale negative or diverging
2026-05-16 12:44:27	WARN	SDAlgorithmMSClean::takeOneStep (file /Users/casaci/bamboohome/xml-data/build-dir/CASASPECS-RELEASE675BUILDCASALITH-BPO15ARMPY313/casa6/casatools/src/code/synthesis/ImagerObjects/SDAlgorithmMSClean.cc, line 185)	MSClean minor cycle stopped at large scale negative or diverging
2026-05-16 12:44:32	WARN	SDAlgorithmMSClean::takeOneStep (file /Users/casaci/bamboohome/xml-data/build-dir/CASASPECS-RELEASE675BUILDCASALITH-BPO15ARMPY313/casa6/casatools/src/code/synthesis/ImagerObjects/SDAlgorithmMSClean.cc, line 185)	MSClean minor cycle stopped at large scale negative or diverging
2026-05-16 12:44:51	WARN	SDAlgorithmMSClean::takeOneStep (file /Users/casaci/bamboohome/xml-data/build-dir/CASASPECS-RELEASE675BUILDCASALITH-BPO15ARMPY313/casa6/casatools/src/code/synthesis/ImagerObjects/SDAlgorithmMSClean.cc, line 185)	MSClean minor cycle stopped at large scale negative or diverging
2026-05-16 12:45:10	WARN	SDAlgorithmMSClean::takeOneStep (file /Users/casaci/bamboohome/xml-data/build-dir/CASASPECS-RELEASE675BUILDCASALITH-BPO15ARMPY313/casa6/casatools/src/code/synthesis/ImagerObjects/SDAlgorithmMSClean.cc, line 185)	MSClean minor cycle stopped at large scale negative or diverging
2026-05-16 12:45:27	WARN	SDAlgorithmMSClean::takeOneStep (file /Users/casaci/bamboohome/xml-data/build-dir/CASASPECS-RELEASE675BUILDCASALITH-BPO15ARMPY313/casa6/casatools/src/code/synthesis/ImagerObjects/SDAlgorithmMSClean.cc, line 185)	MSClean minor cycle stopped at large scale negative or diverging

[selfcal-dev]   Cycle 5/5: gaincal → /Users/raj030/DATA/gmrt_40_014/work/casa_selfcal/moon0520_stk10_phasecenter/moon0520_stk0060_n10/moon0520_stk0060_n10_sc5.gcal
[selfcal-dev]     solmode='L1'  refant='1'  refantmode='flex'
[selfcal-dev]   Cycle 5/5: applycal
[selfcal-dev]   Cycle 5/5: exported /Users/raj030/DATA/gmrt_40_014/work/casa_selfcal/moon0520_stk10_phasecenter/moon0520_stk0060_n10/moon0520_stk0060_n10_sc5.fits
[selfcal-dev]   Final image: tclean niter=1000  uvrange=''  scales=[0, 5, 15, 45, 90]
[selfcal-dev]   Exported: /Users/raj030/DATA/gmrt_40_014/work/casa_selfcal/moon0520_stk10_phasecenter/moon0520_stk0060_n10/moon0520_stk0060_n10_final.fits

[selfcal-dev] === Stack start_idx=70  n=10  JD=2459421.503249..2459421.504088  timerange=2021/07/26/00:04:36~2021/07/26/00:05:57 ===
[selfcal-dev]   Moon at RA=331.0293°  Dec=-17.4259°  offset=7.15arcmin from field centre  (image half-width=38.4arcmin)
[selfcal-dev]   mask-center (ephem): RA=331.029256 deg  Dec=-17.425948 deg
[selfcal-dev]   mask-radius: 20.00 arcmin
[selfcal-dev]   mask-string: circle[[22:04:07.021, -17.25.33.41], 20.0arcmin]
[selfcal-dev]   tclean phasecenter: ENABLED (J2000 22h04m07.021s -17d25m33.41s)
[selfcal-dev]   Cycle 1/5: tclean niter=100  img_uvrange=''  cal_uvrange=''  scales=[0, 5, 15]
[selfcal-dev]   Cycle 1/5: gaincal → /Users/raj030/DATA/gmrt_40_014/work/casa_selfcal/moon0520_stk10_phasecenter/moon0520_stk0070_n10/moon0520_stk0070_n10_sc1.gcal
[selfcal-dev]     solmode='L1'  refant='1'  refantmode='flex'
[selfcal-dev]   Cycle 1/5: applycal
[selfcal-dev]   Cycle 1/5: exported /Users/raj030/DATA/gmrt_40_014/work/casa_selfcal/moon0520_stk10_phasecenter/moon0520_stk0070_n10/moon0520_stk0070_n10_sc1.fits
[selfcal-dev]   Cycle 2/5: tclean niter=200  img_uvrange=''  cal_uvrange=''  scales=[0, 5, 15]
[selfcal-dev]   Cycle 2/5: gaincal → /Users/raj030/DATA/gmrt_40_014/work/casa_selfcal/moon0520_stk10_phasecenter/moon0520_stk0070_n10/moon0520_stk0070_n10_sc2.gcal
[selfcal-dev]     solmode='L1'  refant='1'  refantmode='flex'
[selfcal-dev]   Cycle 2/5: applycal
[selfcal-dev]   Cycle 2/5: exported /Users/raj030/DATA/gmrt_40_014/work/casa_selfcal/moon0520_stk10_phasecenter/moon0520_stk0070_n10/moon0520_stk0070_n10_sc2.fits
[selfcal-dev]   Cycle 3/5: tclean niter=400  img_uvrange=''  cal_uvrange=''  scales=[0, 5, 15, 45]
[selfcal-dev]   Cycle 3/5: gaincal → /Users/raj030/DATA/gmrt_40_014/work/casa_selfcal/moon0520_stk10_phasecenter/moon0520_stk0070_n10/moon0520_stk0070_n10_sc3.gcal
[selfcal-dev]     solmode='L1'  refant='1'  refantmode='flex'
[selfcal-dev]   Cycle 3/5: applycal
[selfcal-dev]   Cycle 3/5: exported /Users/raj030/DATA/gmrt_40_014/work/casa_selfcal/moon0520_stk10_phasecenter/moon0520_stk0070_n10/moon0520_stk0070_n10_sc3.fits
[selfcal-dev]   Cycle 4/5: tclean niter=600  img_uvrange=''  cal_uvrange=''  scales=[0, 5, 15, 45]
[selfcal-dev]   Cycle 4/5: gaincal → /Users/raj030/DATA/gmrt_40_014/work/casa_selfcal/moon0520_stk10_phasecenter/moon0520_stk0070_n10/moon0520_stk0070_n10_sc4.gcal
[selfcal-dev]     solmode='L1'  refant='1'  refantmode='flex'
[selfcal-dev]   Cycle 4/5: applycal
[selfcal-dev]   Cycle 4/5: exported /Users/raj030/DATA/gmrt_40_014/work/casa_selfcal/moon0520_stk10_phasecenter/moon0520_stk0070_n10/moon0520_stk0070_n10_sc4.fits
[selfcal-dev]   Cycle 5/5: tclean niter=1000  img_uvrange=''  cal_uvrange=''  scales=[0, 5, 15, 45, 90]
[selfcal-dev]   Cycle 5/5: gaincal → /Users/raj030/DATA/gmrt_40_014/work/casa_selfcal/moon0520_stk10_phasecenter/moon0520_stk0070_n10/moon0520_stk0070_n10_sc5.gcal
[selfcal-dev]     solmode='L1'  refant='1'  refantmode='flex'
[selfcal-dev]   Cycle 5/5: applycal
[selfcal-dev]   Cycle 5/5: exported /Users/raj030/DATA/gmrt_40_014/work/casa_selfcal/moon0520_stk10_phasecenter/moon0520_stk0070_n10/moon0520_stk0070_n10_sc5.fits
[selfcal-dev]   Final image: tclean niter=1000  uvrange=''  scales=[0, 5, 15, 45, 90]
[selfcal-dev]   Exported: /Users/raj030/DATA/gmrt_40_014/work/casa_selfcal/moon0520_stk10_phasecenter/moon0520_stk0070_n10/moon0520_stk0070_n10_final.fits

[selfcal-dev] === Stack start_idx=80  n=10  JD=2459421.504181..2459421.505020  timerange=2021/07/26/00:05:57~2021/07/26/00:07:17 ===
[selfcal-dev]   Moon at RA=331.0382°  Dec=-17.4205°  offset=7.76arcmin from field centre  (image half-width=38.4arcmin)
[selfcal-dev]   mask-center (ephem): RA=331.038184 deg  Dec=-17.420470 deg
[selfcal-dev]   mask-radius: 20.00 arcmin
[selfcal-dev]   mask-string: circle[[22:04:09.164, -17.25.13.69], 20.0arcmin]
[selfcal-dev]   tclean phasecenter: ENABLED (J2000 22h04m09.164s -17d25m13.69s)
[selfcal-dev]   Cycle 1/5: tclean niter=100  img_uvrange=''  cal_uvrange=''  scales=[0, 5, 15]
[selfcal-dev]   Cycle 1/5: gaincal → /Users/raj030/DATA/gmrt_40_014/work/casa_selfcal/moon0520_stk10_phasecenter/moon0520_stk0080_n10/moon0520_stk0080_n10_sc1.gcal
[selfcal-dev]     solmode='L1'  refant='1'  refantmode='flex'
[selfcal-dev]   Cycle 1/5: applycal
[selfcal-dev]   Cycle 1/5: exported /Users/raj030/DATA/gmrt_40_014/work/casa_selfcal/moon0520_stk10_phasecenter/moon0520_stk0080_n10/moon0520_stk0080_n10_sc1.fits
[selfcal-dev]   Cycle 2/5: tclean niter=200  img_uvrange=''  cal_uvrange=''  scales=[0, 5, 15]
[selfcal-dev]   Cycle 2/5: gaincal → /Users/raj030/DATA/gmrt_40_014/work/casa_selfcal/moon0520_stk10_phasecenter/moon0520_stk0080_n10/moon0520_stk0080_n10_sc2.gcal
[selfcal-dev]     solmode='L1'  refant='1'  refantmode='flex'
[selfcal-dev]   Cycle 2/5: applycal
[selfcal-dev]   Cycle 2/5: exported /Users/raj030/DATA/gmrt_40_014/work/casa_selfcal/moon0520_stk10_phasecenter/moon0520_stk0080_n10/moon0520_stk0080_n10_sc2.fits
[selfcal-dev]   Cycle 3/5: tclean niter=400  img_uvrange=''  cal_uvrange=''  scales=[0, 5, 15, 45]
[selfcal-dev]   Cycle 3/5: gaincal → /Users/raj030/DATA/gmrt_40_014/work/casa_selfcal/moon0520_stk10_phasecenter/moon0520_stk0080_n10/moon0520_stk0080_n10_sc3.gcal
[selfcal-dev]     solmode='L1'  refant='1'  refantmode='flex'
[selfcal-dev]   Cycle 3/5: applycal
[selfcal-dev]   Cycle 3/5: exported /Users/raj030/DATA/gmrt_40_014/work/casa_selfcal/moon0520_stk10_phasecenter/moon0520_stk0080_n10/moon0520_stk0080_n10_sc3.fits
[selfcal-dev]   Cycle 4/5: tclean niter=600  img_uvrange=''  cal_uvrange=''  scales=[0, 5, 15, 45]
[selfcal-dev]   Cycle 4/5: gaincal → /Users/raj030/DATA/gmrt_40_014/work/casa_selfcal/moon0520_stk10_phasecenter/moon0520_stk0080_n10/moon0520_stk0080_n10_sc4.gcal
[selfcal-dev]     solmode='L1'  refant='1'  refantmode='flex'
[selfcal-dev]   Cycle 4/5: applycal
[selfcal-dev]   Cycle 4/5: exported /Users/raj030/DATA/gmrt_40_014/work/casa_selfcal/moon0520_stk10_phasecenter/moon0520_stk0080_n10/moon0520_stk0080_n10_sc4.fits
[selfcal-dev]   Cycle 5/5: tclean niter=1000  img_uvrange=''  cal_uvrange=''  scales=[0, 5, 15, 45, 90]
[selfcal-dev]   Cycle 5/5: gaincal → /Users/raj030/DATA/gmrt_40_014/work/casa_selfcal/moon0520_stk10_phasecenter/moon0520_stk0080_n10/moon0520_stk0080_n10_sc5.gcal
[selfcal-dev]     solmode='L1'  refant='1'  refantmode='flex'
[selfcal-dev]   Cycle 5/5: applycal
[selfcal-dev]   Cycle 5/5: exported /Users/raj030/DATA/gmrt_40_014/work/casa_selfcal/moon0520_stk10_phasecenter/moon0520_stk0080_n10/moon0520_stk0080_n10_sc5.fits
[selfcal-dev]   Final image: tclean niter=1000  uvrange=''  scales=[0, 5, 15, 45, 90]
[selfcal-dev]   Exported: /Users/raj030/DATA/gmrt_40_014/work/casa_selfcal/moon0520_stk10_phasecenter/moon0520_stk0080_n10/moon0520_stk0080_n10_final.fits

[selfcal-dev] === Stack start_idx=90  n=10  JD=2459421.505113..2459421.505952  timerange=2021/07/26/00:07:17~2021/07/26/00:08:38 ===
[selfcal-dev]   Moon at RA=331.0471°  Dec=-17.4150°  offset=8.37arcmin from field centre  (image half-width=38.4arcmin)
[selfcal-dev]   mask-center (ephem): RA=331.047135 deg  Dec=-17.414987 deg
[selfcal-dev]   mask-radius: 20.00 arcmin
[selfcal-dev]   mask-string: circle[[22:04:11.312, -17.24.53.95], 20.0arcmin]
[selfcal-dev]   tclean phasecenter: ENABLED (J2000 22h04m11.312s -17d24m53.95s)
[selfcal-dev]   Cycle 1/5: tclean niter=100  img_uvrange=''  cal_uvrange=''  scales=[0, 5, 15]
[selfcal-dev]   Cycle 1/5: gaincal → /Users/raj030/DATA/gmrt_40_014/work/casa_selfcal/moon0520_stk10_phasecenter/moon0520_stk0090_n10/moon0520_stk0090_n10_sc1.gcal
[selfcal-dev]     solmode='L1'  refant='1'  refantmode='flex'
[selfcal-dev]   Cycle 1/5: applycal
[selfcal-dev]   Cycle 1/5: exported /Users/raj030/DATA/gmrt_40_014/work/casa_selfcal/moon0520_stk10_phasecenter/moon0520_stk0090_n10/moon0520_stk0090_n10_sc1.fits
[selfcal-dev]   Cycle 2/5: tclean niter=200  img_uvrange=''  cal_uvrange=''  scales=[0, 5, 15]
[selfcal-dev]   Cycle 2/5: gaincal → /Users/raj030/DATA/gmrt_40_014/work/casa_selfcal/moon0520_stk10_phasecenter/moon0520_stk0090_n10/moon0520_stk0090_n10_sc2.gcal
[selfcal-dev]     solmode='L1'  refant='1'  refantmode='flex'
[selfcal-dev]   Cycle 2/5: applycal
[selfcal-dev]   Cycle 2/5: exported /Users/raj030/DATA/gmrt_40_014/work/casa_selfcal/moon0520_stk10_phasecenter/moon0520_stk0090_n10/moon0520_stk0090_n10_sc2.fits
[selfcal-dev]   Cycle 3/5: tclean niter=400  img_uvrange=''  cal_uvrange=''  scales=[0, 5, 15, 45]
[selfcal-dev]   Cycle 3/5: gaincal → /Users/raj030/DATA/gmrt_40_014/work/casa_selfcal/moon0520_stk10_phasecenter/moon0520_stk0090_n10/moon0520_stk0090_n10_sc3.gcal
[selfcal-dev]     solmode='L1'  refant='1'  refantmode='flex'
[selfcal-dev]   Cycle 3/5: applycal
[selfcal-dev]   Cycle 3/5: exported /Users/raj030/DATA/gmrt_40_014/work/casa_selfcal/moon0520_stk10_phasecenter/moon0520_stk0090_n10/moon0520_stk0090_n10_sc3.fits
[selfcal-dev]   Cycle 4/5: tclean niter=600  img_uvrange=''  cal_uvrange=''  scales=[0, 5, 15, 45]
[selfcal-dev]   Cycle 4/5: gaincal → /Users/raj030/DATA/gmrt_40_014/work/casa_selfcal/moon0520_stk10_phasecenter/moon0520_stk0090_n10/moon0520_stk0090_n10_sc4.gcal
[selfcal-dev]     solmode='L1'  refant='1'  refantmode='flex'
[selfcal-dev]   Cycle 4/5: applycal
[selfcal-dev]   Cycle 4/5: exported /Users/raj030/DATA/gmrt_40_014/work/casa_selfcal/moon0520_stk10_phasecenter/moon0520_stk0090_n10/moon0520_stk0090_n10_sc4.fits
[selfcal-dev]   Cycle 5/5: tclean niter=1000  img_uvrange=''  cal_uvrange=''  scales=[0, 5, 15, 45, 90]
[selfcal-dev]   Cycle 5/5: gaincal → /Users/raj030/DATA/gmrt_40_014/work/casa_selfcal/moon0520_stk10_phasecenter/moon0520_stk0090_n10/moon0520_stk0090_n10_sc5.gcal
[selfcal-dev]     solmode='L1'  refant='1'  refantmode='flex'
[selfcal-dev]   Cycle 5/5: applycal
[selfcal-dev]   Cycle 5/5: exported /Users/raj030/DATA/gmrt_40_014/work/casa_selfcal/moon0520_stk10_phasecenter/moon0520_stk0090_n10/moon0520_stk0090_n10_sc5.fits
[selfcal-dev]   Final image: tclean niter=1000  uvrange=''  scales=[0, 5, 15, 45, 90]
[selfcal-dev]   Exported: /Users/raj030/DATA/gmrt_40_014/work/casa_selfcal/moon0520_stk10_phasecenter/moon0520_stk0090_n10/moon0520_stk0090_n10_final.fits

[selfcal-dev] === Stack start_idx=100  n=13  JD=2459421.506045..2459421.507164  timerange=2021/07/26/00:08:38~2021/07/26/00:10:22 ===
[selfcal-dev]   Moon at RA=331.0570°  Dec=-17.4089°  offset=9.04arcmin from field centre  (image half-width=38.4arcmin)
[selfcal-dev]   mask-center (ephem): RA=331.057007 deg  Dec=-17.408948 deg
[selfcal-dev]   mask-radius: 20.00 arcmin
[selfcal-dev]   mask-string: circle[[22:04:13.682, -17.24.32.21], 20.0arcmin]
[selfcal-dev]   tclean phasecenter: ENABLED (J2000 22h04m13.682s -17d24m32.21s)
[selfcal-dev]   Cycle 1/5: tclean niter=100  img_uvrange=''  cal_uvrange=''  scales=[0, 5, 15]
[selfcal-dev]   Cycle 1/5: gaincal → /Users/raj030/DATA/gmrt_40_014/work/casa_selfcal/moon0520_stk10_phasecenter/moon0520_stk0100_n13/moon0520_stk0100_n13_sc1.gcal
[selfcal-dev]     solmode='L1'  refant='1'  refantmode='flex'
[selfcal-dev]   Cycle 1/5: applycal
[selfcal-dev]   Cycle 1/5: exported /Users/raj030/DATA/gmrt_40_014/work/casa_selfcal/moon0520_stk10_phasecenter/moon0520_stk0100_n13/moon0520_stk0100_n13_sc1.fits
[selfcal-dev]   Cycle 2/5: tclean niter=200  img_uvrange=''  cal_uvrange=''  scales=[0, 5, 15]
[selfcal-dev]   Cycle 2/5: gaincal → /Users/raj030/DATA/gmrt_40_014/work/casa_selfcal/moon0520_stk10_phasecenter/moon0520_stk0100_n13/moon0520_stk0100_n13_sc2.gcal
[selfcal-dev]     solmode='L1'  refant='1'  refantmode='flex'
[selfcal-dev]   Cycle 2/5: applycal
[selfcal-dev]   Cycle 2/5: exported /Users/raj030/DATA/gmrt_40_014/work/casa_selfcal/moon0520_stk10_phasecenter/moon0520_stk0100_n13/moon0520_stk0100_n13_sc2.fits
[selfcal-dev]   Cycle 3/5: tclean niter=400  img_uvrange=''  cal_uvrange=''  scales=[0, 5, 15, 45]
[selfcal-dev]   Cycle 3/5: gaincal → /Users/raj030/DATA/gmrt_40_014/work/casa_selfcal/moon0520_stk10_phasecenter/moon0520_stk0100_n13/moon0520_stk0100_n13_sc3.gcal
[selfcal-dev]     solmode='L1'  refant='1'  refantmode='flex'
[selfcal-dev]   Cycle 3/5: applycal
[selfcal-dev]   Cycle 3/5: exported /Users/raj030/DATA/gmrt_40_014/work/casa_selfcal/moon0520_stk10_phasecenter/moon0520_stk0100_n13/moon0520_stk0100_n13_sc3.fits
[selfcal-dev]   Cycle 4/5: tclean niter=600  img_uvrange=''  cal_uvrange=''  scales=[0, 5, 15, 45]
[selfcal-dev]   Cycle 4/5: gaincal → /Users/raj030/DATA/gmrt_40_014/work/casa_selfcal/moon0520_stk10_phasecenter/moon0520_stk0100_n13/moon0520_stk0100_n13_sc4.gcal
[selfcal-dev]     solmode='L1'  refant='1'  refantmode='flex'
[selfcal-dev]   Cycle 4/5: applycal
[selfcal-dev]   Cycle 4/5: exported /Users/raj030/DATA/gmrt_40_014/work/casa_selfcal/moon0520_stk10_phasecenter/moon0520_stk0100_n13/moon0520_stk0100_n13_sc4.fits
[selfcal-dev]   Cycle 5/5: tclean niter=1000  img_uvrange=''  cal_uvrange=''  scales=[0, 5, 15, 45, 90]
[selfcal-dev]   Cycle 5/5: gaincal → /Users/raj030/DATA/gmrt_40_014/work/casa_selfcal/moon0520_stk10_phasecenter/moon0520_stk0100_n13/moon0520_stk0100_n13_sc5.gcal
[selfcal-dev]     solmode='L1'  refant='1'  refantmode='flex'
[selfcal-dev]   Cycle 5/5: applycal
[selfcal-dev]   Cycle 5/5: exported /Users/raj030/DATA/gmrt_40_014/work/casa_selfcal/moon0520_stk10_phasecenter/moon0520_stk0100_n13/moon0520_stk0100_n13_sc5.fits
[selfcal-dev]   Final image: tclean niter=1000  uvrange=''  scales=[0, 5, 15, 45, 90]
[selfcal-dev]   Exported: /Users/raj030/DATA/gmrt_40_014/work/casa_selfcal/moon0520_stk10_phasecenter/moon0520_stk0100_n13/moon0520_stk0100_n13_final.fits

[selfcal-dev] Done.  11 integrations processed.
[selfcal-dev] Summary: /Users/raj030/DATA/gmrt_40_014/work/casa_selfcal/moon0520_stk10_phasecenter/summary.json
swig/python detected a memory leak of type 'casac::coordsys *', no destructor found.
