2026-05-14 13:07:40	WARN	MSFitsInput::fillAntennaTable	XYZHAND keyword not found in AN table. Will assume antenna coordinate system is right handed.
2026-05-14 13:07:40	WARN	MSFitsInput::fillExtraTable	No systemic velocity for field 7
2026-05-14 13:07:40	WARN	MSFitsInput::fillExtraTable	No rest frequency for field 7
2026-05-14 13:07:42	WARN	ImageRegridder::_doImagesOverlap	At least one of the images exceeds one degree on at one side, not checking for direction plane overlap.
10 of 52 solutions flagged due to SNR < 1 in spw=0 at 2021/07/25/23:55:37.9
WARNING: VerifyWarning: Card is too long, comment will be truncated. [astropy.io.fits.card]
2026-05-14 13:08:02	WARN	ImageRegridder::_doImagesOverlap	At least one of the images exceeds one degree on at one side, not checking for direction plane overlap.
4 of 52 solutions flagged due to SNR < 1 in spw=0 at 2021/07/25/23:55:38.1
2026-05-14 13:08:39	WARN	ImageRegridder::_doImagesOverlap	At least one of the images exceeds one degree on at one side, not checking for direction plane overlap.
10 of 52 solutions flagged due to SNR < 1 in spw=0 at 2021/07/25/23:55:37.5
2026-05-14 13:10:11	WARN	ImageRegridder::_doImagesOverlap	At least one of the images exceeds one degree on at one side, not checking for direction plane overlap.
10 of 52 solutions flagged due to SNR < 1 in spw=0 at 2021/07/25/23:55:37.4
2026-05-14 13:12:29	WARN	ImageRegridder::_doImagesOverlap	At least one of the images exceeds one degree on at one side, not checking for direction plane overlap.
2026-05-14 13:13:38	WARN	SDAlgorithmMSClean::takeOneStep (file /Users/casaci/bamboohome/xml-data/build-dir/CASASPECS-RELEASE675BUILDCASALITH-BPO15ARMPY313/casa6/casatools/src/code/synthesis/ImagerObjects/SDAlgorithmMSClean.cc, line 185)	MSClean minor cycle stopped at large scale negative or diverging
2026-05-14 13:14:08	WARN	SDAlgorithmMSClean::takeOneStep (file /Users/casaci/bamboohome/xml-data/build-dir/CASASPECS-RELEASE675BUILDCASALITH-BPO15ARMPY313/casa6/casatools/src/code/synthesis/ImagerObjects/SDAlgorithmMSClean.cc, line 185)	MSClean minor cycle stopped at large scale negative or diverging
2026-05-14 13:14:23	WARN	SDAlgorithmMSClean::takeOneStep (file /Users/casaci/bamboohome/xml-data/build-dir/CASASPECS-RELEASE675BUILDCASALITH-BPO15ARMPY313/casa6/casatools/src/code/synthesis/ImagerObjects/SDAlgorithmMSClean.cc, line 185)	MSClean minor cycle stopped at large scale negative or diverging
2026-05-14 13:15:46	WARN	SDAlgorithmMSClean::takeOneStep (file /Users/casaci/bamboohome/xml-data/build-dir/CASASPECS-RELEASE675BUILDCASALITH-BPO15ARMPY313/casa6/casatools/src/code/synthesis/ImagerObjects/SDAlgorithmMSClean.cc, line 185)	MSClean minor cycle stopped at large scale negative or diverging
2026-05-14 13:16:03	WARN	SDAlgorithmMSClean::takeOneStep (file /Users/casaci/bamboohome/xml-data/build-dir/CASASPECS-RELEASE675BUILDCASALITH-BPO15ARMPY313/casa6/casatools/src/code/synthesis/ImagerObjects/SDAlgorithmMSClean.cc, line 185)	MSClean minor cycle stopped at large scale negative or diverging
2026-05-14 13:16:32	WARN	SDAlgorithmMSClean::takeOneStep (file /Users/casaci/bamboohome/xml-data/build-dir/CASASPECS-RELEASE675BUILDCASALITH-BPO15ARMPY313/casa6/casatools/src/code/synthesis/ImagerObjects/SDAlgorithmMSClean.cc, line 185)	MSClean minor cycle stopped at large scale negative or diverging
2026-05-14 13:16:47	WARN	SDAlgorithmMSClean::takeOneStep (file /Users/casaci/bamboohome/xml-data/build-dir/CASASPECS-RELEASE675BUILDCASALITH-BPO15ARMPY313/casa6/casatools/src/code/synthesis/ImagerObjects/SDAlgorithmMSClean.cc, line 185)	MSClean minor cycle stopped at large scale negative or diverging
2026-05-14 13:17:04	WARN	SDAlgorithmMSClean::takeOneStep (file /Users/casaci/bamboohome/xml-data/build-dir/CASASPECS-RELEASE675BUILDCASALITH-BPO15ARMPY313/casa6/casatools/src/code/synthesis/ImagerObjects/SDAlgorithmMSClean.cc, line 185)	MSClean minor cycle stopped at large scale negative or diverging
11 of 52 solutions flagged due to SNR < 1 in spw=0 at 2021/07/25/23:55:37.7
2026-05-14 13:17:14	WARN	ImageRegridder::_doImagesOverlap	At least one of the images exceeds one degree on at one side, not checking for direction plane overlap.
2026-05-14 13:18:38	WARN	SDAlgorithmMSClean::takeOneStep (file /Users/casaci/bamboohome/xml-data/build-dir/CASASPECS-RELEASE675BUILDCASALITH-BPO15ARMPY313/casa6/casatools/src/code/synthesis/ImagerObjects/SDAlgorithmMSClean.cc, line 185)	MSClean minor cycle stopped at large scale negative or diverging
2026-05-14 13:19:35	WARN	SDAlgorithmMSClean::takeOneStep (file /Users/casaci/bamboohome/xml-data/build-dir/CASASPECS-RELEASE675BUILDCASALITH-BPO15ARMPY313/casa6/casatools/src/code/synthesis/ImagerObjects/SDAlgorithmMSClean.cc, line 185)	MSClean minor cycle stopped at large scale negative or diverging
2026-05-14 13:19:51	WARN	SDAlgorithmMSClean::takeOneStep (file /Users/casaci/bamboohome/xml-data/build-dir/CASASPECS-RELEASE675BUILDCASALITH-BPO15ARMPY313/casa6/casatools/src/code/synthesis/ImagerObjects/SDAlgorithmMSClean.cc, line 185)	MSClean minor cycle stopped at large scale negative or diverging
2026-05-14 13:20:09	WARN	SDAlgorithmMSClean::takeOneStep (file /Users/casaci/bamboohome/xml-data/build-dir/CASASPECS-RELEASE675BUILDCASALITH-BPO15ARMPY313/casa6/casatools/src/code/synthesis/ImagerObjects/SDAlgorithmMSClean.cc, line 185)	MSClean minor cycle stopped at large scale negative or diverging
2026-05-14 13:20:53	WARN	SDAlgorithmMSClean::takeOneStep (file /Users/casaci/bamboohome/xml-data/build-dir/CASASPECS-RELEASE675BUILDCASALITH-BPO15ARMPY313/casa6/casatools/src/code/synthesis/ImagerObjects/SDAlgorithmMSClean.cc, line 185)	MSClean minor cycle stopped at large scale negative or diverging
2026-05-14 13:21:36	WARN	SDAlgorithmMSClean::takeOneStep (file /Users/casaci/bamboohome/xml-data/build-dir/CASASPECS-RELEASE675BUILDCASALITH-BPO15ARMPY313/casa6/casatools/src/code/synthesis/ImagerObjects/SDAlgorithmMSClean.cc, line 185)	MSClean minor cycle stopped at large scale negative or diverging
2026-05-14 13:21:52	WARN	SDAlgorithmMSClean::takeOneStep (file /Users/casaci/bamboohome/xml-data/build-dir/CASASPECS-RELEASE675BUILDCASALITH-BPO15ARMPY313/casa6/casatools/src/code/synthesis/ImagerObjects/SDAlgorithmMSClean.cc, line 185)	MSClean minor cycle stopped at large scale negative or diverging
2026-05-14 13:22:04	WARN	ImageRegridder::_doImagesOverlap	At least one of the images exceeds one degree on at one side, not checking for direction plane overlap.
5 of 52 solutions flagged due to SNR < 1 in spw=0 at 2021/07/25/23:57:11.1
2026-05-14 13:22:24	WARN	ImageRegridder::_doImagesOverlap	At least one of the images exceeds one degree on at one side, not checking for direction plane overlap.
2026-05-14 13:23:01	WARN	ImageRegridder::_doImagesOverlap	At least one of the images exceeds one degree on at one side, not checking for direction plane overlap.
4 of 52 solutions flagged due to SNR < 1 in spw=0 at 2021/07/25/23:57:11.0
2026-05-14 13:24:34	WARN	ImageRegridder::_doImagesOverlap	At least one of the images exceeds one degree on at one side, not checking for direction plane overlap.
5 of 52 solutions flagged due to SNR < 1 in spw=0 at 2021/07/25/23:57:11.1
2026-05-14 13:26:53	WARN	ImageRegridder::_doImagesOverlap	At least one of the images exceeds one degree on at one side, not checking for direction plane overlap.
2026-05-14 13:30:21	WARN	SDAlgorithmMSClean::takeOneStep (file /Users/casaci/bamboohome/xml-data/build-dir/CASASPECS-RELEASE675BUILDCASALITH-BPO15ARMPY313/casa6/casatools/src/code/synthesis/ImagerObjects/SDAlgorithmMSClean.cc, line 185)	MSClean minor cycle stopped at large scale negative or diverging
2026-05-14 13:30:37	WARN	SDAlgorithmMSClean::takeOneStep (file /Users/casaci/bamboohome/xml-data/build-dir/CASASPECS-RELEASE675BUILDCASALITH-BPO15ARMPY313/casa6/casatools/src/code/synthesis/ImagerObjects/SDAlgorithmMSClean.cc, line 185)	MSClean minor cycle stopped at large scale negative or diverging
7 of 52 solutions flagged due to SNR < 1 in spw=0 at 2021/07/25/23:57:10.9
2026-05-14 13:31:33	WARN	ImageRegridder::_doImagesOverlap	At least one of the images exceeds one degree on at one side, not checking for direction plane overlap.
2026-05-14 13:34:17	WARN	SDAlgorithmMSClean::takeOneStep (file /Users/casaci/bamboohome/xml-data/build-dir/CASASPECS-RELEASE675BUILDCASALITH-BPO15ARMPY313/casa6/casatools/src/code/synthesis/ImagerObjects/SDAlgorithmMSClean.cc, line 185)	MSClean minor cycle stopped at large scale negative or diverging
2026-05-14 13:34:46	WARN	SDAlgorithmMSClean::takeOneStep (file /Users/casaci/bamboohome/xml-data/build-dir/CASASPECS-RELEASE675BUILDCASALITH-BPO15ARMPY313/casa6/casatools/src/code/synthesis/ImagerObjects/SDAlgorithmMSClean.cc, line 185)	MSClean minor cycle stopped at large scale negative or diverging
2026-05-14 13:35:29	WARN	SDAlgorithmMSClean::takeOneStep (file /Users/casaci/bamboohome/xml-data/build-dir/CASASPECS-RELEASE675BUILDCASALITH-BPO15ARMPY313/casa6/casatools/src/code/synthesis/ImagerObjects/SDAlgorithmMSClean.cc, line 185)	MSClean minor cycle stopped at large scale negative or diverging
2026-05-14 13:35:59	WARN	SDAlgorithmMSClean::takeOneStep (file /Users/casaci/bamboohome/xml-data/build-dir/CASASPECS-RELEASE675BUILDCASALITH-BPO15ARMPY313/casa6/casatools/src/code/synthesis/ImagerObjects/SDAlgorithmMSClean.cc, line 185)	MSClean minor cycle stopped at large scale negative or diverging
2026-05-14 13:36:13	WARN	ImageRegridder::_doImagesOverlap	At least one of the images exceeds one degree on at one side, not checking for direction plane overlap.
3 of 52 solutions flagged due to SNR < 1 in spw=0 at 2021/07/25/23:58:27.4
2026-05-14 13:36:33	WARN	ImageRegridder::_doImagesOverlap	At least one of the images exceeds one degree on at one side, not checking for direction plane overlap.
3 of 52 solutions flagged due to SNR < 1 in spw=0 at 2021/07/25/23:58:27.6
2026-05-14 13:37:11	WARN	ImageRegridder::_doImagesOverlap	At least one of the images exceeds one degree on at one side, not checking for direction plane overlap.
3 of 52 solutions flagged due to SNR < 1 in spw=0 at 2021/07/25/23:58:27.4
2026-05-14 13:38:48	WARN	ImageRegridder::_doImagesOverlap	At least one of the images exceeds one degree on at one side, not checking for direction plane overlap.
1 of 52 solutions flagged due to SNR < 1 in spw=0 at 2021/07/25/23:58:27.4
2026-05-14 13:41:06	WARN	ImageRegridder::_doImagesOverlap	At least one of the images exceeds one degree on at one side, not checking for direction plane overlap.
2026-05-14 13:42:55	WARN	SDAlgorithmMSClean::takeOneStep (file /Users/casaci/bamboohome/xml-data/build-dir/CASASPECS-RELEASE675BUILDCASALITH-BPO15ARMPY313/casa6/casatools/src/code/synthesis/ImagerObjects/SDAlgorithmMSClean.cc, line 185)	MSClean minor cycle stopped at large scale negative or diverging
2026-05-14 13:43:52	WARN	SDAlgorithmMSClean::takeOneStep (file /Users/casaci/bamboohome/xml-data/build-dir/CASASPECS-RELEASE675BUILDCASALITH-BPO15ARMPY313/casa6/casatools/src/code/synthesis/ImagerObjects/SDAlgorithmMSClean.cc, line 185)	MSClean minor cycle stopped at large scale negative or diverging
2026-05-14 13:44:09	WARN	SDAlgorithmMSClean::takeOneStep (file /Users/casaci/bamboohome/xml-data/build-dir/CASASPECS-RELEASE675BUILDCASALITH-BPO15ARMPY313/casa6/casatools/src/code/synthesis/ImagerObjects/SDAlgorithmMSClean.cc, line 185)	MSClean minor cycle stopped at large scale negative or diverging
2026-05-14 13:45:04	WARN	SDAlgorithmMSClean::takeOneStep (file /Users/casaci/bamboohome/xml-data/build-dir/CASASPECS-RELEASE675BUILDCASALITH-BPO15ARMPY313/casa6/casatools/src/code/synthesis/ImagerObjects/SDAlgorithmMSClean.cc, line 185)	MSClean minor cycle stopped at large scale negative or diverging
2026-05-14 13:45:33	WARN	SDAlgorithmMSClean::takeOneStep (file /Users/casaci/bamboohome/xml-data/build-dir/CASASPECS-RELEASE675BUILDCASALITH-BPO15ARMPY313/casa6/casatools/src/code/synthesis/ImagerObjects/SDAlgorithmMSClean.cc, line 185)	MSClean minor cycle stopped at large scale negative or diverging
5 of 52 solutions flagged due to SNR < 1 in spw=0 at 2021/07/25/23:58:28.2
2026-05-14 13:45:46	WARN	ImageRegridder::_doImagesOverlap	At least one of the images exceeds one degree on at one side, not checking for direction plane overlap.
2026-05-14 13:48:32	WARN	SDAlgorithmMSClean::takeOneStep (file /Users/casaci/bamboohome/xml-data/build-dir/CASASPECS-RELEASE675BUILDCASALITH-BPO15ARMPY313/casa6/casatools/src/code/synthesis/ImagerObjects/SDAlgorithmMSClean.cc, line 185)	MSClean minor cycle stopped at large scale negative or diverging
2026-05-14 13:49:02	WARN	SDAlgorithmMSClean::takeOneStep (file /Users/casaci/bamboohome/xml-data/build-dir/CASASPECS-RELEASE675BUILDCASALITH-BPO15ARMPY313/casa6/casatools/src/code/synthesis/ImagerObjects/SDAlgorithmMSClean.cc, line 185)	MSClean minor cycle stopped at large scale negative or diverging
2026-05-14 13:49:19	WARN	SDAlgorithmMSClean::takeOneStep (file /Users/casaci/bamboohome/xml-data/build-dir/CASASPECS-RELEASE675BUILDCASALITH-BPO15ARMPY313/casa6/casatools/src/code/synthesis/ImagerObjects/SDAlgorithmMSClean.cc, line 185)	MSClean minor cycle stopped at large scale negative or diverging
2026-05-14 13:50:01	WARN	SDAlgorithmMSClean::takeOneStep (file /Users/casaci/bamboohome/xml-data/build-dir/CASASPECS-RELEASE675BUILDCASALITH-BPO15ARMPY313/casa6/casatools/src/code/synthesis/ImagerObjects/SDAlgorithmMSClean.cc, line 185)	MSClean minor cycle stopped at large scale negative or diverging
2026-05-14 13:50:19	WARN	SDAlgorithmMSClean::takeOneStep (file /Users/casaci/bamboohome/xml-data/build-dir/CASASPECS-RELEASE675BUILDCASALITH-BPO15ARMPY313/casa6/casatools/src/code/synthesis/ImagerObjects/SDAlgorithmMSClean.cc, line 185)	MSClean minor cycle stopped at large scale negative or diverging
2026-05-14 13:50:30	WARN	ImageRegridder::_doImagesOverlap	At least one of the images exceeds one degree on at one side, not checking for direction plane overlap.
4 of 52 solutions flagged due to SNR < 1 in spw=0 at 2021/07/25/23:59:54.0
2026-05-14 13:50:49	WARN	ImageRegridder::_doImagesOverlap	At least one of the images exceeds one degree on at one side, not checking for direction plane overlap.
2026-05-14 13:51:26	WARN	ImageRegridder::_doImagesOverlap	At least one of the images exceeds one degree on at one side, not checking for direction plane overlap.
5 of 52 solutions flagged due to SNR < 1 in spw=0 at 2021/07/25/23:59:54.0
2026-05-14 13:52:55	WARN	ImageRegridder::_doImagesOverlap	At least one of the images exceeds one degree on at one side, not checking for direction plane overlap.
2026-05-14 13:54:26	WARN	SDAlgorithmMSClean::takeOneStep (file /Users/casaci/bamboohome/xml-data/build-dir/CASASPECS-RELEASE675BUILDCASALITH-BPO15ARMPY313/casa6/casatools/src/code/synthesis/ImagerObjects/SDAlgorithmMSClean.cc, line 185)	MSClean minor cycle stopped at large scale negative or diverging
2 of 52 solutions flagged due to SNR < 1 in spw=0 at 2021/07/25/23:59:53.1
2026-05-14 13:55:12	WARN	ImageRegridder::_doImagesOverlap	At least one of the images exceeds one degree on at one side, not checking for direction plane overlap.
2026-05-14 13:59:14	WARN	SDAlgorithmMSClean::takeOneStep (file /Users/casaci/bamboohome/xml-data/build-dir/CASASPECS-RELEASE675BUILDCASALITH-BPO15ARMPY313/casa6/casatools/src/code/synthesis/ImagerObjects/SDAlgorithmMSClean.cc, line 185)	MSClean minor cycle stopped at large scale negative or diverging
2026-05-14 13:59:30	WARN	SDAlgorithmMSClean::takeOneStep (file /Users/casaci/bamboohome/xml-data/build-dir/CASASPECS-RELEASE675BUILDCASALITH-BPO15ARMPY313/casa6/casatools/src/code/synthesis/ImagerObjects/SDAlgorithmMSClean.cc, line 185)	MSClean minor cycle stopped at large scale negative or diverging
2026-05-14 13:59:35	WARN	SDAlgorithmMSClean::takeOneStep (file /Users/casaci/bamboohome/xml-data/build-dir/CASASPECS-RELEASE675BUILDCASALITH-BPO15ARMPY313/casa6/casatools/src/code/synthesis/ImagerObjects/SDAlgorithmMSClean.cc, line 185)	MSClean minor cycle stopped at large scale negative or diverging
2026-05-14 13:59:47	WARN	ImageRegridder::_doImagesOverlap	At least one of the images exceeds one degree on at one side, not checking for direction plane overlap.
2026-05-14 14:02:04	WARN	SDAlgorithmMSClean::takeOneStep (file /Users/casaci/bamboohome/xml-data/build-dir/CASASPECS-RELEASE675BUILDCASALITH-BPO15ARMPY313/casa6/casatools/src/code/synthesis/ImagerObjects/SDAlgorithmMSClean.cc, line 185)	MSClean minor cycle stopped at large scale negative or diverging
2026-05-14 14:02:33	WARN	SDAlgorithmMSClean::takeOneStep (file /Users/casaci/bamboohome/xml-data/build-dir/CASASPECS-RELEASE675BUILDCASALITH-BPO15ARMPY313/casa6/casatools/src/code/synthesis/ImagerObjects/SDAlgorithmMSClean.cc, line 185)	MSClean minor cycle stopped at large scale negative or diverging
2026-05-14 14:02:50	WARN	SDAlgorithmMSClean::takeOneStep (file /Users/casaci/bamboohome/xml-data/build-dir/CASASPECS-RELEASE675BUILDCASALITH-BPO15ARMPY313/casa6/casatools/src/code/synthesis/ImagerObjects/SDAlgorithmMSClean.cc, line 185)	MSClean minor cycle stopped at large scale negative or diverging
2026-05-14 14:02:52	WARN	SDAlgorithmMSClean::takeOneStep (file /Users/casaci/bamboohome/xml-data/build-dir/CASASPECS-RELEASE675BUILDCASALITH-BPO15ARMPY313/casa6/casatools/src/code/synthesis/ImagerObjects/SDAlgorithmMSClean.cc, line 185)	MSClean minor cycle stopped at large scale negative or diverging
2026-05-14 14:03:08	WARN	SDAlgorithmMSClean::takeOneStep (file /Users/casaci/bamboohome/xml-data/build-dir/CASASPECS-RELEASE675BUILDCASALITH-BPO15ARMPY313/casa6/casatools/src/code/synthesis/ImagerObjects/SDAlgorithmMSClean.cc, line 185)	MSClean minor cycle stopped at large scale negative or diverging
2026-05-14 14:03:24	WARN	SDAlgorithmMSClean::takeOneStep (file /Users/casaci/bamboohome/xml-data/build-dir/CASASPECS-RELEASE675BUILDCASALITH-BPO15ARMPY313/casa6/casatools/src/code/synthesis/ImagerObjects/SDAlgorithmMSClean.cc, line 185)	MSClean minor cycle stopped at large scale negative or diverging
2026-05-14 14:03:41	WARN	SDAlgorithmMSClean::takeOneStep (file /Users/casaci/bamboohome/xml-data/build-dir/CASASPECS-RELEASE675BUILDCASALITH-BPO15ARMPY313/casa6/casatools/src/code/synthesis/ImagerObjects/SDAlgorithmMSClean.cc, line 185)	MSClean minor cycle stopped at large scale negative or diverging
2026-05-14 14:04:10	WARN	SDAlgorithmMSClean::takeOneStep (file /Users/casaci/bamboohome/xml-data/build-dir/CASASPECS-RELEASE675BUILDCASALITH-BPO15ARMPY313/casa6/casatools/src/code/synthesis/ImagerObjects/SDAlgorithmMSClean.cc, line 185)	MSClean minor cycle stopped at large scale negative or diverging
2026-05-14 14:04:26	WARN	SDAlgorithmMSClean::takeOneStep (file /Users/casaci/bamboohome/xml-data/build-dir/CASASPECS-RELEASE675BUILDCASALITH-BPO15ARMPY313/casa6/casatools/src/code/synthesis/ImagerObjects/SDAlgorithmMSClean.cc, line 185)	MSClean minor cycle stopped at large scale negative or diverging
2026-05-14 14:04:35	WARN	task_tclean::SIImageStore::getPSFGaussian (file /Users/casaci/bamboohome/xml-data/build-dir/CASASPECS-RELEASE675BUILDCASALITH-BPO15ARMPY313/casa6/casatools/src/code/synthesis/ImagerObjects/SIImageStore.cc, line 2143)	[Chan0:Pol0] Error Gaussian fit to PSF : Exception: Neither the major nor the minor axis value is permitted to be infinity or NaN.
2026-05-14 14:04:35	WARN	task_tclean::SIImageStore::getPSFGaussian (file /Users/casaci/bamboohome/xml-data/build-dir/CASASPECS-RELEASE675BUILDCASALITH-BPO15ARMPY313/casa6/casatools/src/code/synthesis/ImagerObjects/SIImageStore.cc, line 2143)+	... thrown by void casacore::GaussianBeam::setMajorMinor(const Quantity &, const Quantity &) at File: /Users/casaci/bamboohome/xml-data/build-dir/CASASPECS-RELEASE675BUILDCASALITH-BPO15ARMPY313/casa6/casatools/casacore/scimath/Mathematics/GaussianBeam.cc, line: 141 :  Setting restoring beam to largest valid beam.
2026-05-14 14:04:35	WARN	ImageRegridder::_doImagesOverlap	At least one of the images exceeds one degree on at one side, not checking for direction plane overlap.
3 of 52 solutions flagged due to SNR < 1 in spw=0 at 2021/07/26/00:01:15.7
[selfcal-dev] Using index: /Users/raj030/DATA/gmrt_40_014/work/split/moon/moon0520_primary_secondary_calibrated_flagged_additional_flags_from_clustering.uvfits.row_index_cache.npz
[selfcal-dev] Scan MOON0520 (id=8): 113 integrations, dump=8s
[selfcal-dev] Processing integrations: [0, 1, 2, 3, 4, 5, 6, 7, 8, 9, 10, 11, 12, 13, 14, 15, 16, 17, 18, 19, 20, 21, 22, 23, 24, 25, 26, 27, 28, 29, 30, 31, 32, 33, 34, 35, 36, 37, 38, 39, 40, 41, 42, 43, 44, 45, 46, 47, 48, 49, 50, 51, 52, 53, 54, 55, 56, 57, 58, 59, 60, 61, 62, 63, 64, 65, 66, 67, 68, 69, 70, 71, 72, 73, 74, 75, 76, 77, 78, 79, 80, 81, 82, 83, 84, 85, 86, 87, 88, 89, 90, 91, 92, 93, 94, 95, 96, 97, 98, 99, 100, 101, 102, 103, 104, 105, 106, 107, 108, 109, 110, 111, 112] (stack_size=10)
exception when trying : https://www.astron.nl/iers/
Unexpected exception while getting list of available measures versions : The read operation timed out
<class 'Exception'>
exception when trying : https://www.astron.nl/iers/
Unexpected exception while getting list of available measures versions : The read operation timed out
<class 'Exception'>
[selfcal-dev] Importing UVFITS → /Users/raj030/DATA/gmrt_40_014/work/casa_selfcal/moon0520_stk10_phasecenter/moon0520_full.ms
[selfcal-dev] Patching UVFITS for CASA (PMRA/PMDEC=0 in SU table)
[selfcal-dev] Cycle 1 params: niter=100, img uvmin=Nonekλ uvmax=Nonekλ, cal uvmin=Nonekλ uvmax=Nonekλ, scales=[0, 5, 15]
[selfcal-dev] Cycle 2 params: niter=200, img uvmin=Nonekλ uvmax=Nonekλ, cal uvmin=Nonekλ uvmax=Nonekλ, scales=[0, 5, 15]
[selfcal-dev] Cycle 3 params: niter=400, img uvmin=Nonekλ uvmax=Nonekλ, cal uvmin=Nonekλ uvmax=Nonekλ, scales=[0, 5, 15, 45]
[selfcal-dev] Cycle 4 params: niter=600, img uvmin=Nonekλ uvmax=Nonekλ, cal uvmin=Nonekλ uvmax=Nonekλ, scales=[0, 5, 15, 45]
[selfcal-dev] Cycle 5 params: niter=1000, img uvmin=Nonekλ uvmax=Nonekλ, cal uvmin=Nonekλ uvmax=Nonekλ, scales=[0, 5, 15, 45, 90]

[selfcal-dev] === Stack start_idx=0  n=10  JD=2459421.496724..2459421.497563  timerange=2021/07/25/23:55:12~2021/07/25/23:56:33 ===
[selfcal-dev]   Moon at RA=330.9674°  Dec=-17.4641°  offset=2.93arcmin from field centre  (image half-width=38.4arcmin)
[selfcal-dev]   mask-center (ephem): RA=330.967394 deg  Dec=-17.464127 deg
[selfcal-dev]   mask-radius: 20.00 arcmin
[selfcal-dev]   mask-string: circle[[22:03:52.174, -17.27.50.86], 20.0arcmin]
[selfcal-dev]   tclean phasecenter: ENABLED (J2000 22h03m52.174s -17d27m50.86s)
[selfcal-dev]   Cycle 1/5: tclean niter=100  img_uvrange=''  cal_uvrange=''  scales=[0, 5, 15]
[selfcal-dev]   Cycle 1/5: gaincal → /Users/raj030/DATA/gmrt_40_014/work/casa_selfcal/moon0520_stk10_phasecenter/moon0520_stk0000_n10/moon0520_stk0000_n10_sc1.gcal
[selfcal-dev]     solmode='L1'  refant='1'  refantmode='flex'
[selfcal-dev]   Cycle 1/5: applycal
[selfcal-dev]   Cycle 1/5: exported /Users/raj030/DATA/gmrt_40_014/work/casa_selfcal/moon0520_stk10_phasecenter/moon0520_stk0000_n10/moon0520_stk0000_n10_sc1.fits
[selfcal-dev]   Cycle 2/5: tclean niter=200  img_uvrange=''  cal_uvrange=''  scales=[0, 5, 15]
[selfcal-dev]   Cycle 2/5: gaincal → /Users/raj030/DATA/gmrt_40_014/work/casa_selfcal/moon0520_stk10_phasecenter/moon0520_stk0000_n10/moon0520_stk0000_n10_sc2.gcal
[selfcal-dev]     solmode='L1'  refant='1'  refantmode='flex'
[selfcal-dev]   Cycle 2/5: applycal
[selfcal-dev]   Cycle 2/5: exported /Users/raj030/DATA/gmrt_40_014/work/casa_selfcal/moon0520_stk10_phasecenter/moon0520_stk0000_n10/moon0520_stk0000_n10_sc2.fits
[selfcal-dev]   Cycle 3/5: tclean niter=400  img_uvrange=''  cal_uvrange=''  scales=[0, 5, 15, 45]
[selfcal-dev]   Cycle 3/5: gaincal → /Users/raj030/DATA/gmrt_40_014/work/casa_selfcal/moon0520_stk10_phasecenter/moon0520_stk0000_n10/moon0520_stk0000_n10_sc3.gcal
[selfcal-dev]     solmode='L1'  refant='1'  refantmode='flex'
[selfcal-dev]   Cycle 3/5: applycal
[selfcal-dev]   Cycle 3/5: exported /Users/raj030/DATA/gmrt_40_014/work/casa_selfcal/moon0520_stk10_phasecenter/moon0520_stk0000_n10/moon0520_stk0000_n10_sc3.fits
[selfcal-dev]   Cycle 4/5: tclean niter=600  img_uvrange=''  cal_uvrange=''  scales=[0, 5, 15, 45]
[selfcal-dev]   Cycle 4/5: gaincal → /Users/raj030/DATA/gmrt_40_014/work/casa_selfcal/moon0520_stk10_phasecenter/moon0520_stk0000_n10/moon0520_stk0000_n10_sc4.gcal
[selfcal-dev]     solmode='L1'  refant='1'  refantmode='flex'
[selfcal-dev]   Cycle 4/5: applycal
[selfcal-dev]   Cycle 4/5: exported /Users/raj030/DATA/gmrt_40_014/work/casa_selfcal/moon0520_stk10_phasecenter/moon0520_stk0000_n10/moon0520_stk0000_n10_sc4.fits
[selfcal-dev]   Cycle 5/5: tclean niter=1000  img_uvrange=''  cal_uvrange=''  scales=[0, 5, 15, 45, 90]
[selfcal-dev]   Cycle 5/5: gaincal → /Users/raj030/DATA/gmrt_40_014/work/casa_selfcal/moon0520_stk10_phasecenter/moon0520_stk0000_n10/moon0520_stk0000_n10_sc5.gcal
[selfcal-dev]     solmode='L1'  refant='1'  refantmode='flex'
[selfcal-dev]   Cycle 5/5: applycal
[selfcal-dev]   Cycle 5/5: exported /Users/raj030/DATA/gmrt_40_014/work/casa_selfcal/moon0520_stk10_phasecenter/moon0520_stk0000_n10/moon0520_stk0000_n10_sc5.fits
[selfcal-dev]   Final image: tclean niter=1000  uvrange=''  scales=[0, 5, 15, 45, 90]
[selfcal-dev]   Exported: /Users/raj030/DATA/gmrt_40_014/work/casa_selfcal/moon0520_stk10_phasecenter/moon0520_stk0000_n10/moon0520_stk0000_n10_final.fits

[selfcal-dev] === Stack start_idx=10  n=10  JD=2459421.497656..2459421.498495  timerange=2021/07/25/23:56:33~2021/07/25/23:57:53 ===
[selfcal-dev]   Moon at RA=330.9762°  Dec=-17.4587°  offset=3.53arcmin from field centre  (image half-width=38.4arcmin)
[selfcal-dev]   mask-center (ephem): RA=330.976164 deg  Dec=-17.458691 deg
[selfcal-dev]   mask-radius: 20.00 arcmin
[selfcal-dev]   mask-string: circle[[22:03:54.279, -17.27.31.29], 20.0arcmin]
[selfcal-dev]   tclean phasecenter: ENABLED (J2000 22h03m54.279s -17d27m31.29s)
[selfcal-dev]   Cycle 1/5: tclean niter=100  img_uvrange=''  cal_uvrange=''  scales=[0, 5, 15]
[selfcal-dev]   Cycle 1/5: gaincal → /Users/raj030/DATA/gmrt_40_014/work/casa_selfcal/moon0520_stk10_phasecenter/moon0520_stk0010_n10/moon0520_stk0010_n10_sc1.gcal
[selfcal-dev]     solmode='L1'  refant='1'  refantmode='flex'
[selfcal-dev]   Cycle 1/5: applycal
[selfcal-dev]   Cycle 1/5: exported /Users/raj030/DATA/gmrt_40_014/work/casa_selfcal/moon0520_stk10_phasecenter/moon0520_stk0010_n10/moon0520_stk0010_n10_sc1.fits
[selfcal-dev]   Cycle 2/5: tclean niter=200  img_uvrange=''  cal_uvrange=''  scales=[0, 5, 15]
[selfcal-dev]   Cycle 2/5: gaincal → /Users/raj030/DATA/gmrt_40_014/work/casa_selfcal/moon0520_stk10_phasecenter/moon0520_stk0010_n10/moon0520_stk0010_n10_sc2.gcal
[selfcal-dev]     solmode='L1'  refant='1'  refantmode='flex'
[selfcal-dev]   Cycle 2/5: applycal
[selfcal-dev]   Cycle 2/5: exported /Users/raj030/DATA/gmrt_40_014/work/casa_selfcal/moon0520_stk10_phasecenter/moon0520_stk0010_n10/moon0520_stk0010_n10_sc2.fits
[selfcal-dev]   Cycle 3/5: tclean niter=400  img_uvrange=''  cal_uvrange=''  scales=[0, 5, 15, 45]
[selfcal-dev]   Cycle 3/5: gaincal → /Users/raj030/DATA/gmrt_40_014/work/casa_selfcal/moon0520_stk10_phasecenter/moon0520_stk0010_n10/moon0520_stk0010_n10_sc3.gcal
[selfcal-dev]     solmode='L1'  refant='1'  refantmode='flex'
[selfcal-dev]   Cycle 3/5: applycal
[selfcal-dev]   Cycle 3/5: exported /Users/raj030/DATA/gmrt_40_014/work/casa_selfcal/moon0520_stk10_phasecenter/moon0520_stk0010_n10/moon0520_stk0010_n10_sc3.fits
[selfcal-dev]   Cycle 4/5: tclean niter=600  img_uvrange=''  cal_uvrange=''  scales=[0, 5, 15, 45]
[selfcal-dev]   Cycle 4/5: gaincal → /Users/raj030/DATA/gmrt_40_014/work/casa_selfcal/moon0520_stk10_phasecenter/moon0520_stk0010_n10/moon0520_stk0010_n10_sc4.gcal
[selfcal-dev]     solmode='L1'  refant='1'  refantmode='flex'
[selfcal-dev]   Cycle 4/5: applycal
[selfcal-dev]   Cycle 4/5: exported /Users/raj030/DATA/gmrt_40_014/work/casa_selfcal/moon0520_stk10_phasecenter/moon0520_stk0010_n10/moon0520_stk0010_n10_sc4.fits
[selfcal-dev]   Cycle 5/5: tclean niter=1000  img_uvrange=''  cal_uvrange=''  scales=[0, 5, 15, 45, 90]
[selfcal-dev]   Cycle 5/5: gaincal → /Users/raj030/DATA/gmrt_40_014/work/casa_selfcal/moon0520_stk10_phasecenter/moon0520_stk0010_n10/moon0520_stk0010_n10_sc5.gcal2026-05-14 14:04:54	WARN	task_tclean::SIImageStore::getPSFGaussian (file /Users/casaci/bamboohome/xml-data/build-dir/CASASPECS-RELEASE675BUILDCASALITH-BPO15ARMPY313/casa6/casatools/src/code/synthesis/ImagerObjects/SIImageStore.cc, line 2143)	[Chan0:Pol0] Error Gaussian fit to PSF : Exception: Neither the major nor the minor axis value is permitted to be infinity or NaN.
2026-05-14 14:04:54	WARN	task_tclean::SIImageStore::getPSFGaussian (file /Users/casaci/bamboohome/xml-data/build-dir/CASASPECS-RELEASE675BUILDCASALITH-BPO15ARMPY313/casa6/casatools/src/code/synthesis/ImagerObjects/SIImageStore.cc, line 2143)+	... thrown by void casacore::GaussianBeam::setMajorMinor(const Quantity &, const Quantity &) at File: /Users/casaci/bamboohome/xml-data/build-dir/CASASPECS-RELEASE675BUILDCASALITH-BPO15ARMPY313/casa6/casatools/casacore/scimath/Mathematics/GaussianBeam.cc, line: 141 :  Setting restoring beam to largest valid beam.
2026-05-14 14:04:55	WARN	ImageRegridder::_doImagesOverlap	At least one of the images exceeds one degree on at one side, not checking for direction plane overlap.
2026-05-14 14:05:31	WARN	task_tclean::SIImageStore::getPSFGaussian (file /Users/casaci/bamboohome/xml-data/build-dir/CASASPECS-RELEASE675BUILDCASALITH-BPO15ARMPY313/casa6/casatools/src/code/synthesis/ImagerObjects/SIImageStore.cc, line 2143)	[Chan0:Pol0] Error Gaussian fit to PSF : Exception: Neither the major nor the minor axis value is permitted to be infinity or NaN.
2026-05-14 14:05:31	WARN	task_tclean::SIImageStore::getPSFGaussian (file /Users/casaci/bamboohome/xml-data/build-dir/CASASPECS-RELEASE675BUILDCASALITH-BPO15ARMPY313/casa6/casatools/src/code/synthesis/ImagerObjects/SIImageStore.cc, line 2143)+	... thrown by void casacore::GaussianBeam::setMajorMinor(const Quantity &, const Quantity &) at File: /Users/casaci/bamboohome/xml-data/build-dir/CASASPECS-RELEASE675BUILDCASALITH-BPO15ARMPY313/casa6/casatools/casacore/scimath/Mathematics/GaussianBeam.cc, line: 141 :  Setting restoring beam to largest valid beam.
2026-05-14 14:05:31	WARN	ImageRegridder::_doImagesOverlap	At least one of the images exceeds one degree on at one side, not checking for direction plane overlap.
1 of 52 solutions flagged due to SNR < 1 in spw=0 at 2021/07/26/00:01:15.2
2026-05-14 14:07:00	WARN	task_tclean::SIImageStore::getPSFGaussian (file /Users/casaci/bamboohome/xml-data/build-dir/CASASPECS-RELEASE675BUILDCASALITH-BPO15ARMPY313/casa6/casatools/src/code/synthesis/ImagerObjects/SIImageStore.cc, line 2143)	[Chan0:Pol0] Error Gaussian fit to PSF : Exception: Neither the major nor the minor axis value is permitted to be infinity or NaN.
2026-05-14 14:07:00	WARN	task_tclean::SIImageStore::getPSFGaussian (file /Users/casaci/bamboohome/xml-data/build-dir/CASASPECS-RELEASE675BUILDCASALITH-BPO15ARMPY313/casa6/casatools/src/code/synthesis/ImagerObjects/SIImageStore.cc, line 2143)+	... thrown by void casacore::GaussianBeam::setMajorMinor(const Quantity &, const Quantity &) at File: /Users/casaci/bamboohome/xml-data/build-dir/CASASPECS-RELEASE675BUILDCASALITH-BPO15ARMPY313/casa6/casatools/casacore/scimath/Mathematics/GaussianBeam.cc, line: 141 :  Setting restoring beam to largest valid beam.
2026-05-14 14:07:01	WARN	ImageRegridder::_doImagesOverlap	At least one of the images exceeds one degree on at one side, not checking for direction plane overlap.
2026-05-14 14:09:04	WARN	SDAlgorithmMSClean::takeOneStep (file /Users/casaci/bamboohome/xml-data/build-dir/CASASPECS-RELEASE675BUILDCASALITH-BPO15ARMPY313/casa6/casatools/src/code/synthesis/ImagerObjects/SDAlgorithmMSClean.cc, line 185)	MSClean minor cycle stopped at large scale negative or diverging
2026-05-14 14:09:16	WARN	task_tclean::SIImageStore::getPSFGaussian (file /Users/casaci/bamboohome/xml-data/build-dir/CASASPECS-RELEASE675BUILDCASALITH-BPO15ARMPY313/casa6/casatools/src/code/synthesis/ImagerObjects/SIImageStore.cc, line 2143)	[Chan0:Pol0] Error Gaussian fit to PSF : Exception: Neither the major nor the minor axis value is permitted to be infinity or NaN.
2026-05-14 14:09:16	WARN	task_tclean::SIImageStore::getPSFGaussian (file /Users/casaci/bamboohome/xml-data/build-dir/CASASPECS-RELEASE675BUILDCASALITH-BPO15ARMPY313/casa6/casatools/src/code/synthesis/ImagerObjects/SIImageStore.cc, line 2143)+	... thrown by void casacore::GaussianBeam::setMajorMinor(const Quantity &, const Quantity &) at File: /Users/casaci/bamboohome/xml-data/build-dir/CASASPECS-RELEASE675BUILDCASALITH-BPO15ARMPY313/casa6/casatools/casacore/scimath/Mathematics/GaussianBeam.cc, line: 141 :  Setting restoring beam to largest valid beam.
2026-05-14 14:09:17	WARN	ImageRegridder::_doImagesOverlap	At least one of the images exceeds one degree on at one side, not checking for direction plane overlap.
2026-05-14 14:09:46	WARN	SDAlgorithmMSClean::takeOneStep (file /Users/casaci/bamboohome/xml-data/build-dir/CASASPECS-RELEASE675BUILDCASALITH-BPO15ARMPY313/casa6/casatools/src/code/synthesis/ImagerObjects/SDAlgorithmMSClean.cc, line 185)	MSClean minor cycle stopped at large scale negative or diverging
2026-05-14 14:10:03	WARN	SDAlgorithmMSClean::takeOneStep (file /Users/casaci/bamboohome/xml-data/build-dir/CASASPECS-RELEASE675BUILDCASALITH-BPO15ARMPY313/casa6/casatools/src/code/synthesis/ImagerObjects/SDAlgorithmMSClean.cc, line 185)	MSClean minor cycle stopped at large scale negative or diverging
2026-05-14 14:10:18	WARN	SDAlgorithmMSClean::takeOneStep (file /Users/casaci/bamboohome/xml-data/build-dir/CASASPECS-RELEASE675BUILDCASALITH-BPO15ARMPY313/casa6/casatools/src/code/synthesis/ImagerObjects/SDAlgorithmMSClean.cc, line 185)	MSClean minor cycle stopped at large scale negative or diverging
2026-05-14 14:10:34	WARN	SDAlgorithmMSClean::takeOneStep (file /Users/casaci/bamboohome/xml-data/build-dir/CASASPECS-RELEASE675BUILDCASALITH-BPO15ARMPY313/casa6/casatools/src/code/synthesis/ImagerObjects/SDAlgorithmMSClean.cc, line 185)	MSClean minor cycle stopped at large scale negative or diverging
2026-05-14 14:10:37	WARN	SDAlgorithmMSClean::takeOneStep (file /Users/casaci/bamboohome/xml-data/build-dir/CASASPECS-RELEASE675BUILDCASALITH-BPO15ARMPY313/casa6/casatools/src/code/synthesis/ImagerObjects/SDAlgorithmMSClean.cc, line 185)	MSClean minor cycle stopped at large scale negative or diverging
2026-05-14 14:10:54	WARN	SDAlgorithmMSClean::takeOneStep (file /Users/casaci/bamboohome/xml-data/build-dir/CASASPECS-RELEASE675BUILDCASALITH-BPO15ARMPY313/casa6/casatools/src/code/synthesis/ImagerObjects/SDAlgorithmMSClean.cc, line 185)	MSClean minor cycle stopped at large scale negative or diverging
2026-05-14 14:11:10	WARN	SDAlgorithmMSClean::takeOneStep (file /Users/casaci/bamboohome/xml-data/build-dir/CASASPECS-RELEASE675BUILDCASALITH-BPO15ARMPY313/casa6/casatools/src/code/synthesis/ImagerObjects/SDAlgorithmMSClean.cc, line 185)	MSClean minor cycle stopped at large scale negative or diverging
2026-05-14 14:11:15	WARN	SDAlgorithmMSClean::takeOneStep (file /Users/casaci/bamboohome/xml-data/build-dir/CASASPECS-RELEASE675BUILDCASALITH-BPO15ARMPY313/casa6/casatools/src/code/synthesis/ImagerObjects/SDAlgorithmMSClean.cc, line 185)	MSClean minor cycle stopped at large scale negative or diverging
2026-05-14 14:11:30	WARN	SDAlgorithmMSClean::takeOneStep (file /Users/casaci/bamboohome/xml-data/build-dir/CASASPECS-RELEASE675BUILDCASALITH-BPO15ARMPY313/casa6/casatools/src/code/synthesis/ImagerObjects/SDAlgorithmMSClean.cc, line 185)	MSClean minor cycle stopped at large scale negative or diverging
2026-05-14 14:11:47	WARN	SDAlgorithmMSClean::takeOneStep (file /Users/casaci/bamboohome/xml-data/build-dir/CASASPECS-RELEASE675BUILDCASALITH-BPO15ARMPY313/casa6/casatools/src/code/synthesis/ImagerObjects/SDAlgorithmMSClean.cc, line 185)	MSClean minor cycle stopped at large scale negative or diverging
2026-05-14 14:12:15	WARN	SDAlgorithmMSClean::takeOneStep (file /Users/casaci/bamboohome/xml-data/build-dir/CASASPECS-RELEASE675BUILDCASALITH-BPO15ARMPY313/casa6/casatools/src/code/synthesis/ImagerObjects/SDAlgorithmMSClean.cc, line 185)	MSClean minor cycle stopped at large scale negative or diverging
2026-05-14 14:12:19	WARN	SDAlgorithmMSClean::takeOneStep (file /Users/casaci/bamboohome/xml-data/build-dir/CASASPECS-RELEASE675BUILDCASALITH-BPO15ARMPY313/casa6/casatools/src/code/synthesis/ImagerObjects/SDAlgorithmMSClean.cc, line 185)	MSClean minor cycle stopped at large scale negative or diverging
2026-05-14 14:12:35	WARN	SDAlgorithmMSClean::takeOneStep (file /Users/casaci/bamboohome/xml-data/build-dir/CASASPECS-RELEASE675BUILDCASALITH-BPO15ARMPY313/casa6/casatools/src/code/synthesis/ImagerObjects/SDAlgorithmMSClean.cc, line 185)	MSClean minor cycle stopped at large scale negative or diverging
2026-05-14 14:13:04	WARN	SDAlgorithmMSClean::takeOneStep (file /Users/casaci/bamboohome/xml-data/build-dir/CASASPECS-RELEASE675BUILDCASALITH-BPO15ARMPY313/casa6/casatools/src/code/synthesis/ImagerObjects/SDAlgorithmMSClean.cc, line 185)	MSClean minor cycle stopped at large scale negative or diverging
2026-05-14 14:13:22	WARN	SDAlgorithmMSClean::takeOneStep (file /Users/casaci/bamboohome/xml-data/build-dir/CASASPECS-RELEASE675BUILDCASALITH-BPO15ARMPY313/casa6/casatools/src/code/synthesis/ImagerObjects/SDAlgorithmMSClean.cc, line 185)	MSClean minor cycle stopped at large scale negative or diverging
2026-05-14 14:13:51	WARN	SDAlgorithmMSClean::takeOneStep (file /Users/casaci/bamboohome/xml-data/build-dir/CASASPECS-RELEASE675BUILDCASALITH-BPO15ARMPY313/casa6/casatools/src/code/synthesis/ImagerObjects/SDAlgorithmMSClean.cc, line 185)	MSClean minor cycle stopped at large scale negative or diverging
2026-05-14 14:13:56	WARN	SDAlgorithmMSClean::takeOneStep (file /Users/casaci/bamboohome/xml-data/build-dir/CASASPECS-RELEASE675BUILDCASALITH-BPO15ARMPY313/casa6/casatools/src/code/synthesis/ImagerObjects/SDAlgorithmMSClean.cc, line 185)	MSClean minor cycle stopped at large scale negative or diverging
2026-05-14 14:14:18	WARN	task_tclean::SIImageStore::getPSFGaussian (file /Users/casaci/bamboohome/xml-data/build-dir/CASASPECS-RELEASE675BUILDCASALITH-BPO15ARMPY313/casa6/casatools/src/code/synthesis/ImagerObjects/SIImageStore.cc, line 2143)	[Chan0:Pol0] Error Gaussian fit to PSF : Exception: Neither the major nor the minor axis value is permitted to be infinity or NaN.
2026-05-14 14:14:18	WARN	task_tclean::SIImageStore::getPSFGaussian (file /Users/casaci/bamboohome/xml-data/build-dir/CASASPECS-RELEASE675BUILDCASALITH-BPO15ARMPY313/casa6/casatools/src/code/synthesis/ImagerObjects/SIImageStore.cc, line 2143)+	... thrown by void casacore::GaussianBeam::setMajorMinor(const Quantity &, const Quantity &) at File: /Users/casaci/bamboohome/xml-data/build-dir/CASASPECS-RELEASE675BUILDCASALITH-BPO15ARMPY313/casa6/casatools/casacore/scimath/Mathematics/GaussianBeam.cc, line: 141 :  Setting restoring beam to largest valid beam.
2026-05-14 14:14:18	WARN	ImageRegridder::_doImagesOverlap	At least one of the images exceeds one degree on at one side, not checking for direction plane overlap.
2026-05-14 14:15:00	WARN	SDAlgorithmMSClean::takeOneStep (file /Users/casaci/bamboohome/xml-data/build-dir/CASASPECS-RELEASE675BUILDCASALITH-BPO15ARMPY313/casa6/casatools/src/code/synthesis/ImagerObjects/SDAlgorithmMSClean.cc, line 185)	MSClean minor cycle stopped at large scale negative or diverging
2026-05-14 14:15:16	WARN	SDAlgorithmMSClean::takeOneStep (file /Users/casaci/bamboohome/xml-data/build-dir/CASASPECS-RELEASE675BUILDCASALITH-BPO15ARMPY313/casa6/casatools/src/code/synthesis/ImagerObjects/SDAlgorithmMSClean.cc, line 185)	MSClean minor cycle stopped at large scale negative or diverging
2026-05-14 14:15:58	WARN	SDAlgorithmMSClean::takeOneStep (file /Users/casaci/bamboohome/xml-data/build-dir/CASASPECS-RELEASE675BUILDCASALITH-BPO15ARMPY313/casa6/casatools/src/code/synthesis/ImagerObjects/SDAlgorithmMSClean.cc, line 185)	MSClean minor cycle stopped at large scale negative or diverging
2026-05-14 14:16:16	WARN	SDAlgorithmMSClean::takeOneStep (file /Users/casaci/bamboohome/xml-data/build-dir/CASASPECS-RELEASE675BUILDCASALITH-BPO15ARMPY313/casa6/casatools/src/code/synthesis/ImagerObjects/SDAlgorithmMSClean.cc, line 185)	MSClean minor cycle stopped at large scale negative or diverging
2026-05-14 14:16:46	WARN	SDAlgorithmMSClean::takeOneStep (file /Users/casaci/bamboohome/xml-data/build-dir/CASASPECS-RELEASE675BUILDCASALITH-BPO15ARMPY313/casa6/casatools/src/code/synthesis/ImagerObjects/SDAlgorithmMSClean.cc, line 185)	MSClean minor cycle stopped at large scale negative or diverging
2026-05-14 14:17:02	WARN	SDAlgorithmMSClean::takeOneStep (file /Users/casaci/bamboohome/xml-data/build-dir/CASASPECS-RELEASE675BUILDCASALITH-BPO15ARMPY313/casa6/casatools/src/code/synthesis/ImagerObjects/SDAlgorithmMSClean.cc, line 185)	MSClean minor cycle stopped at large scale negative or diverging
2026-05-14 14:17:06	WARN	SDAlgorithmMSClean::takeOneStep (file /Users/casaci/bamboohome/xml-data/build-dir/CASASPECS-RELEASE675BUILDCASALITH-BPO15ARMPY313/casa6/casatools/src/code/synthesis/ImagerObjects/SDAlgorithmMSClean.cc, line 185)	MSClean minor cycle stopped at large scale negative or diverging
2026-05-14 14:17:22	WARN	SDAlgorithmMSClean::takeOneStep (file /Users/casaci/bamboohome/xml-data/build-dir/CASASPECS-RELEASE675BUILDCASALITH-BPO15ARMPY313/casa6/casatools/src/code/synthesis/ImagerObjects/SDAlgorithmMSClean.cc, line 185)	MSClean minor cycle stopped at large scale negative or diverging
2026-05-14 14:17:39	WARN	SDAlgorithmMSClean::takeOneStep (file /Users/casaci/bamboohome/xml-data/build-dir/CASASPECS-RELEASE675BUILDCASALITH-BPO15ARMPY313/casa6/casatools/src/code/synthesis/ImagerObjects/SDAlgorithmMSClean.cc, line 185)	MSClean minor cycle stopped at large scale negative or diverging
2026-05-14 14:17:55	WARN	SDAlgorithmMSClean::takeOneStep (file /Users/casaci/bamboohome/xml-data/build-dir/CASASPECS-RELEASE675BUILDCASALITH-BPO15ARMPY313/casa6/casatools/src/code/synthesis/ImagerObjects/SDAlgorithmMSClean.cc, line 185)	MSClean minor cycle stopped at large scale negative or diverging
2026-05-14 14:18:12	WARN	SDAlgorithmMSClean::takeOneStep (file /Users/casaci/bamboohome/xml-data/build-dir/CASASPECS-RELEASE675BUILDCASALITH-BPO15ARMPY313/casa6/casatools/src/code/synthesis/ImagerObjects/SDAlgorithmMSClean.cc, line 185)	MSClean minor cycle stopped at large scale negative or diverging
2026-05-14 14:18:28	WARN	SDAlgorithmMSClean::takeOneStep (file /Users/casaci/bamboohome/xml-data/build-dir/CASASPECS-RELEASE675BUILDCASALITH-BPO15ARMPY313/casa6/casatools/src/code/synthesis/ImagerObjects/SDAlgorithmMSClean.cc, line 185)	MSClean minor cycle stopped at large scale negative or diverging
2026-05-14 14:18:32	WARN	SDAlgorithmMSClean::takeOneStep (file /Users/casaci/bamboohome/xml-data/build-dir/CASASPECS-RELEASE675BUILDCASALITH-BPO15ARMPY313/casa6/casatools/src/code/synthesis/ImagerObjects/SDAlgorithmMSClean.cc, line 185)	MSClean minor cycle stopped at large scale negative or diverging
2026-05-14 14:18:49	WARN	SDAlgorithmMSClean::takeOneStep (file /Users/casaci/bamboohome/xml-data/build-dir/CASASPECS-RELEASE675BUILDCASALITH-BPO15ARMPY313/casa6/casatools/src/code/synthesis/ImagerObjects/SDAlgorithmMSClean.cc, line 185)	MSClean minor cycle stopped at large scale negative or diverging
2026-05-14 14:19:12	WARN	ImageRegridder::_doImagesOverlap	At least one of the images exceeds one degree on at one side, not checking for direction plane overlap.
3 of 52 solutions flagged due to SNR < 1 in spw=0 at 2021/07/26/00:02:36.0
2026-05-14 14:19:31	WARN	ImageRegridder::_doImagesOverlap	At least one of the images exceeds one degree on at one side, not checking for direction plane overlap.
2026-05-14 14:20:07	WARN	ImageRegridder::_doImagesOverlap	At least one of the images exceeds one degree on at one side, not checking for direction plane overlap.
2026-05-14 14:20:52	WARN	SDAlgorithmMSClean::takeOneStep (file /Users/casaci/bamboohome/xml-data/build-dir/CASASPECS-RELEASE675BUILDCASALITH-BPO15ARMPY313/casa6/casatools/src/code/synthesis/ImagerObjects/SDAlgorithmMSClean.cc, line 185)	MSClean minor cycle stopped at large scale negative or diverging
2026-05-14 14:21:16	WARN	SDAlgorithmMSClean::takeOneStep (file /Users/casaci/bamboohome/xml-data/build-dir/CASASPECS-RELEASE675BUILDCASALITH-BPO15ARMPY313/casa6/casatools/src/code/synthesis/ImagerObjects/SDAlgorithmMSClean.cc, line 185)	MSClean minor cycle stopped at large scale negative or diverging
2026-05-14 14:21:40	WARN	ImageRegridder::_doImagesOverlap	At least one of the images exceeds one degree on at one side, not checking for direction plane overlap.
2026-05-14 14:22:14	WARN	SDAlgorithmMSClean::takeOneStep (file /Users/casaci/bamboohome/xml-data/build-dir/CASASPECS-RELEASE675BUILDCASALITH-BPO15ARMPY313/casa6/casatools/src/code/synthesis/ImagerObjects/SDAlgorithmMSClean.cc, line 185)	MSClean minor cycle stopped at large scale negative or diverging
2026-05-14 14:22:38	WARN	SDAlgorithmMSClean::takeOneStep (file /Users/casaci/bamboohome/xml-data/build-dir/CASASPECS-RELEASE675BUILDCASALITH-BPO15ARMPY313/casa6/casatools/src/code/synthesis/ImagerObjects/SDAlgorithmMSClean.cc, line 185)	MSClean minor cycle stopped at large scale negative or diverging
2026-05-14 14:22:51	WARN	SDAlgorithmMSClean::takeOneStep (file /Users/casaci/bamboohome/xml-data/build-dir/CASASPECS-RELEASE675BUILDCASALITH-BPO15ARMPY313/casa6/casatools/src/code/synthesis/ImagerObjects/SDAlgorithmMSClean.cc, line 185)	MSClean minor cycle stopped at large scale negative or diverging
2026-05-14 14:23:04	WARN	SDAlgorithmMSClean::takeOneStep (file /Users/casaci/bamboohome/xml-data/build-dir/CASASPECS-RELEASE675BUILDCASALITH-BPO15ARMPY313/casa6/casatools/src/code/synthesis/ImagerObjects/SDAlgorithmMSClean.cc, line 185)	MSClean minor cycle stopped at large scale negative or diverging
2026-05-14 14:23:17	WARN	SDAlgorithmMSClean::takeOneStep (file /Users/casaci/bamboohome/xml-data/build-dir/CASASPECS-RELEASE675BUILDCASALITH-BPO15ARMPY313/casa6/casatools/src/code/synthesis/ImagerObjects/SDAlgorithmMSClean.cc, line 185)	MSClean minor cycle stopped at large scale negative or diverging
2026-05-14 14:23:30	WARN	SDAlgorithmMSClean::takeOneStep (file /Users/casaci/bamboohome/xml-data/build-dir/CASASPECS-RELEASE675BUILDCASALITH-BPO15ARMPY313/casa6/casatools/src/code/synthesis/ImagerObjects/SDAlgorithmMSClean.cc, line 185)	MSClean minor cycle stopped at large scale negative or diverging
2026-05-14 14:23:55	WARN	SDAlgorithmMSClean::takeOneStep (file /Users/casaci/bamboohome/xml-data/build-dir/CASASPECS-RELEASE675BUILDCASALITH-BPO15ARMPY313/casa6/casatools/src/code/synthesis/ImagerObjects/SDAlgorithmMSClean.cc, line 185)	MSClean minor cycle stopped at large scale negative or diverging
2026-05-14 14:24:05	WARN	ImageRegridder::_doImagesOverlap	At least one of the images exceeds one degree on at one side, not checking for direction plane overlap.
2026-05-14 14:24:20	WARN	SDAlgorithmMSClean::takeOneStep (file /Users/casaci/bamboohome/xml-data/build-dir/CASASPECS-RELEASE675BUILDCASALITH-BPO15ARMPY313/casa6/casatools/src/code/synthesis/ImagerObjects/SDAlgorithmMSClean.cc, line 185)	MSClean minor cycle stopped at large scale negative or diverging
2026-05-14 14:24:23	WARN	SDAlgorithmMSClean::takeOneStep (file /Users/casaci/bamboohome/xml-data/build-dir/CASASPECS-RELEASE675BUILDCASALITH-BPO15ARMPY313/casa6/casatools/src/code/synthesis/ImagerObjects/SDAlgorithmMSClean.cc, line 185)	MSClean minor cycle stopped at large scale negative or diverging
2026-05-14 14:24:39	WARN	SDAlgorithmMSClean::takeOneStep (file /Users/casaci/bamboohome/xml-data/build-dir/CASASPECS-RELEASE675BUILDCASALITH-BPO15ARMPY313/casa6/casatools/src/code/synthesis/ImagerObjects/SDAlgorithmMSClean.cc, line 185)	MSClean minor cycle stopped at large scale negative or diverging
2026-05-14 14:24:56	WARN	SDAlgorithmMSClean::takeOneStep (file /Users/casaci/bamboohome/xml-data/build-dir/CASASPECS-RELEASE675BUILDCASALITH-BPO15ARMPY313/casa6/casatools/src/code/synthesis/ImagerObjects/SDAlgorithmMSClean.cc, line 185)	MSClean minor cycle stopped at large scale negative or diverging
2026-05-14 14:24:59	WARN	SDAlgorithmMSClean::takeOneStep (file /Users/casaci/bamboohome/xml-data/build-dir/CASASPECS-RELEASE675BUILDCASALITH-BPO15ARMPY313/casa6/casatools/src/code/synthesis/ImagerObjects/SDAlgorithmMSClean.cc, line 185)	MSClean minor cycle stopped at large scale negative or diverging
2026-05-14 14:25:15	WARN	SDAlgorithmMSClean::takeOneStep (file /Users/casaci/bamboohome/xml-data/build-dir/CASASPECS-RELEASE675BUILDCASALITH-BPO15ARMPY313/casa6/casatools/src/code/synthesis/ImagerObjects/SDAlgorithmMSClean.cc, line 185)	MSClean minor cycle stopped at large scale negative or diverging
2026-05-14 14:25:19	WARN	SDAlgorithmMSClean::takeOneStep (file /Users/casaci/bamboohome/xml-data/build-dir/CASASPECS-RELEASE675BUILDCASALITH-BPO15ARMPY313/casa6/casatools/src/code/synthesis/ImagerObjects/SDAlgorithmMSClean.cc, line 185)	MSClean minor cycle stopped at large scale negative or diverging
2026-05-14 14:25:48	WARN	SDAlgorithmMSClean::takeOneStep (file /Users/casaci/bamboohome/xml-data/build-dir/CASASPECS-RELEASE675BUILDCASALITH-BPO15ARMPY313/casa6/casatools/src/code/synthesis/ImagerObjects/SDAlgorithmMSClean.cc, line 185)	MSClean minor cycle stopped at large scale negative or diverging
2026-05-14 14:25:54	WARN	SDAlgorithmMSClean::takeOneStep (file /Users/casaci/bamboohome/xml-data/build-dir/CASASPECS-RELEASE675BUILDCASALITH-BPO15ARMPY313/casa6/casatools/src/code/synthesis/ImagerObjects/SDAlgorithmMSClean.cc, line 185)	MSClean minor cycle stopped at large scale negative or diverging
2026-05-14 14:26:23	WARN	SDAlgorithmMSClean::takeOneStep (file /Users/casaci/bamboohome/xml-data/build-dir/CASASPECS-RELEASE675BUILDCASALITH-BPO15ARMPY313/casa6/casatools/src/code/synthesis/ImagerObjects/SDAlgorithmMSClean.cc, line 185)	MSClean minor cycle stopped at large scale negative or diverging
2026-05-14 14:26:27	WARN	SDAlgorithmMSClean::takeOneStep (file /Users/casaci/bamboohome/xml-data/build-dir/CASASPECS-RELEASE675BUILDCASALITH-BPO15ARMPY313/casa6/casatools/src/code/synthesis/ImagerObjects/SDAlgorithmMSClean.cc, line 185)	MSClean minor cycle stopped at large scale negative or diverging
2026-05-14 14:26:44	WARN	SDAlgorithmMSClean::takeOneStep (file /Users/casaci/bamboohome/xml-data/build-dir/CASASPECS-RELEASE675BUILDCASALITH-BPO15ARMPY313/casa6/casatools/src/code/synthesis/ImagerObjects/SDAlgorithmMSClean.cc, line 185)	MSClean minor cycle stopped at large scale negative or diverging
2026-05-14 14:27:00	WARN	SDAlgorithmMSClean::takeOneStep (file /Users/casaci/bamboohome/xml-data/build-dir/CASASPECS-RELEASE675BUILDCASALITH-BPO15ARMPY313/casa6/casatools/src/code/synthesis/ImagerObjects/SDAlgorithmMSClean.cc, line 185)	MSClean minor cycle stopped at large scale negative or diverging
2026-05-14 14:27:04	WARN	SDAlgorithmMSClean::takeOneStep (file /Users/casaci/bamboohome/xml-data/build-dir/CASASPECS-RELEASE675BUILDCASALITH-BPO15ARMPY313/casa6/casatools/src/code/synthesis/ImagerObjects/SDAlgorithmMSClean.cc, line 185)	MSClean minor cycle stopped at large scale negative or diverging
2026-05-14 14:27:34	WARN	SDAlgorithmMSClean::takeOneStep (file /Users/casaci/bamboohome/xml-data/build-dir/CASASPECS-RELEASE675BUILDCASALITH-BPO15ARMPY313/casa6/casatools/src/code/synthesis/ImagerObjects/SDAlgorithmMSClean.cc, line 185)	MSClean minor cycle stopped at large scale negative or diverging
2026-05-14 14:27:40	WARN	SDAlgorithmMSClean::takeOneStep (file /Users/casaci/bamboohome/xml-data/build-dir/CASASPECS-RELEASE675BUILDCASALITH-BPO15ARMPY313/casa6/casatools/src/code/synthesis/ImagerObjects/SDAlgorithmMSClean.cc, line 185)	MSClean minor cycle stopped at large scale negative or diverging
2026-05-14 14:27:57	WARN	SDAlgorithmMSClean::takeOneStep (file /Users/casaci/bamboohome/xml-data/build-dir/CASASPECS-RELEASE675BUILDCASALITH-BPO15ARMPY313/casa6/casatools/src/code/synthesis/ImagerObjects/SDAlgorithmMSClean.cc, line 185)	MSClean minor cycle stopped at large scale negative or diverging
2026-05-14 14:28:13	WARN	SDAlgorithmMSClean::takeOneStep (file /Users/casaci/bamboohome/xml-data/build-dir/CASASPECS-RELEASE675BUILDCASALITH-BPO15ARMPY313/casa6/casatools/src/code/synthesis/ImagerObjects/SDAlgorithmMSClean.cc, line 185)	MSClean minor cycle stopped at large scale negative or diverging
2026-05-14 14:28:16	WARN	SDAlgorithmMSClean::takeOneStep (file /Users/casaci/bamboohome/xml-data/build-dir/CASASPECS-RELEASE675BUILDCASALITH-BPO15ARMPY313/casa6/casatools/src/code/synthesis/ImagerObjects/SDAlgorithmMSClean.cc, line 185)	MSClean minor cycle stopped at large scale negative or diverging
2026-05-14 14:28:32	WARN	SDAlgorithmMSClean::takeOneStep (file /Users/casaci/bamboohome/xml-data/build-dir/CASASPECS-RELEASE675BUILDCASALITH-BPO15ARMPY313/casa6/casatools/src/code/synthesis/ImagerObjects/SDAlgorithmMSClean.cc, line 185)	MSClean minor cycle stopped at large scale negative or diverging
2026-05-14 14:28:40	WARN	SDAlgorithmMSClean::takeOneStep (file /Users/casaci/bamboohome/xml-data/build-dir/CASASPECS-RELEASE675BUILDCASALITH-BPO15ARMPY313/casa6/casatools/src/code/synthesis/ImagerObjects/SDAlgorithmMSClean.cc, line 185)	MSClean minor cycle stopped at large scale negative or diverging
2026-05-14 14:29:09	WARN	SDAlgorithmMSClean::takeOneStep (file /Users/casaci/bamboohome/xml-data/build-dir/CASASPECS-RELEASE675BUILDCASALITH-BPO15ARMPY313/casa6/casatools/src/code/synthesis/ImagerObjects/SDAlgorithmMSClean.cc, line 185)	MSClean minor cycle stopped at large scale negative or diverging
2026-05-14 14:29:15	WARN	ImageRegridder::_doImagesOverlap	At least one of the images exceeds one degree on at one side, not checking for direction plane overlap.
2026-05-14 14:30:36	WARN	SDAlgorithmMSClean::takeOneStep (file /Users/casaci/bamboohome/xml-data/build-dir/CASASPECS-RELEASE675BUILDCASALITH-BPO15ARMPY313/casa6/casatools/src/code/synthesis/ImagerObjects/SDAlgorithmMSClean.cc, line 185)	MSClean minor cycle stopped at large scale negative or diverging
2026-05-14 14:30:39	WARN	SDAlgorithmMSClean::takeOneStep (file /Users/casaci/bamboohome/xml-data/build-dir/CASASPECS-RELEASE675BUILDCASALITH-BPO15ARMPY313/casa6/casatools/src/code/synthesis/ImagerObjects/SDAlgorithmMSClean.cc, line 185)	MSClean minor cycle stopped at large scale negative or diverging
2026-05-14 14:30:55	WARN	SDAlgorithmMSClean::takeOneStep (file /Users/casaci/bamboohome/xml-data/build-dir/CASASPECS-RELEASE675BUILDCASALITH-BPO15ARMPY313/casa6/casatools/src/code/synthesis/ImagerObjects/SDAlgorithmMSClean.cc, line 185)	MSClean minor cycle stopped at large scale negative or diverging
2026-05-14 14:30:59	WARN	SDAlgorithmMSClean::takeOneStep (file /Users/casaci/bamboohome/xml-data/build-dir/CASASPECS-RELEASE675BUILDCASALITH-BPO15ARMPY313/casa6/casatools/src/code/synthesis/ImagerObjects/SDAlgorithmMSClean.cc, line 185)	MSClean minor cycle stopped at large scale negative or diverging
2026-05-14 14:31:17	WARN	SDAlgorithmMSClean::takeOneStep (file /Users/casaci/bamboohome/xml-data/build-dir/CASASPECS-RELEASE675BUILDCASALITH-BPO15ARMPY313/casa6/casatools/src/code/synthesis/ImagerObjects/SDAlgorithmMSClean.cc, line 185)	MSClean minor cycle stopped at large scale negative or diverging
2026-05-14 14:31:34	WARN	SDAlgorithmMSClean::takeOneStep (file /Users/casaci/bamboohome/xml-data/build-dir/CASASPECS-RELEASE675BUILDCASALITH-BPO15ARMPY313/casa6/casatools/src/code/synthesis/ImagerObjects/SDAlgorithmMSClean.cc, line 185)	MSClean minor cycle stopped at large scale negative or diverging
2026-05-14 14:31:57	WARN	SDAlgorithmMSClean::takeOneStep (file /Users/casaci/bamboohome/xml-data/build-dir/CASASPECS-RELEASE675BUILDCASALITH-BPO15ARMPY313/casa6/casatools/src/code/synthesis/ImagerObjects/SDAlgorithmMSClean.cc, line 185)	MSClean minor cycle stopped at large scale negative or diverging
2026-05-14 14:32:13	WARN	SDAlgorithmMSClean::takeOneStep (file /Users/casaci/bamboohome/xml-data/build-dir/CASASPECS-RELEASE675BUILDCASALITH-BPO15ARMPY313/casa6/casatools/src/code/synthesis/ImagerObjects/SDAlgorithmMSClean.cc, line 185)	MSClean minor cycle stopped at large scale negative or diverging
2026-05-14 14:32:21	WARN	SDAlgorithmMSClean::takeOneStep (file /Users/casaci/bamboohome/xml-data/build-dir/CASASPECS-RELEASE675BUILDCASALITH-BPO15ARMPY313/casa6/casatools/src/code/synthesis/ImagerObjects/SDAlgorithmMSClean.cc, line 185)	MSClean minor cycle stopped at large scale negative or diverging
2026-05-14 14:32:37	WARN	SDAlgorithmMSClean::takeOneStep (file /Users/casaci/bamboohome/xml-data/build-dir/CASASPECS-RELEASE675BUILDCASALITH-BPO15ARMPY313/casa6/casatools/src/code/synthesis/ImagerObjects/SDAlgorithmMSClean.cc, line 185)	MSClean minor cycle stopped at large scale negative or diverging
2026-05-14 14:32:43	WARN	SDAlgorithmMSClean::takeOneStep (file /Users/casaci/bamboohome/xml-data/build-dir/CASASPECS-RELEASE675BUILDCASALITH-BPO15ARMPY313/casa6/casatools/src/code/synthesis/ImagerObjects/SDAlgorithmMSClean.cc, line 185)	MSClean minor cycle stopped at large scale negative or diverging
2026-05-14 14:33:00	WARN	SDAlgorithmMSClean::takeOneStep (file /Users/casaci/bamboohome/xml-data/build-dir/CASASPECS-RELEASE675BUILDCASALITH-BPO15ARMPY313/casa6/casatools/src/code/synthesis/ImagerObjects/SDAlgorithmMSClean.cc, line 185)	MSClean minor cycle stopped at large scale negative or diverging
2026-05-14 14:33:06	WARN	SDAlgorithmMSClean::takeOneStep (file /Users/casaci/bamboohome/xml-data/build-dir/CASASPECS-RELEASE675BUILDCASALITH-BPO15ARMPY313/casa6/casatools/src/code/synthesis/ImagerObjects/SDAlgorithmMSClean.cc, line 185)	MSClean minor cycle stopped at large scale negative or diverging
2026-05-14 14:33:28	WARN	SDAlgorithmMSClean::takeOneStep (file /Users/casaci/bamboohome/xml-data/build-dir/CASASPECS-RELEASE675BUILDCASALITH-BPO15ARMPY313/casa6/casatools/src/code/synthesis/ImagerObjects/SDAlgorithmMSClean.cc, line 185)	MSClean minor cycle stopped at large scale negative or diverging
2026-05-14 14:33:58	WARN	SDAlgorithmMSClean::takeOneStep (file /Users/casaci/bamboohome/xml-data/build-dir/CASASPECS-RELEASE675BUILDCASALITH-BPO15ARMPY313/casa6/casatools/src/code/synthesis/ImagerObjects/SDAlgorithmMSClean.cc, line 185)	MSClean minor cycle stopped at large scale negative or diverging
2026-05-14 14:34:08	WARN	ImageRegridder::_doImagesOverlap	At least one of the images exceeds one degree on at one side, not checking for direction plane overlap.
1 of 52 solutions flagged due to SNR < 1 in spw=0 at 2021/07/26/00:03:56.9
2026-05-14 14:34:27	WARN	ImageRegridder::_doImagesOverlap	At least one of the images exceeds one degree on at one side, not checking for direction plane overlap.
3 of 52 solutions flagged due to SNR < 1 in spw=0 at 2021/07/26/00:03:56.8
2026-05-14 14:35:03	WARN	ImageRegridder::_doImagesOverlap	At least one of the images exceeds one degree on at one side, not checking for direction plane overlap.
2026-05-14 14:36:32	WARN	ImageRegridder::_doImagesOverlap	At least one of the images exceeds one degree on at one side, not checking for direction plane overlap.
2026-05-14 14:37:18	WARN	SDAlgorithmMSClean::takeOneStep (file /Users/casaci/bamboohome/xml-data/build-dir/CASASPECS-RELEASE675BUILDCASALITH-BPO15ARMPY313/casa6/casatools/src/code/synthesis/ImagerObjects/SDAlgorithmMSClean.cc, line 185)	MSClean minor cycle stopped at large scale negative or diverging
2026-05-14 14:37:42	WARN	SDAlgorithmMSClean::takeOneStep (file /Users/casaci/bamboohome/xml-data/build-dir/CASASPECS-RELEASE675BUILDCASALITH-BPO15ARMPY313/casa6/casatools/src/code/synthesis/ImagerObjects/SDAlgorithmMSClean.cc, line 185)	MSClean minor cycle stopped at large scale negative or diverging

[selfcal-dev]     solmode='L1'  refant='1'  refantmode='flex'
[selfcal-dev]   Cycle 5/5: applycal
[selfcal-dev]   Cycle 5/5: exported /Users/raj030/DATA/gmrt_40_014/work/casa_selfcal/moon0520_stk10_phasecenter/moon0520_stk0010_n10/moon0520_stk0010_n10_sc5.fits
[selfcal-dev]   Final image: tclean niter=1000  uvrange=''  scales=[0, 5, 15, 45, 90]
[selfcal-dev]   Exported: /Users/raj030/DATA/gmrt_40_014/work/casa_selfcal/moon0520_stk10_phasecenter/moon0520_stk0010_n10/moon0520_stk0010_n10_final.fits

[selfcal-dev] === Stack start_idx=20  n=10  JD=2459421.498588..2459421.499427  timerange=2021/07/25/23:57:54~2021/07/25/23:59:14 ===
[selfcal-dev]   Moon at RA=330.9850°  Dec=-17.4532°  offset=4.13arcmin from field centre  (image half-width=38.4arcmin)
[selfcal-dev]   mask-center (ephem): RA=330.984957 deg  Dec=-17.453249 deg
[selfcal-dev]   mask-radius: 20.00 arcmin
[selfcal-dev]   mask-string: circle[[22:03:56.390, -17.27.11.70], 20.0arcmin]
[selfcal-dev]   tclean phasecenter: ENABLED (J2000 22h03m56.390s -17d27m11.70s)
[selfcal-dev]   Cycle 1/5: tclean niter=100  img_uvrange=''  cal_uvrange=''  scales=[0, 5, 15]
[selfcal-dev]   Cycle 1/5: gaincal → /Users/raj030/DATA/gmrt_40_014/work/casa_selfcal/moon0520_stk10_phasecenter/moon0520_stk0020_n10/moon0520_stk0020_n10_sc1.gcal
[selfcal-dev]     solmode='L1'  refant='1'  refantmode='flex'
[selfcal-dev]   Cycle 1/5: applycal
[selfcal-dev]   Cycle 1/5: exported /Users/raj030/DATA/gmrt_40_014/work/casa_selfcal/moon0520_stk10_phasecenter/moon0520_stk0020_n10/moon0520_stk0020_n10_sc1.fits
[selfcal-dev]   Cycle 2/5: tclean niter=200  img_uvrange=''  cal_uvrange=''  scales=[0, 5, 15]
[selfcal-dev]   Cycle 2/5: gaincal → /Users/raj030/DATA/gmrt_40_014/work/casa_selfcal/moon0520_stk10_phasecenter/moon0520_stk0020_n10/moon0520_stk0020_n10_sc2.gcal
[selfcal-dev]     solmode='L1'  refant='1'  refantmode='flex'
[selfcal-dev]   Cycle 2/5: applycal
[selfcal-dev]   Cycle 2/5: exported /Users/raj030/DATA/gmrt_40_014/work/casa_selfcal/moon0520_stk10_phasecenter/moon0520_stk0020_n10/moon0520_stk0020_n10_sc2.fits
[selfcal-dev]   Cycle 3/5: tclean niter=400  img_uvrange=''  cal_uvrange=''  scales=[0, 5, 15, 45]
[selfcal-dev]   Cycle 3/5: gaincal → /Users/raj030/DATA/gmrt_40_014/work/casa_selfcal/moon0520_stk10_phasecenter/moon0520_stk0020_n10/moon0520_stk0020_n10_sc3.gcal
[selfcal-dev]     solmode='L1'  refant='1'  refantmode='flex'
[selfcal-dev]   Cycle 3/5: applycal
[selfcal-dev]   Cycle 3/5: exported /Users/raj030/DATA/gmrt_40_014/work/casa_selfcal/moon0520_stk10_phasecenter/moon0520_stk0020_n10/moon0520_stk0020_n10_sc3.fits
[selfcal-dev]   Cycle 4/5: tclean niter=600  img_uvrange=''  cal_uvrange=''  scales=[0, 5, 15, 45]
[selfcal-dev]   Cycle 4/5: gaincal → /Users/raj030/DATA/gmrt_40_014/work/casa_selfcal/moon0520_stk10_phasecenter/moon0520_stk0020_n10/moon0520_stk0020_n10_sc4.gcal
[selfcal-dev]     solmode='L1'  refant='1'  refantmode='flex'
[selfcal-dev]   Cycle 4/5: applycal
[selfcal-dev]   Cycle 4/5: exported /Users/raj030/DATA/gmrt_40_014/work/casa_selfcal/moon0520_stk10_phasecenter/moon0520_stk0020_n10/moon0520_stk0020_n10_sc4.fits
[selfcal-dev]   Cycle 5/5: tclean niter=1000  img_uvrange=''  cal_uvrange=''  scales=[0, 5, 15, 45, 90]
[selfcal-dev]   Cycle 5/5: gaincal → /Users/raj030/DATA/gmrt_40_014/work/casa_selfcal/moon0520_stk10_phasecenter/moon0520_stk0020_n10/moon0520_stk0020_n10_sc5.gcal
[selfcal-dev]     solmode='L1'  refant='1'  refantmode='flex'
[selfcal-dev]   Cycle 5/5: applycal
[selfcal-dev]   Cycle 5/5: exported /Users/raj030/DATA/gmrt_40_014/work/casa_selfcal/moon0520_stk10_phasecenter/moon0520_stk0020_n10/moon0520_stk0020_n10_sc5.fits
[selfcal-dev]   Final image: tclean niter=1000  uvrange=''  scales=[0, 5, 15, 45, 90]
[selfcal-dev]   Exported: /Users/raj030/DATA/gmrt_40_014/work/casa_selfcal/moon0520_stk10_phasecenter/moon0520_stk0020_n10/moon0520_stk0020_n10_final.fits

[selfcal-dev] === Stack start_idx=30  n=10  JD=2459421.499521..2459421.500359  timerange=2021/07/25/23:59:14~2021/07/26/00:00:35 ===
[selfcal-dev]   Moon at RA=330.9938°  Dec=-17.4478°  offset=4.73arcmin from field centre  (image half-width=38.4arcmin)
[selfcal-dev]   mask-center (ephem): RA=330.993772 deg  Dec=-17.447801 deg
[selfcal-dev]   mask-radius: 20.00 arcmin
[selfcal-dev]   mask-string: circle[[22:03:58.505, -17.26.52.08], 20.0arcmin]
[selfcal-dev]   tclean phasecenter: ENABLED (J2000 22h03m58.505s -17d26m52.08s)
[selfcal-dev]   Cycle 1/5: tclean niter=100  img_uvrange=''  cal_uvrange=''  scales=[0, 5, 15]
[selfcal-dev]   Cycle 1/5: gaincal → /Users/raj030/DATA/gmrt_40_014/work/casa_selfcal/moon0520_stk10_phasecenter/moon0520_stk0030_n10/moon0520_stk0030_n10_sc1.gcal
[selfcal-dev]     solmode='L1'  refant='1'  refantmode='flex'
[selfcal-dev]   Cycle 1/5: applycal
[selfcal-dev]   Cycle 1/5: exported /Users/raj030/DATA/gmrt_40_014/work/casa_selfcal/moon0520_stk10_phasecenter/moon0520_stk0030_n10/moon0520_stk0030_n10_sc1.fits
[selfcal-dev]   Cycle 2/5: tclean niter=200  img_uvrange=''  cal_uvrange=''  scales=[0, 5, 15]
[selfcal-dev]   Cycle 2/5: gaincal → /Users/raj030/DATA/gmrt_40_014/work/casa_selfcal/moon0520_stk10_phasecenter/moon0520_stk0030_n10/moon0520_stk0030_n10_sc2.gcal
[selfcal-dev]     solmode='L1'  refant='1'  refantmode='flex'
[selfcal-dev]   Cycle 2/5: applycal
[selfcal-dev]   Cycle 2/5: exported /Users/raj030/DATA/gmrt_40_014/work/casa_selfcal/moon0520_stk10_phasecenter/moon0520_stk0030_n10/moon0520_stk0030_n10_sc2.fits
[selfcal-dev]   Cycle 3/5: tclean niter=400  img_uvrange=''  cal_uvrange=''  scales=[0, 5, 15, 45]
[selfcal-dev]   Cycle 3/5: gaincal → /Users/raj030/DATA/gmrt_40_014/work/casa_selfcal/moon0520_stk10_phasecenter/moon0520_stk0030_n10/moon0520_stk0030_n10_sc3.gcal
[selfcal-dev]     solmode='L1'  refant='1'  refantmode='flex'
[selfcal-dev]   Cycle 3/5: applycal
[selfcal-dev]   Cycle 3/5: exported /Users/raj030/DATA/gmrt_40_014/work/casa_selfcal/moon0520_stk10_phasecenter/moon0520_stk0030_n10/moon0520_stk0030_n10_sc3.fits
[selfcal-dev]   Cycle 4/5: tclean niter=600  img_uvrange=''  cal_uvrange=''  scales=[0, 5, 15, 45]
[selfcal-dev]   Cycle 4/5: gaincal → /Users/raj030/DATA/gmrt_40_014/work/casa_selfcal/moon0520_stk10_phasecenter/moon0520_stk0030_n10/moon0520_stk0030_n10_sc4.gcal
[selfcal-dev]     solmode='L1'  refant='1'  refantmode='flex'
[selfcal-dev]   Cycle 4/5: applycal
[selfcal-dev]   Cycle 4/5: exported /Users/raj030/DATA/gmrt_40_014/work/casa_selfcal/moon0520_stk10_phasecenter/moon0520_stk0030_n10/moon0520_stk0030_n10_sc4.fits
[selfcal-dev]   Cycle 5/5: tclean niter=1000  img_uvrange=''  cal_uvrange=''  scales=[0, 5, 15, 45, 90]
[selfcal-dev]   Cycle 5/5: gaincal → /Users/raj030/DATA/gmrt_40_014/work/casa_selfcal/moon0520_stk10_phasecenter/moon0520_stk0030_n10/moon0520_stk0030_n10_sc5.gcal
[selfcal-dev]     solmode='L1'  refant='1'  refantmode='flex'
[selfcal-dev]   Cycle 5/5: applycal
[selfcal-dev]   Cycle 5/5: exported /Users/raj030/DATA/gmrt_40_014/work/casa_selfcal/moon0520_stk10_phasecenter/moon0520_stk0030_n10/moon0520_stk0030_n10_sc5.fits
[selfcal-dev]   Final image: tclean niter=1000  uvrange=''  scales=[0, 5, 15, 45, 90]
[selfcal-dev]   Exported: /Users/raj030/DATA/gmrt_40_014/work/casa_selfcal/moon0520_stk10_phasecenter/moon0520_stk0030_n10/moon0520_stk0030_n10_final.fits

[selfcal-dev] === Stack start_idx=40  n=10  JD=2459421.500453..2459421.501291  timerange=2021/07/26/00:00:35~2021/07/26/00:01:55 ===
[selfcal-dev]   Moon at RA=331.0026°  Dec=-17.4423°  offset=5.34arcmin from field centre  (image half-width=38.4arcmin)
[selfcal-dev]   mask-center (ephem): RA=331.002609 deg  Dec=-17.442347 deg
[selfcal-dev]   mask-radius: 20.00 arcmin
[selfcal-dev]   mask-string: circle[[22:04:00.626, -17.26.32.45], 20.0arcmin]
[selfcal-dev]   tclean phasecenter: ENABLED (J2000 22h04m00.626s -17d26m32.45s)
[selfcal-dev]   Cycle 1/5: tclean niter=100  img_uvrange=''  cal_uvrange=''  scales=[0, 5, 15]
[selfcal-dev]   Cycle 1/5: gaincal → /Users/raj030/DATA/gmrt_40_014/work/casa_selfcal/moon0520_stk10_phasecenter/moon0520_stk0040_n10/moon0520_stk0040_n10_sc1.gcal
[selfcal-dev]     solmode='L1'  refant='1'  refantmode='flex'
[selfcal-dev]   Cycle 1/5: applycal
[selfcal-dev]   Cycle 1/5: exported /Users/raj030/DATA/gmrt_40_014/work/casa_selfcal/moon0520_stk10_phasecenter/moon0520_stk0040_n10/moon0520_stk0040_n10_sc1.fits2026-05-14 14:38:50	WARN	ImageRegridder::_doImagesOverlap	At least one of the images exceeds one degree on at one side, not checking for direction plane overlap.
2026-05-14 14:39:32	WARN	SDAlgorithmMSClean::takeOneStep (file /Users/casaci/bamboohome/xml-data/build-dir/CASASPECS-RELEASE675BUILDCASALITH-BPO15ARMPY313/casa6/casatools/src/code/synthesis/ImagerObjects/SDAlgorithmMSClean.cc, line 185)	MSClean minor cycle stopped at large scale negative or diverging
2026-05-14 14:39:47	WARN	SDAlgorithmMSClean::takeOneStep (file /Users/casaci/bamboohome/xml-data/build-dir/CASASPECS-RELEASE675BUILDCASALITH-BPO15ARMPY313/casa6/casatools/src/code/synthesis/ImagerObjects/SDAlgorithmMSClean.cc, line 185)	MSClean minor cycle stopped at large scale negative or diverging
2026-05-14 14:40:04	WARN	SDAlgorithmMSClean::takeOneStep (file /Users/casaci/bamboohome/xml-data/build-dir/CASASPECS-RELEASE675BUILDCASALITH-BPO15ARMPY313/casa6/casatools/src/code/synthesis/ImagerObjects/SDAlgorithmMSClean.cc, line 185)	MSClean minor cycle stopped at large scale negative or diverging
2026-05-14 14:40:33	WARN	SDAlgorithmMSClean::takeOneStep (file /Users/casaci/bamboohome/xml-data/build-dir/CASASPECS-RELEASE675BUILDCASALITH-BPO15ARMPY313/casa6/casatools/src/code/synthesis/ImagerObjects/SDAlgorithmMSClean.cc, line 185)	MSClean minor cycle stopped at large scale negative or diverging
2026-05-14 14:40:36	WARN	SDAlgorithmMSClean::takeOneStep (file /Users/casaci/bamboohome/xml-data/build-dir/CASASPECS-RELEASE675BUILDCASALITH-BPO15ARMPY313/casa6/casatools/src/code/synthesis/ImagerObjects/SDAlgorithmMSClean.cc, line 185)	MSClean minor cycle stopped at large scale negative or diverging
2026-05-14 14:40:52	WARN	SDAlgorithmMSClean::takeOneStep (file /Users/casaci/bamboohome/xml-data/build-dir/CASASPECS-RELEASE675BUILDCASALITH-BPO15ARMPY313/casa6/casatools/src/code/synthesis/ImagerObjects/SDAlgorithmMSClean.cc, line 185)	MSClean minor cycle stopped at large scale negative or diverging
2026-05-14 14:40:57	WARN	SDAlgorithmMSClean::takeOneStep (file /Users/casaci/bamboohome/xml-data/build-dir/CASASPECS-RELEASE675BUILDCASALITH-BPO15ARMPY313/casa6/casatools/src/code/synthesis/ImagerObjects/SDAlgorithmMSClean.cc, line 185)	MSClean minor cycle stopped at large scale negative or diverging
2026-05-14 14:41:13	WARN	SDAlgorithmMSClean::takeOneStep (file /Users/casaci/bamboohome/xml-data/build-dir/CASASPECS-RELEASE675BUILDCASALITH-BPO15ARMPY313/casa6/casatools/src/code/synthesis/ImagerObjects/SDAlgorithmMSClean.cc, line 185)	MSClean minor cycle stopped at large scale negative or diverging
2026-05-14 14:41:28	WARN	SDAlgorithmMSClean::takeOneStep (file /Users/casaci/bamboohome/xml-data/build-dir/CASASPECS-RELEASE675BUILDCASALITH-BPO15ARMPY313/casa6/casatools/src/code/synthesis/ImagerObjects/SDAlgorithmMSClean.cc, line 185)	MSClean minor cycle stopped at large scale negative or diverging
2026-05-14 14:41:31	WARN	SDAlgorithmMSClean::takeOneStep (file /Users/casaci/bamboohome/xml-data/build-dir/CASASPECS-RELEASE675BUILDCASALITH-BPO15ARMPY313/casa6/casatools/src/code/synthesis/ImagerObjects/SDAlgorithmMSClean.cc, line 185)	MSClean minor cycle stopped at large scale negative or diverging
2026-05-14 14:41:47	WARN	SDAlgorithmMSClean::takeOneStep (file /Users/casaci/bamboohome/xml-data/build-dir/CASASPECS-RELEASE675BUILDCASALITH-BPO15ARMPY313/casa6/casatools/src/code/synthesis/ImagerObjects/SDAlgorithmMSClean.cc, line 185)	MSClean minor cycle stopped at large scale negative or diverging
2026-05-14 14:42:03	WARN	SDAlgorithmMSClean::takeOneStep (file /Users/casaci/bamboohome/xml-data/build-dir/CASASPECS-RELEASE675BUILDCASALITH-BPO15ARMPY313/casa6/casatools/src/code/synthesis/ImagerObjects/SDAlgorithmMSClean.cc, line 185)	MSClean minor cycle stopped at large scale negative or diverging
2026-05-14 14:42:06	WARN	SDAlgorithmMSClean::takeOneStep (file /Users/casaci/bamboohome/xml-data/build-dir/CASASPECS-RELEASE675BUILDCASALITH-BPO15ARMPY313/casa6/casatools/src/code/synthesis/ImagerObjects/SDAlgorithmMSClean.cc, line 185)	MSClean minor cycle stopped at large scale negative or diverging
2026-05-14 14:42:22	WARN	SDAlgorithmMSClean::takeOneStep (file /Users/casaci/bamboohome/xml-data/build-dir/CASASPECS-RELEASE675BUILDCASALITH-BPO15ARMPY313/casa6/casatools/src/code/synthesis/ImagerObjects/SDAlgorithmMSClean.cc, line 185)	MSClean minor cycle stopped at large scale negative or diverging
2026-05-14 14:42:25	WARN	SDAlgorithmMSClean::takeOneStep (file /Users/casaci/bamboohome/xml-data/build-dir/CASASPECS-RELEASE675BUILDCASALITH-BPO15ARMPY313/casa6/casatools/src/code/synthesis/ImagerObjects/SDAlgorithmMSClean.cc, line 185)	MSClean minor cycle stopped at large scale negative or diverging
2026-05-14 14:42:41	WARN	SDAlgorithmMSClean::takeOneStep (file /Users/casaci/bamboohome/xml-data/build-dir/CASASPECS-RELEASE675BUILDCASALITH-BPO15ARMPY313/casa6/casatools/src/code/synthesis/ImagerObjects/SDAlgorithmMSClean.cc, line 185)	MSClean minor cycle stopped at large scale negative or diverging
2026-05-14 14:42:44	WARN	SDAlgorithmMSClean::takeOneStep (file /Users/casaci/bamboohome/xml-data/build-dir/CASASPECS-RELEASE675BUILDCASALITH-BPO15ARMPY313/casa6/casatools/src/code/synthesis/ImagerObjects/SDAlgorithmMSClean.cc, line 185)	MSClean minor cycle stopped at large scale negative or diverging
2026-05-14 14:43:13	WARN	SDAlgorithmMSClean::takeOneStep (file /Users/casaci/bamboohome/xml-data/build-dir/CASASPECS-RELEASE675BUILDCASALITH-BPO15ARMPY313/casa6/casatools/src/code/synthesis/ImagerObjects/SDAlgorithmMSClean.cc, line 185)	MSClean minor cycle stopped at large scale negative or diverging
2026-05-14 14:43:16	WARN	SDAlgorithmMSClean::takeOneStep (file /Users/casaci/bamboohome/xml-data/build-dir/CASASPECS-RELEASE675BUILDCASALITH-BPO15ARMPY313/casa6/casatools/src/code/synthesis/ImagerObjects/SDAlgorithmMSClean.cc, line 185)	MSClean minor cycle stopped at large scale negative or diverging
2026-05-14 14:43:33	WARN	SDAlgorithmMSClean::takeOneStep (file /Users/casaci/bamboohome/xml-data/build-dir/CASASPECS-RELEASE675BUILDCASALITH-BPO15ARMPY313/casa6/casatools/src/code/synthesis/ImagerObjects/SDAlgorithmMSClean.cc, line 185)	MSClean minor cycle stopped at large scale negative or diverging
2026-05-14 14:43:50	WARN	SDAlgorithmMSClean::takeOneStep (file /Users/casaci/bamboohome/xml-data/build-dir/CASASPECS-RELEASE675BUILDCASALITH-BPO15ARMPY313/casa6/casatools/src/code/synthesis/ImagerObjects/SDAlgorithmMSClean.cc, line 185)	MSClean minor cycle stopped at large scale negative or diverging
2026-05-14 14:44:00	WARN	ImageRegridder::_doImagesOverlap	At least one of the images exceeds one degree on at one side, not checking for direction plane overlap.
2026-05-14 14:44:55	WARN	SDAlgorithmMSClean::takeOneStep (file /Users/casaci/bamboohome/xml-data/build-dir/CASASPECS-RELEASE675BUILDCASALITH-BPO15ARMPY313/casa6/casatools/src/code/synthesis/ImagerObjects/SDAlgorithmMSClean.cc, line 185)	MSClean minor cycle stopped at large scale negative or diverging
2026-05-14 14:45:11	WARN	SDAlgorithmMSClean::takeOneStep (file /Users/casaci/bamboohome/xml-data/build-dir/CASASPECS-RELEASE675BUILDCASALITH-BPO15ARMPY313/casa6/casatools/src/code/synthesis/ImagerObjects/SDAlgorithmMSClean.cc, line 185)	MSClean minor cycle stopped at large scale negative or diverging
2026-05-14 14:45:15	WARN	SDAlgorithmMSClean::takeOneStep (file /Users/casaci/bamboohome/xml-data/build-dir/CASASPECS-RELEASE675BUILDCASALITH-BPO15ARMPY313/casa6/casatools/src/code/synthesis/ImagerObjects/SDAlgorithmMSClean.cc, line 185)	MSClean minor cycle stopped at large scale negative or diverging
2026-05-14 14:45:31	WARN	SDAlgorithmMSClean::takeOneStep (file /Users/casaci/bamboohome/xml-data/build-dir/CASASPECS-RELEASE675BUILDCASALITH-BPO15ARMPY313/casa6/casatools/src/code/synthesis/ImagerObjects/SDAlgorithmMSClean.cc, line 185)	MSClean minor cycle stopped at large scale negative or diverging
2026-05-14 14:45:47	WARN	SDAlgorithmMSClean::takeOneStep (file /Users/casaci/bamboohome/xml-data/build-dir/CASASPECS-RELEASE675BUILDCASALITH-BPO15ARMPY313/casa6/casatools/src/code/synthesis/ImagerObjects/SDAlgorithmMSClean.cc, line 185)	MSClean minor cycle stopped at large scale negative or diverging
2026-05-14 14:45:51	WARN	SDAlgorithmMSClean::takeOneStep (file /Users/casaci/bamboohome/xml-data/build-dir/CASASPECS-RELEASE675BUILDCASALITH-BPO15ARMPY313/casa6/casatools/src/code/synthesis/ImagerObjects/SDAlgorithmMSClean.cc, line 185)	MSClean minor cycle stopped at large scale negative or diverging
2026-05-14 14:46:07	WARN	SDAlgorithmMSClean::takeOneStep (file /Users/casaci/bamboohome/xml-data/build-dir/CASASPECS-RELEASE675BUILDCASALITH-BPO15ARMPY313/casa6/casatools/src/code/synthesis/ImagerObjects/SDAlgorithmMSClean.cc, line 185)	MSClean minor cycle stopped at large scale negative or diverging
2026-05-14 14:46:25	WARN	SDAlgorithmMSClean::takeOneStep (file /Users/casaci/bamboohome/xml-data/build-dir/CASASPECS-RELEASE675BUILDCASALITH-BPO15ARMPY313/casa6/casatools/src/code/synthesis/ImagerObjects/SDAlgorithmMSClean.cc, line 185)	MSClean minor cycle stopped at large scale negative or diverging
2026-05-14 14:46:41	WARN	SDAlgorithmMSClean::takeOneStep (file /Users/casaci/bamboohome/xml-data/build-dir/CASASPECS-RELEASE675BUILDCASALITH-BPO15ARMPY313/casa6/casatools/src/code/synthesis/ImagerObjects/SDAlgorithmMSClean.cc, line 185)	MSClean minor cycle stopped at large scale negative or diverging
2026-05-14 14:46:46	WARN	SDAlgorithmMSClean::takeOneStep (file /Users/casaci/bamboohome/xml-data/build-dir/CASASPECS-RELEASE675BUILDCASALITH-BPO15ARMPY313/casa6/casatools/src/code/synthesis/ImagerObjects/SDAlgorithmMSClean.cc, line 185)	MSClean minor cycle stopped at large scale negative or diverging
2026-05-14 14:47:04	WARN	SDAlgorithmMSClean::takeOneStep (file /Users/casaci/bamboohome/xml-data/build-dir/CASASPECS-RELEASE675BUILDCASALITH-BPO15ARMPY313/casa6/casatools/src/code/synthesis/ImagerObjects/SDAlgorithmMSClean.cc, line 185)	MSClean minor cycle stopped at large scale negative or diverging
2026-05-14 14:47:08	WARN	SDAlgorithmMSClean::takeOneStep (file /Users/casaci/bamboohome/xml-data/build-dir/CASASPECS-RELEASE675BUILDCASALITH-BPO15ARMPY313/casa6/casatools/src/code/synthesis/ImagerObjects/SDAlgorithmMSClean.cc, line 185)	MSClean minor cycle stopped at large scale negative or diverging
2026-05-14 14:47:24	WARN	SDAlgorithmMSClean::takeOneStep (file /Users/casaci/bamboohome/xml-data/build-dir/CASASPECS-RELEASE675BUILDCASALITH-BPO15ARMPY313/casa6/casatools/src/code/synthesis/ImagerObjects/SDAlgorithmMSClean.cc, line 185)	MSClean minor cycle stopped at large scale negative or diverging
2026-05-14 14:47:27	WARN	SDAlgorithmMSClean::takeOneStep (file /Users/casaci/bamboohome/xml-data/build-dir/CASASPECS-RELEASE675BUILDCASALITH-BPO15ARMPY313/casa6/casatools/src/code/synthesis/ImagerObjects/SDAlgorithmMSClean.cc, line 185)	MSClean minor cycle stopped at large scale negative or diverging
2026-05-14 14:47:44	WARN	SDAlgorithmMSClean::takeOneStep (file /Users/casaci/bamboohome/xml-data/build-dir/CASASPECS-RELEASE675BUILDCASALITH-BPO15ARMPY313/casa6/casatools/src/code/synthesis/ImagerObjects/SDAlgorithmMSClean.cc, line 185)	MSClean minor cycle stopped at large scale negative or diverging
2026-05-14 14:48:00	WARN	SDAlgorithmMSClean::takeOneStep (file /Users/casaci/bamboohome/xml-data/build-dir/CASASPECS-RELEASE675BUILDCASALITH-BPO15ARMPY313/casa6/casatools/src/code/synthesis/ImagerObjects/SDAlgorithmMSClean.cc, line 185)	MSClean minor cycle stopped at large scale negative or diverging
2026-05-14 14:48:04	WARN	SDAlgorithmMSClean::takeOneStep (file /Users/casaci/bamboohome/xml-data/build-dir/CASASPECS-RELEASE675BUILDCASALITH-BPO15ARMPY313/casa6/casatools/src/code/synthesis/ImagerObjects/SDAlgorithmMSClean.cc, line 185)	MSClean minor cycle stopped at large scale negative or diverging
2026-05-14 14:48:20	WARN	SDAlgorithmMSClean::takeOneStep (file /Users/casaci/bamboohome/xml-data/build-dir/CASASPECS-RELEASE675BUILDCASALITH-BPO15ARMPY313/casa6/casatools/src/code/synthesis/ImagerObjects/SDAlgorithmMSClean.cc, line 185)	MSClean minor cycle stopped at large scale negative or diverging
2026-05-14 14:48:23	WARN	SDAlgorithmMSClean::takeOneStep (file /Users/casaci/bamboohome/xml-data/build-dir/CASASPECS-RELEASE675BUILDCASALITH-BPO15ARMPY313/casa6/casatools/src/code/synthesis/ImagerObjects/SDAlgorithmMSClean.cc, line 185)	MSClean minor cycle stopped at large scale negative or diverging
2026-05-14 14:48:39	WARN	SDAlgorithmMSClean::takeOneStep (file /Users/casaci/bamboohome/xml-data/build-dir/CASASPECS-RELEASE675BUILDCASALITH-BPO15ARMPY313/casa6/casatools/src/code/synthesis/ImagerObjects/SDAlgorithmMSClean.cc, line 185)	MSClean minor cycle stopped at large scale negative or diverging
2026-05-14 14:49:07	WARN	ImageRegridder::_doImagesOverlap	At least one of the images exceeds one degree on at one side, not checking for direction plane overlap.
2026-05-14 14:49:26	WARN	ImageRegridder::_doImagesOverlap	At least one of the images exceeds one degree on at one side, not checking for direction plane overlap.
1 of 52 solutions flagged due to SNR < 1 in spw=0 at 2021/07/26/00:05:17.0
2026-05-14 14:50:02	WARN	ImageRegridder::_doImagesOverlap	At least one of the images exceeds one degree on at one side, not checking for direction plane overlap.
2026-05-14 14:50:26	WARN	SDAlgorithmMSClean::takeOneStep (file /Users/casaci/bamboohome/xml-data/build-dir/CASASPECS-RELEASE675BUILDCASALITH-BPO15ARMPY313/casa6/casatools/src/code/synthesis/ImagerObjects/SDAlgorithmMSClean.cc, line 185)	MSClean minor cycle stopped at large scale negative or diverging
2026-05-14 14:50:50	WARN	SDAlgorithmMSClean::takeOneStep (file /Users/casaci/bamboohome/xml-data/build-dir/CASASPECS-RELEASE675BUILDCASALITH-BPO15ARMPY313/casa6/casatools/src/code/synthesis/ImagerObjects/SDAlgorithmMSClean.cc, line 185)	MSClean minor cycle stopped at large scale negative or diverging
2026-05-14 14:51:35	WARN	ImageRegridder::_doImagesOverlap	At least one of the images exceeds one degree on at one side, not checking for direction plane overlap.
2026-05-14 14:52:20	WARN	SDAlgorithmMSClean::takeOneStep (file /Users/casaci/bamboohome/xml-data/build-dir/CASASPECS-RELEASE675BUILDCASALITH-BPO15ARMPY313/casa6/casatools/src/code/synthesis/ImagerObjects/SDAlgorithmMSClean.cc, line 185)	MSClean minor cycle stopped at large scale negative or diverging
2026-05-14 14:52:55	WARN	SDAlgorithmMSClean::takeOneStep (file /Users/casaci/bamboohome/xml-data/build-dir/CASASPECS-RELEASE675BUILDCASALITH-BPO15ARMPY313/casa6/casatools/src/code/synthesis/ImagerObjects/SDAlgorithmMSClean.cc, line 185)	MSClean minor cycle stopped at large scale negative or diverging
2026-05-14 14:53:30	WARN	SDAlgorithmMSClean::takeOneStep (file /Users/casaci/bamboohome/xml-data/build-dir/CASASPECS-RELEASE675BUILDCASALITH-BPO15ARMPY313/casa6/casatools/src/code/synthesis/ImagerObjects/SDAlgorithmMSClean.cc, line 185)	MSClean minor cycle stopped at large scale negative or diverging
2026-05-14 14:53:44	WARN	SDAlgorithmMSClean::takeOneStep (file /Users/casaci/bamboohome/xml-data/build-dir/CASASPECS-RELEASE675BUILDCASALITH-BPO15ARMPY313/casa6/casatools/src/code/synthesis/ImagerObjects/SDAlgorithmMSClean.cc, line 185)	MSClean minor cycle stopped at large scale negative or diverging
2 of 52 solutions flagged due to SNR < 1 in spw=0 at 2021/07/26/00:05:17.1
2026-05-14 14:53:56	WARN	ImageRegridder::_doImagesOverlap	At least one of the images exceeds one degree on at one side, not checking for direction plane overlap.
2026-05-14 14:54:52	WARN	SDAlgorithmMSClean::takeOneStep (file /Users/casaci/bamboohome/xml-data/build-dir/CASASPECS-RELEASE675BUILDCASALITH-BPO15ARMPY313/casa6/casatools/src/code/synthesis/ImagerObjects/SDAlgorithmMSClean.cc, line 185)	MSClean minor cycle stopped at large scale negative or diverging
2026-05-14 14:55:08	WARN	SDAlgorithmMSClean::takeOneStep (file /Users/casaci/bamboohome/xml-data/build-dir/CASASPECS-RELEASE675BUILDCASALITH-BPO15ARMPY313/casa6/casatools/src/code/synthesis/ImagerObjects/SDAlgorithmMSClean.cc, line 185)	MSClean minor cycle stopped at large scale negative or diverging
2026-05-14 14:55:24	WARN	SDAlgorithmMSClean::takeOneStep (file /Users/casaci/bamboohome/xml-data/build-dir/CASASPECS-RELEASE675BUILDCASALITH-BPO15ARMPY313/casa6/casatools/src/code/synthesis/ImagerObjects/SDAlgorithmMSClean.cc, line 185)	MSClean minor cycle stopped at large scale negative or diverging
2026-05-14 14:55:40	WARN	SDAlgorithmMSClean::takeOneStep (file /Users/casaci/bamboohome/xml-data/build-dir/CASASPECS-RELEASE675BUILDCASALITH-BPO15ARMPY313/casa6/casatools/src/code/synthesis/ImagerObjects/SDAlgorithmMSClean.cc, line 185)	MSClean minor cycle stopped at large scale negative or diverging
2026-05-14 14:55:58	WARN	SDAlgorithmMSClean::takeOneStep (file /Users/casaci/bamboohome/xml-data/build-dir/CASASPECS-RELEASE675BUILDCASALITH-BPO15ARMPY313/casa6/casatools/src/code/synthesis/ImagerObjects/SDAlgorithmMSClean.cc, line 185)	MSClean minor cycle stopped at large scale negative or diverging
2026-05-14 14:56:16	WARN	SDAlgorithmMSClean::takeOneStep (file /Users/casaci/bamboohome/xml-data/build-dir/CASASPECS-RELEASE675BUILDCASALITH-BPO15ARMPY313/casa6/casatools/src/code/synthesis/ImagerObjects/SDAlgorithmMSClean.cc, line 185)	MSClean minor cycle stopped at large scale negative or diverging
2026-05-14 14:56:33	WARN	SDAlgorithmMSClean::takeOneStep (file /Users/casaci/bamboohome/xml-data/build-dir/CASASPECS-RELEASE675BUILDCASALITH-BPO15ARMPY313/casa6/casatools/src/code/synthesis/ImagerObjects/SDAlgorithmMSClean.cc, line 185)	MSClean minor cycle stopped at large scale negative or diverging
2026-05-14 14:56:49	WARN	SDAlgorithmMSClean::takeOneStep (file /Users/casaci/bamboohome/xml-data/build-dir/CASASPECS-RELEASE675BUILDCASALITH-BPO15ARMPY313/casa6/casatools/src/code/synthesis/ImagerObjects/SDAlgorithmMSClean.cc, line 185)	MSClean minor cycle stopped at large scale negative or diverging
2026-05-14 14:57:06	WARN	SDAlgorithmMSClean::takeOneStep (file /Users/casaci/bamboohome/xml-data/build-dir/CASASPECS-RELEASE675BUILDCASALITH-BPO15ARMPY313/casa6/casatools/src/code/synthesis/ImagerObjects/SDAlgorithmMSClean.cc, line 185)	MSClean minor cycle stopped at large scale negative or diverging
2026-05-14 14:57:22	WARN	SDAlgorithmMSClean::takeOneStep (file /Users/casaci/bamboohome/xml-data/build-dir/CASASPECS-RELEASE675BUILDCASALITH-BPO15ARMPY313/casa6/casatools/src/code/synthesis/ImagerObjects/SDAlgorithmMSClean.cc, line 185)	MSClean minor cycle stopped at large scale negative or diverging
2026-05-14 14:57:38	WARN	SDAlgorithmMSClean::takeOneStep (file /Users/casaci/bamboohome/xml-data/build-dir/CASASPECS-RELEASE675BUILDCASALITH-BPO15ARMPY313/casa6/casatools/src/code/synthesis/ImagerObjects/SDAlgorithmMSClean.cc, line 185)	MSClean minor cycle stopped at large scale negative or diverging
2026-05-14 14:57:41	WARN	SDAlgorithmMSClean::takeOneStep (file /Users/casaci/bamboohome/xml-data/build-dir/CASASPECS-RELEASE675BUILDCASALITH-BPO15ARMPY313/casa6/casatools/src/code/synthesis/ImagerObjects/SDAlgorithmMSClean.cc, line 185)	MSClean minor cycle stopped at large scale negative or diverging
2026-05-14 14:57:59	WARN	SDAlgorithmMSClean::takeOneStep (file /Users/casaci/bamboohome/xml-data/build-dir/CASASPECS-RELEASE675BUILDCASALITH-BPO15ARMPY313/casa6/casatools/src/code/synthesis/ImagerObjects/SDAlgorithmMSClean.cc, line 185)	MSClean minor cycle stopped at large scale negative or diverging
2026-05-14 14:58:32	WARN	SDAlgorithmMSClean::takeOneStep (file /Users/casaci/bamboohome/xml-data/build-dir/CASASPECS-RELEASE675BUILDCASALITH-BPO15ARMPY313/casa6/casatools/src/code/synthesis/ImagerObjects/SDAlgorithmMSClean.cc, line 185)	MSClean minor cycle stopped at large scale negative or diverging
2026-05-14 14:58:49	WARN	SDAlgorithmMSClean::takeOneStep (file /Users/casaci/bamboohome/xml-data/build-dir/CASASPECS-RELEASE675BUILDCASALITH-BPO15ARMPY313/casa6/casatools/src/code/synthesis/ImagerObjects/SDAlgorithmMSClean.cc, line 185)	MSClean minor cycle stopped at large scale negative or diverging
2026-05-14 14:58:57	WARN	ImageRegridder::_doImagesOverlap	At least one of the images exceeds one degree on at one side, not checking for direction plane overlap.
2026-05-14 14:59:38	WARN	SDAlgorithmMSClean::takeOneStep (file /Users/casaci/bamboohome/xml-data/build-dir/CASASPECS-RELEASE675BUILDCASALITH-BPO15ARMPY313/casa6/casatools/src/code/synthesis/ImagerObjects/SDAlgorithmMSClean.cc, line 185)	MSClean minor cycle stopped at large scale negative or diverging
2026-05-14 14:59:54	WARN	SDAlgorithmMSClean::takeOneStep (file /Users/casaci/bamboohome/xml-data/build-dir/CASASPECS-RELEASE675BUILDCASALITH-BPO15ARMPY313/casa6/casatools/src/code/synthesis/ImagerObjects/SDAlgorithmMSClean.cc, line 185)	MSClean minor cycle stopped at large scale negative or diverging
2026-05-14 14:59:57	WARN	SDAlgorithmMSClean::takeOneStep (file /Users/casaci/bamboohome/xml-data/build-dir/CASASPECS-RELEASE675BUILDCASALITH-BPO15ARMPY313/casa6/casatools/src/code/synthesis/ImagerObjects/SDAlgorithmMSClean.cc, line 185)	MSClean minor cycle stopped at large scale negative or diverging
2026-05-14 15:00:13	WARN	SDAlgorithmMSClean::takeOneStep (file /Users/casaci/bamboohome/xml-data/build-dir/CASASPECS-RELEASE675BUILDCASALITH-BPO15ARMPY313/casa6/casatools/src/code/synthesis/ImagerObjects/SDAlgorithmMSClean.cc, line 185)	MSClean minor cycle stopped at large scale negative or diverging
2026-05-14 15:00:31	WARN	SDAlgorithmMSClean::takeOneStep (file /Users/casaci/bamboohome/xml-data/build-dir/CASASPECS-RELEASE675BUILDCASALITH-BPO15ARMPY313/casa6/casatools/src/code/synthesis/ImagerObjects/SDAlgorithmMSClean.cc, line 185)	MSClean minor cycle stopped at large scale negative or diverging
2026-05-14 15:00:33	WARN	SDAlgorithmMSClean::takeOneStep (file /Users/casaci/bamboohome/xml-data/build-dir/CASASPECS-RELEASE675BUILDCASALITH-BPO15ARMPY313/casa6/casatools/src/code/synthesis/ImagerObjects/SDAlgorithmMSClean.cc, line 185)	MSClean minor cycle stopped at large scale negative or diverging
2026-05-14 15:01:02	WARN	SDAlgorithmMSClean::takeOneStep (file /Users/casaci/bamboohome/xml-data/build-dir/CASASPECS-RELEASE675BUILDCASALITH-BPO15ARMPY313/casa6/casatools/src/code/synthesis/ImagerObjects/SDAlgorithmMSClean.cc, line 185)	MSClean minor cycle stopped at large scale negative or diverging
2026-05-14 15:01:05	WARN	SDAlgorithmMSClean::takeOneStep (file /Users/casaci/bamboohome/xml-data/build-dir/CASASPECS-RELEASE675BUILDCASALITH-BPO15ARMPY313/casa6/casatools/src/code/synthesis/ImagerObjects/SDAlgorithmMSClean.cc, line 185)	MSClean minor cycle stopped at large scale negative or diverging
2026-05-14 15:01:22	WARN	SDAlgorithmMSClean::takeOneStep (file /Users/casaci/bamboohome/xml-data/build-dir/CASASPECS-RELEASE675BUILDCASALITH-BPO15ARMPY313/casa6/casatools/src/code/synthesis/ImagerObjects/SDAlgorithmMSClean.cc, line 185)	MSClean minor cycle stopped at large scale negative or diverging
2026-05-14 15:01:52	WARN	SDAlgorithmMSClean::takeOneStep (file /Users/casaci/bamboohome/xml-data/build-dir/CASASPECS-RELEASE675BUILDCASALITH-BPO15ARMPY313/casa6/casatools/src/code/synthesis/ImagerObjects/SDAlgorithmMSClean.cc, line 185)	MSClean minor cycle stopped at large scale negative or diverging
2026-05-14 15:02:21	WARN	SDAlgorithmMSClean::takeOneStep (file /Users/casaci/bamboohome/xml-data/build-dir/CASASPECS-RELEASE675BUILDCASALITH-BPO15ARMPY313/casa6/casatools/src/code/synthesis/ImagerObjects/SDAlgorithmMSClean.cc, line 185)	MSClean minor cycle stopped at large scale negative or diverging
2026-05-14 15:02:41	WARN	SDAlgorithmMSClean::takeOneStep (file /Users/casaci/bamboohome/xml-data/build-dir/CASASPECS-RELEASE675BUILDCASALITH-BPO15ARMPY313/casa6/casatools/src/code/synthesis/ImagerObjects/SDAlgorithmMSClean.cc, line 185)	MSClean minor cycle stopped at large scale negative or diverging
2026-05-14 15:02:57	WARN	SDAlgorithmMSClean::takeOneStep (file /Users/casaci/bamboohome/xml-data/build-dir/CASASPECS-RELEASE675BUILDCASALITH-BPO15ARMPY313/casa6/casatools/src/code/synthesis/ImagerObjects/SDAlgorithmMSClean.cc, line 185)	MSClean minor cycle stopped at large scale negative or diverging
2026-05-14 15:03:01	WARN	SDAlgorithmMSClean::takeOneStep (file /Users/casaci/bamboohome/xml-data/build-dir/CASASPECS-RELEASE675BUILDCASALITH-BPO15ARMPY313/casa6/casatools/src/code/synthesis/ImagerObjects/SDAlgorithmMSClean.cc, line 185)	MSClean minor cycle stopped at large scale negative or diverging
2026-05-14 15:03:17	WARN	SDAlgorithmMSClean::takeOneStep (file /Users/casaci/bamboohome/xml-data/build-dir/CASASPECS-RELEASE675BUILDCASALITH-BPO15ARMPY313/casa6/casatools/src/code/synthesis/ImagerObjects/SDAlgorithmMSClean.cc, line 185)	MSClean minor cycle stopped at large scale negative or diverging
2026-05-14 15:03:26	WARN	SDAlgorithmMSClean::takeOneStep (file /Users/casaci/bamboohome/xml-data/build-dir/CASASPECS-RELEASE675BUILDCASALITH-BPO15ARMPY313/casa6/casatools/src/code/synthesis/ImagerObjects/SDAlgorithmMSClean.cc, line 185)	MSClean minor cycle stopped at large scale negative or diverging
2026-05-14 15:03:43	WARN	SDAlgorithmMSClean::takeOneStep (file /Users/casaci/bamboohome/xml-data/build-dir/CASASPECS-RELEASE675BUILDCASALITH-BPO15ARMPY313/casa6/casatools/src/code/synthesis/ImagerObjects/SDAlgorithmMSClean.cc, line 185)	MSClean minor cycle stopped at large scale negative or diverging
2026-05-14 15:03:56	WARN	ImageRegridder::_doImagesOverlap	At least one of the images exceeds one degree on at one side, not checking for direction plane overlap.
1 of 52 solutions flagged due to SNR < 1 in spw=0 at 2021/07/26/00:06:38.6
2026-05-14 15:04:16	WARN	ImageRegridder::_doImagesOverlap	At least one of the images exceeds one degree on at one side, not checking for direction plane overlap.
2026-05-14 15:04:53	WARN	ImageRegridder::_doImagesOverlap	At least one of the images exceeds one degree on at one side, not checking for direction plane overlap.
2026-05-14 15:05:06	WARN	SDAlgorithmMSClean::takeOneStep (file /Users/casaci/bamboohome/xml-data/build-dir/CASASPECS-RELEASE675BUILDCASALITH-BPO15ARMPY313/casa6/casatools/src/code/synthesis/ImagerObjects/SDAlgorithmMSClean.cc, line 185)	MSClean minor cycle stopped at large scale negative or diverging
2026-05-14 15:05:30	WARN	SDAlgorithmMSClean::takeOneStep (file /Users/casaci/bamboohome/xml-data/build-dir/CASASPECS-RELEASE675BUILDCASALITH-BPO15ARMPY313/casa6/casatools/src/code/synthesis/ImagerObjects/SDAlgorithmMSClean.cc, line 185)	MSClean minor cycle stopped at large scale negative or diverging
2026-05-14 15:06:06	WARN	SDAlgorithmMSClean::takeOneStep (file /Users/casaci/bamboohome/xml-data/build-dir/CASASPECS-RELEASE675BUILDCASALITH-BPO15ARMPY313/casa6/casatools/src/code/synthesis/ImagerObjects/SDAlgorithmMSClean.cc, line 185)	MSClean minor cycle stopped at large scale negative or diverging
2026-05-14 15:06:20	WARN	SDAlgorithmMSClean::takeOneStep (file /Users/casaci/bamboohome/xml-data/build-dir/CASASPECS-RELEASE675BUILDCASALITH-BPO15ARMPY313/casa6/casatools/src/code/synthesis/ImagerObjects/SDAlgorithmMSClean.cc, line 185)	MSClean minor cycle stopped at large scale negative or diverging
1 of 52 solutions flagged due to SNR < 1 in spw=0 at 2021/07/26/00:06:38.4
2026-05-14 15:06:31	WARN	ImageRegridder::_doImagesOverlap	At least one of the images exceeds one degree on at one side, not checking for direction plane overlap.
2026-05-14 15:06:44	WARN	SDAlgorithmMSClean::takeOneStep (file /Users/casaci/bamboohome/xml-data/build-dir/CASASPECS-RELEASE675BUILDCASALITH-BPO15ARMPY313/casa6/casatools/src/code/synthesis/ImagerObjects/SDAlgorithmMSClean.cc, line 185)	MSClean minor cycle stopped at large scale negative or diverging
2026-05-14 15:07:08	WARN	SDAlgorithmMSClean::takeOneStep (file /Users/casaci/bamboohome/xml-data/build-dir/CASASPECS-RELEASE675BUILDCASALITH-BPO15ARMPY313/casa6/casatools/src/code/synthesis/ImagerObjects/SDAlgorithmMSClean.cc, line 185)	MSClean minor cycle stopped at large scale negative or diverging
2026-05-14 15:07:22	WARN	SDAlgorithmMSClean::takeOneStep (file /Users/casaci/bamboohome/xml-data/build-dir/CASASPECS-RELEASE675BUILDCASALITH-BPO15ARMPY313/casa6/casatools/src/code/synthesis/ImagerObjects/SDAlgorithmMSClean.cc, line 185)	MSClean minor cycle stopped at large scale negative or diverging
2026-05-14 15:07:46	WARN	SDAlgorithmMSClean::takeOneStep (file /Users/casaci/bamboohome/xml-data/build-dir/CASASPECS-RELEASE675BUILDCASALITH-BPO15ARMPY313/casa6/casatools/src/code/synthesis/ImagerObjects/SDAlgorithmMSClean.cc, line 185)	MSClean minor cycle stopped at large scale negative or diverging
2026-05-14 15:08:00	WARN	SDAlgorithmMSClean::takeOneStep (file /Users/casaci/bamboohome/xml-data/build-dir/CASASPECS-RELEASE675BUILDCASALITH-BPO15ARMPY313/casa6/casatools/src/code/synthesis/ImagerObjects/SDAlgorithmMSClean.cc, line 185)	MSClean minor cycle stopped at large scale negative or diverging
2026-05-14 15:08:13	WARN	SDAlgorithmMSClean::takeOneStep (file /Users/casaci/bamboohome/xml-data/build-dir/CASASPECS-RELEASE675BUILDCASALITH-BPO15ARMPY313/casa6/casatools/src/code/synthesis/ImagerObjects/SDAlgorithmMSClean.cc, line 185)	MSClean minor cycle stopped at large scale negative or diverging
2026-05-14 15:08:27	WARN	SDAlgorithmMSClean::takeOneStep (file /Users/casaci/bamboohome/xml-data/build-dir/CASASPECS-RELEASE675BUILDCASALITH-BPO15ARMPY313/casa6/casatools/src/code/synthesis/ImagerObjects/SDAlgorithmMSClean.cc, line 185)	MSClean minor cycle stopped at large scale negative or diverging
2026-05-14 15:08:52	WARN	SDAlgorithmMSClean::takeOneStep (file /Users/casaci/bamboohome/xml-data/build-dir/CASASPECS-RELEASE675BUILDCASALITH-BPO15ARMPY313/casa6/casatools/src/code/synthesis/ImagerObjects/SDAlgorithmMSClean.cc, line 185)	MSClean minor cycle stopped at large scale negative or diverging
2026-05-14 15:09:00	WARN	ImageRegridder::_doImagesOverlap	At least one of the images exceeds one degree on at one side, not checking for direction plane overlap.
2026-05-14 15:09:29	WARN	SDAlgorithmMSClean::takeOneStep (file /Users/casaci/bamboohome/xml-data/build-dir/CASASPECS-RELEASE675BUILDCASALITH-BPO15ARMPY313/casa6/casatools/src/code/synthesis/ImagerObjects/SDAlgorithmMSClean.cc, line 185)	MSClean minor cycle stopped at large scale negative or diverging
2026-05-14 15:09:45	WARN	SDAlgorithmMSClean::takeOneStep (file /Users/casaci/bamboohome/xml-data/build-dir/CASASPECS-RELEASE675BUILDCASALITH-BPO15ARMPY313/casa6/casatools/src/code/synthesis/ImagerObjects/SDAlgorithmMSClean.cc, line 185)	MSClean minor cycle stopped at large scale negative or diverging
2026-05-14 15:10:15	WARN	SDAlgorithmMSClean::takeOneStep (file /Users/casaci/bamboohome/xml-data/build-dir/CASASPECS-RELEASE675BUILDCASALITH-BPO15ARMPY313/casa6/casatools/src/code/synthesis/ImagerObjects/SDAlgorithmMSClean.cc, line 185)	MSClean minor cycle stopped at large scale negative or diverging
2026-05-14 15:10:18	WARN	SDAlgorithmMSClean::takeOneStep (file /Users/casaci/bamboohome/xml-data/build-dir/CASASPECS-RELEASE675BUILDCASALITH-BPO15ARMPY313/casa6/casatools/src/code/synthesis/ImagerObjects/SDAlgorithmMSClean.cc, line 185)	MSClean minor cycle stopped at large scale negative or diverging
2026-05-14 15:10:34	WARN	SDAlgorithmMSClean::takeOneStep (file /Users/casaci/bamboohome/xml-data/build-dir/CASASPECS-RELEASE675BUILDCASALITH-BPO15ARMPY313/casa6/casatools/src/code/synthesis/ImagerObjects/SDAlgorithmMSClean.cc, line 185)	MSClean minor cycle stopped at large scale negative or diverging
2026-05-14 15:10:38	WARN	SDAlgorithmMSClean::takeOneStep (file /Users/casaci/bamboohome/xml-data/build-dir/CASASPECS-RELEASE675BUILDCASALITH-BPO15ARMPY313/casa6/casatools/src/code/synthesis/ImagerObjects/SDAlgorithmMSClean.cc, line 185)	MSClean minor cycle stopped at large scale negative or diverging
2026-05-14 15:11:07	WARN	SDAlgorithmMSClean::takeOneStep (file /Users/casaci/bamboohome/xml-data/build-dir/CASASPECS-RELEASE675BUILDCASALITH-BPO15ARMPY313/casa6/casatools/src/code/synthesis/ImagerObjects/SDAlgorithmMSClean.cc, line 185)	MSClean minor cycle stopped at large scale negative or diverging
2026-05-14 15:11:23	WARN	SDAlgorithmMSClean::takeOneStep (file /Users/casaci/bamboohome/xml-data/build-dir/CASASPECS-RELEASE675BUILDCASALITH-BPO15ARMPY313/casa6/casatools/src/code/synthesis/ImagerObjects/SDAlgorithmMSClean.cc, line 185)	MSClean minor cycle stopped at large scale negative or diverging
2026-05-14 15:11:40	WARN	SDAlgorithmMSClean::takeOneStep (file /Users/casaci/bamboohome/xml-data/build-dir/CASASPECS-RELEASE675BUILDCASALITH-BPO15ARMPY313/casa6/casatools/src/code/synthesis/ImagerObjects/SDAlgorithmMSClean.cc, line 185)	MSClean minor cycle stopped at large scale negative or diverging
2026-05-14 15:11:56	WARN	SDAlgorithmMSClean::takeOneStep (file /Users/casaci/bamboohome/xml-data/build-dir/CASASPECS-RELEASE675BUILDCASALITH-BPO15ARMPY313/casa6/casatools/src/code/synthesis/ImagerObjects/SDAlgorithmMSClean.cc, line 185)	MSClean minor cycle stopped at large scale negative or diverging
2026-05-14 15:12:01	WARN	SDAlgorithmMSClean::takeOneStep (file /Users/casaci/bamboohome/xml-data/build-dir/CASASPECS-RELEASE675BUILDCASALITH-BPO15ARMPY313/casa6/casatools/src/code/synthesis/ImagerObjects/SDAlgorithmMSClean.cc, line 185)	MSClean minor cycle stopped at large scale negative or diverging
2026-05-14 15:12:30	WARN	SDAlgorithmMSClean::takeOneStep (file /Users/casaci/bamboohome/xml-data/build-dir/CASASPECS-RELEASE675BUILDCASALITH-BPO15ARMPY313/casa6/casatools/src/code/synthesis/ImagerObjects/SDAlgorithmMSClean.cc, line 185)	MSClean minor cycle stopped at large scale negative or diverging
2026-05-14 15:12:59	WARN	SDAlgorithmMSClean::takeOneStep (file /Users/casaci/bamboohome/xml-data/build-dir/CASASPECS-RELEASE675BUILDCASALITH-BPO15ARMPY313/casa6/casatools/src/code/synthesis/ImagerObjects/SDAlgorithmMSClean.cc, line 185)	MSClean minor cycle stopped at large scale negative or diverging
2026-05-14 15:13:08	WARN	SDAlgorithmMSClean::takeOneStep (file /Users/casaci/bamboohome/xml-data/build-dir/CASASPECS-RELEASE675BUILDCASALITH-BPO15ARMPY313/casa6/casatools/src/code/synthesis/ImagerObjects/SDAlgorithmMSClean.cc, line 185)	MSClean minor cycle stopped at large scale negative or diverging
2026-05-14 15:13:23	WARN	SDAlgorithmMSClean::takeOneStep (file /Users/casaci/bamboohome/xml-data/build-dir/CASASPECS-RELEASE675BUILDCASALITH-BPO15ARMPY313/casa6/casatools/src/code/synthesis/ImagerObjects/SDAlgorithmMSClean.cc, line 185)	MSClean minor cycle stopped at large scale negative or diverging
2026-05-14 15:13:39	WARN	SDAlgorithmMSClean::takeOneStep (file /Users/casaci/bamboohome/xml-data/build-dir/CASASPECS-RELEASE675BUILDCASALITH-BPO15ARMPY313/casa6/casatools/src/code/synthesis/ImagerObjects/SDAlgorithmMSClean.cc, line 185)	MSClean minor cycle stopped at large scale negative or diverging
2026-05-14 15:13:56	WARN	SDAlgorithmMSClean::takeOneStep (file /Users/casaci/bamboohome/xml-data/build-dir/CASASPECS-RELEASE675BUILDCASALITH-BPO15ARMPY313/casa6/casatools/src/code/synthesis/ImagerObjects/SDAlgorithmMSClean.cc, line 185)	MSClean minor cycle stopped at large scale negative or diverging
1 of 52 solutions flagged due to SNR < 1 in spw=0 at 2021/07/26/00:06:38.2
2026-05-14 15:14:03	WARN	ImageRegridder::_doImagesOverlap	At least one of the images exceeds one degree on at one side, not checking for direction plane overlap.
2026-05-14 15:14:45	WARN	SDAlgorithmMSClean::takeOneStep (file /Users/casaci/bamboohome/xml-data/build-dir/CASASPECS-RELEASE675BUILDCASALITH-BPO15ARMPY313/casa6/casatools/src/code/synthesis/ImagerObjects/SDAlgorithmMSClean.cc, line 185)	MSClean minor cycle stopped at large scale negative or diverging
2026-05-14 15:15:01	WARN	SDAlgorithmMSClean::takeOneStep (file /Users/casaci/bamboohome/xml-data/build-dir/CASASPECS-RELEASE675BUILDCASALITH-BPO15ARMPY313/casa6/casatools/src/code/synthesis/ImagerObjects/SDAlgorithmMSClean.cc, line 185)	MSClean minor cycle stopped at large scale negative or diverging
2026-05-14 15:15:04	WARN	SDAlgorithmMSClean::takeOneStep (file /Users/casaci/bamboohome/xml-data/build-dir/CASASPECS-RELEASE675BUILDCASALITH-BPO15ARMPY313/casa6/casatools/src/code/synthesis/ImagerObjects/SDAlgorithmMSClean.cc, line 185)	MSClean minor cycle stopped at large scale negative or diverging
2026-05-14 15:15:21	WARN	SDAlgorithmMSClean::takeOneStep (file /Users/casaci/bamboohome/xml-data/build-dir/CASASPECS-RELEASE675BUILDCASALITH-BPO15ARMPY313/casa6/casatools/src/code/synthesis/ImagerObjects/SDAlgorithmMSClean.cc, line 185)	MSClean minor cycle stopped at large scale negative or diverging
2026-05-14 15:15:25	WARN	SDAlgorithmMSClean::takeOneStep (file /Users/casaci/bamboohome/xml-data/build-dir/CASASPECS-RELEASE675BUILDCASALITH-BPO15ARMPY313/casa6/casatools/src/code/synthesis/ImagerObjects/SDAlgorithmMSClean.cc, line 185)	MSClean minor cycle stopped at large scale negative or diverging
2026-05-14 15:15:41	WARN	SDAlgorithmMSClean::takeOneStep (file /Users/casaci/bamboohome/xml-data/build-dir/CASASPECS-RELEASE675BUILDCASALITH-BPO15ARMPY313/casa6/casatools/src/code/synthesis/ImagerObjects/SDAlgorithmMSClean.cc, line 185)	MSClean minor cycle stopped at large scale negative or diverging
2026-05-14 15:15:45	WARN	SDAlgorithmMSClean::takeOneStep (file /Users/casaci/bamboohome/xml-data/build-dir/CASASPECS-RELEASE675BUILDCASALITH-BPO15ARMPY313/casa6/casatools/src/code/synthesis/ImagerObjects/SDAlgorithmMSClean.cc, line 185)	MSClean minor cycle stopped at large scale negative or diverging
2026-05-14 15:16:02	WARN	SDAlgorithmMSClean::takeOneStep (file /Users/casaci/bamboohome/xml-data/build-dir/CASASPECS-RELEASE675BUILDCASALITH-BPO15ARMPY313/casa6/casatools/src/code/synthesis/ImagerObjects/SDAlgorithmMSClean.cc, line 185)	MSClean minor cycle stopped at large scale negative or diverging
2026-05-14 15:16:18	WARN	SDAlgorithmMSClean::takeOneStep (file /Users/casaci/bamboohome/xml-data/build-dir/CASASPECS-RELEASE675BUILDCASALITH-BPO15ARMPY313/casa6/casatools/src/code/synthesis/ImagerObjects/SDAlgorithmMSClean.cc, line 185)	MSClean minor cycle stopped at large scale negative or diverging
2026-05-14 15:16:34	WARN	SDAlgorithmMSClean::takeOneStep (file /Users/casaci/bamboohome/xml-data/build-dir/CASASPECS-RELEASE675BUILDCASALITH-BPO15ARMPY313/casa6/casatools/src/code/synthesis/ImagerObjects/SDAlgorithmMSClean.cc, line 185)	MSClean minor cycle stopped at large scale negative or diverging
2026-05-14 15:16:37	WARN	SDAlgorithmMSClean::takeOneStep (file /Users/casaci/bamboohome/xml-data/build-dir/CASASPECS-RELEASE675BUILDCASALITH-BPO15ARMPY313/casa6/casatools/src/code/synthesis/ImagerObjects/SDAlgorithmMSClean.cc, line 185)	MSClean minor cycle stopped at large scale negative or diverging
2026-05-14 15:16:52	WARN	SDAlgorithmMSClean::takeOneStep (file /Users/casaci/bamboohome/xml-data/build-dir/CASASPECS-RELEASE675BUILDCASALITH-BPO15ARMPY313/casa6/casatools/src/code/synthesis/ImagerObjects/SDAlgorithmMSClean.cc, line 185)	MSClean minor cycle stopped at large scale negative or diverging
2026-05-14 15:16:55	WARN	SDAlgorithmMSClean::takeOneStep (file /Users/casaci/bamboohome/xml-data/build-dir/CASASPECS-RELEASE675BUILDCASALITH-BPO15ARMPY313/casa6/casatools/src/code/synthesis/ImagerObjects/SDAlgorithmMSClean.cc, line 185)	MSClean minor cycle stopped at large scale negative or diverging
2026-05-14 15:17:12	WARN	SDAlgorithmMSClean::takeOneStep (file /Users/casaci/bamboohome/xml-data/build-dir/CASASPECS-RELEASE675BUILDCASALITH-BPO15ARMPY313/casa6/casatools/src/code/synthesis/ImagerObjects/SDAlgorithmMSClean.cc, line 185)	MSClean minor cycle stopped at large scale negative or diverging
2026-05-14 15:17:15	WARN	SDAlgorithmMSClean::takeOneStep (file /Users/casaci/bamboohome/xml-data/build-dir/CASASPECS-RELEASE675BUILDCASALITH-BPO15ARMPY313/casa6/casatools/src/code/synthesis/ImagerObjects/SDAlgorithmMSClean.cc, line 185)	MSClean minor cycle stopped at large scale negative or diverging
2026-05-14 15:17:31	WARN	SDAlgorithmMSClean::takeOneStep (file /Users/casaci/bamboohome/xml-data/build-dir/CASASPECS-RELEASE675BUILDCASALITH-BPO15ARMPY313/casa6/casatools/src/code/synthesis/ImagerObjects/SDAlgorithmMSClean.cc, line 185)	MSClean minor cycle stopped at large scale negative or diverging
2026-05-14 15:17:47	WARN	SDAlgorithmMSClean::takeOneStep (file /Users/casaci/bamboohome/xml-data/build-dir/CASASPECS-RELEASE675BUILDCASALITH-BPO15ARMPY313/casa6/casatools/src/code/synthesis/ImagerObjects/SDAlgorithmMSClean.cc, line 185)	MSClean minor cycle stopped at large scale negative or diverging
2026-05-14 15:18:02	WARN	SDAlgorithmMSClean::takeOneStep (file /Users/casaci/bamboohome/xml-data/build-dir/CASASPECS-RELEASE675BUILDCASALITH-BPO15ARMPY313/casa6/casatools/src/code/synthesis/ImagerObjects/SDAlgorithmMSClean.cc, line 185)	MSClean minor cycle stopped at large scale negative or diverging
2026-05-14 15:18:21	WARN	SDAlgorithmMSClean::takeOneStep (file /Users/casaci/bamboohome/xml-data/build-dir/CASASPECS-RELEASE675BUILDCASALITH-BPO15ARMPY313/casa6/casatools/src/code/synthesis/ImagerObjects/SDAlgorithmMSClean.cc, line 185)	MSClean minor cycle stopped at large scale negative or diverging
2026-05-14 15:18:39	WARN	SDAlgorithmMSClean::takeOneStep (file /Users/casaci/bamboohome/xml-data/build-dir/CASASPECS-RELEASE675BUILDCASALITH-BPO15ARMPY313/casa6/casatools/src/code/synthesis/ImagerObjects/SDAlgorithmMSClean.cc, line 185)	MSClean minor cycle stopped at large scale negative or diverging
2026-05-14 15:18:42	WARN	SDAlgorithmMSClean::takeOneStep (file /Users/casaci/bamboohome/xml-data/build-dir/CASASPECS-RELEASE675BUILDCASALITH-BPO15ARMPY313/casa6/casatools/src/code/synthesis/ImagerObjects/SDAlgorithmMSClean.cc, line 185)	MSClean minor cycle stopped at large scale negative or diverging
2026-05-14 15:18:59	WARN	SDAlgorithmMSClean::takeOneStep (file /Users/casaci/bamboohome/xml-data/build-dir/CASASPECS-RELEASE675BUILDCASALITH-BPO15ARMPY313/casa6/casatools/src/code/synthesis/ImagerObjects/SDAlgorithmMSClean.cc, line 185)	MSClean minor cycle stopped at large scale negative or diverging
2026-05-14 15:19:03	WARN	SDAlgorithmMSClean::takeOneStep (file /Users/casaci/bamboohome/xml-data/build-dir/CASASPECS-RELEASE675BUILDCASALITH-BPO15ARMPY313/casa6/casatools/src/code/synthesis/ImagerObjects/SDAlgorithmMSClean.cc, line 185)	MSClean minor cycle stopped at large scale negative or diverging

[selfcal-dev]   Cycle 2/5: tclean niter=200  img_uvrange=''  cal_uvrange=''  scales=[0, 5, 15]
[selfcal-dev]   Cycle 2/5: gaincal → /Users/raj030/DATA/gmrt_40_014/work/casa_selfcal/moon0520_stk10_phasecenter/moon0520_stk0040_n10/moon0520_stk0040_n10_sc2.gcal
[selfcal-dev]     solmode='L1'  refant='1'  refantmode='flex'
[selfcal-dev]   Cycle 2/5: applycal
[selfcal-dev]   Cycle 2/5: exported /Users/raj030/DATA/gmrt_40_014/work/casa_selfcal/moon0520_stk10_phasecenter/moon0520_stk0040_n10/moon0520_stk0040_n10_sc2.fits
[selfcal-dev]   Cycle 3/5: tclean niter=400  img_uvrange=''  cal_uvrange=''  scales=[0, 5, 15, 45]
[selfcal-dev]   Cycle 3/5: gaincal → /Users/raj030/DATA/gmrt_40_014/work/casa_selfcal/moon0520_stk10_phasecenter/moon0520_stk0040_n10/moon0520_stk0040_n10_sc3.gcal
[selfcal-dev]     solmode='L1'  refant='1'  refantmode='flex'
[selfcal-dev]   Cycle 3/5: applycal
[selfcal-dev]   Cycle 3/5: exported /Users/raj030/DATA/gmrt_40_014/work/casa_selfcal/moon0520_stk10_phasecenter/moon0520_stk0040_n10/moon0520_stk0040_n10_sc3.fits
[selfcal-dev]   Cycle 4/5: tclean niter=600  img_uvrange=''  cal_uvrange=''  scales=[0, 5, 15, 45]
[selfcal-dev]   Cycle 4/5: gaincal → /Users/raj030/DATA/gmrt_40_014/work/casa_selfcal/moon0520_stk10_phasecenter/moon0520_stk0040_n10/moon0520_stk0040_n10_sc4.gcal
[selfcal-dev]     solmode='L1'  refant='1'  refantmode='flex'
[selfcal-dev]   Cycle 4/5: applycal
[selfcal-dev]   Cycle 4/5: exported /Users/raj030/DATA/gmrt_40_014/work/casa_selfcal/moon0520_stk10_phasecenter/moon0520_stk0040_n10/moon0520_stk0040_n10_sc4.fits
[selfcal-dev]   Cycle 5/5: tclean niter=1000  img_uvrange=''  cal_uvrange=''  scales=[0, 5, 15, 45, 90]
[selfcal-dev]   Cycle 5/5: gaincal → /Users/raj030/DATA/gmrt_40_014/work/casa_selfcal/moon0520_stk10_phasecenter/moon0520_stk0040_n10/moon0520_stk0040_n10_sc5.gcal
[selfcal-dev]     solmode='L1'  refant='1'  refantmode='flex'
[selfcal-dev]   Cycle 5/5: applycal
[selfcal-dev]   Cycle 5/5: exported /Users/raj030/DATA/gmrt_40_014/work/casa_selfcal/moon0520_stk10_phasecenter/moon0520_stk0040_n10/moon0520_stk0040_n10_sc5.fits
[selfcal-dev]   Final image: tclean niter=1000  uvrange=''  scales=[0, 5, 15, 45, 90]
[selfcal-dev]   Exported: /Users/raj030/DATA/gmrt_40_014/work/casa_selfcal/moon0520_stk10_phasecenter/moon0520_stk0040_n10/moon0520_stk0040_n10_final.fits

[selfcal-dev] === Stack start_idx=50  n=10  JD=2459421.501385..2459421.502224  timerange=2021/07/26/00:01:55~2021/07/26/00:03:16 ===
[selfcal-dev]   Moon at RA=331.0115°  Dec=-17.4369°  offset=5.94arcmin from field centre  (image half-width=38.4arcmin)
[selfcal-dev]   mask-center (ephem): RA=331.011469 deg  Dec=-17.436886 deg
[selfcal-dev]   mask-radius: 20.00 arcmin
[selfcal-dev]   mask-string: circle[[22:04:02.752, -17.26.12.79], 20.0arcmin]
[selfcal-dev]   tclean phasecenter: ENABLED (J2000 22h04m02.752s -17d26m12.79s)
[selfcal-dev]   Cycle 1/5: tclean niter=100  img_uvrange=''  cal_uvrange=''  scales=[0, 5, 15]
[selfcal-dev]   Cycle 1/5: gaincal → /Users/raj030/DATA/gmrt_40_014/work/casa_selfcal/moon0520_stk10_phasecenter/moon0520_stk0050_n10/moon0520_stk0050_n10_sc1.gcal
[selfcal-dev]     solmode='L1'  refant='1'  refantmode='flex'
[selfcal-dev]   Cycle 1/5: applycal
[selfcal-dev]   Cycle 1/5: exported /Users/raj030/DATA/gmrt_40_014/work/casa_selfcal/moon0520_stk10_phasecenter/moon0520_stk0050_n10/moon0520_stk0050_n10_sc1.fits
[selfcal-dev]   Cycle 2/5: tclean niter=200  img_uvrange=''  cal_uvrange=''  scales=[0, 5, 15]
[selfcal-dev]   Cycle 2/5: gaincal → /Users/raj030/DATA/gmrt_40_014/work/casa_selfcal/moon0520_stk10_phasecenter/moon0520_stk0050_n10/moon0520_stk0050_n10_sc2.gcal
[selfcal-dev]     solmode='L1'  refant='1'  refantmode='flex'
[selfcal-dev]   Cycle 2/5: applycal
[selfcal-dev]   Cycle 2/5: exported /Users/raj030/DATA/gmrt_40_014/work/casa_selfcal/moon0520_stk10_phasecenter/moon0520_stk0050_n10/moon0520_stk0050_n10_sc2.fits
[selfcal-dev]   Cycle 3/5: tclean niter=400  img_uvrange=''  cal_uvrange=''  scales=[0, 5, 15, 45]
[selfcal-dev]   Cycle 3/5: gaincal → /Users/raj030/DATA/gmrt_40_014/work/casa_selfcal/moon0520_stk10_phasecenter/moon0520_stk0050_n10/moon0520_stk0050_n10_sc3.gcal
[selfcal-dev]     solmode='L1'  refant='1'  refantmode='flex'
[selfcal-dev]   Cycle 3/5: applycal
[selfcal-dev]   Cycle 3/5: exported /Users/raj030/DATA/gmrt_40_014/work/casa_selfcal/moon0520_stk10_phasecenter/moon0520_stk0050_n10/moon0520_stk0050_n10_sc3.fits
[selfcal-dev]   Cycle 4/5: tclean niter=600  img_uvrange=''  cal_uvrange=''  scales=[0, 5, 15, 45]
[selfcal-dev]   Cycle 4/5: gaincal → /Users/raj030/DATA/gmrt_40_014/work/casa_selfcal/moon0520_stk10_phasecenter/moon0520_stk0050_n10/moon0520_stk0050_n10_sc4.gcal
[selfcal-dev]     solmode='L1'  refant='1'  refantmode='flex'
[selfcal-dev]   Cycle 4/5: applycal
[selfcal-dev]   Cycle 4/5: exported /Users/raj030/DATA/gmrt_40_014/work/casa_selfcal/moon0520_stk10_phasecenter/moon0520_stk0050_n10/moon0520_stk0050_n10_sc4.fits
[selfcal-dev]   Cycle 5/5: tclean niter=1000  img_uvrange=''  cal_uvrange=''  scales=[0, 5, 15, 45, 90]
[selfcal-dev]   Cycle 5/5: gaincal → /Users/raj030/DATA/gmrt_40_014/work/casa_selfcal/moon0520_stk10_phasecenter/moon0520_stk0050_n10/moon0520_stk0050_n10_sc5.gcal
[selfcal-dev]     solmode='L1'  refant='1'  refantmode='flex'
[selfcal-dev]   Cycle 5/5: applycal
[selfcal-dev]   Cycle 5/5: exported /Users/raj030/DATA/gmrt_40_014/work/casa_selfcal/moon0520_stk10_phasecenter/moon0520_stk0050_n10/moon0520_stk0050_n10_sc5.fits
[selfcal-dev]   Final image: tclean niter=1000  uvrange=''  scales=[0, 5, 15, 45, 90]
[selfcal-dev]   Exported: /Users/raj030/DATA/gmrt_40_014/work/casa_selfcal/moon0520_stk10_phasecenter/moon0520_stk0050_n10/moon0520_stk0050_n10_final.fits

[selfcal-dev] === Stack start_idx=60  n=10  JD=2459421.502317..2459421.503156  timerange=2021/07/26/00:03:16~2021/07/26/00:04:36 ===
[selfcal-dev]   Moon at RA=331.0204°  Dec=-17.4314°  offset=6.55arcmin from field centre  (image half-width=38.4arcmin)
[selfcal-dev]   mask-center (ephem): RA=331.020351 deg  Dec=-17.431420 deg
[selfcal-dev]   mask-radius: 20.00 arcmin
[selfcal-dev]   mask-string: circle[[22:04:04.884, -17.25.53.11], 20.0arcmin]
[selfcal-dev]   tclean phasecenter: ENABLED (J2000 22h04m04.884s -17d25m53.11s)
[selfcal-dev]   Cycle 1/5: tclean niter=100  img_uvrange=''  cal_uvrange=''  scales=[0, 5, 15]
[selfcal-dev]   Cycle 1/5: gaincal → /Users/raj030/DATA/gmrt_40_014/work/casa_selfcal/moon0520_stk10_phasecenter/moon0520_stk0060_n10/moon0520_stk0060_n10_sc1.gcal
[selfcal-dev]     solmode='L1'  refant='1'  refantmode='flex'
[selfcal-dev]   Cycle 1/5: applycal
[selfcal-dev]   Cycle 1/5: exported /Users/raj030/DATA/gmrt_40_014/work/casa_selfcal/moon0520_stk10_phasecenter/moon0520_stk0060_n10/moon0520_stk0060_n10_sc1.fits
[selfcal-dev]   Cycle 2/5: tclean niter=200  img_uvrange=''  cal_uvrange=''  scales=[0, 5, 15]
[selfcal-dev]   Cycle 2/5: gaincal → /Users/raj030/DATA/gmrt_40_014/work/casa_selfcal/moon0520_stk10_phasecenter/moon0520_stk0060_n10/moon0520_stk0060_n10_sc2.gcal
[selfcal-dev]     solmode='L1'  refant='1'  refantmode='flex'
[selfcal-dev]   Cycle 2/5: applycal
[selfcal-dev]   Cycle 2/5: exported /Users/raj030/DATA/gmrt_40_014/work/casa_selfcal/moon0520_stk10_phasecenter/moon0520_stk0060_n10/moon0520_stk0060_n10_sc2.fits
[selfcal-dev]   Cycle 3/5: tclean niter=400  img_uvrange=''  cal_uvrange=''  scales=[0, 5, 15, 45]
[selfcal-dev]   Cycle 3/5: gaincal → /Users/raj030/DATA/gmrt_40_014/work/casa_selfcal/moon0520_stk10_phasecenter/moon0520_stk0060_n10/moon0520_stk0060_n10_sc3.gcal
[selfcal-dev]     solmode='L1'  refant='1'  refantmode='flex'
[selfcal-dev]   Cycle 3/5: applycal
[selfcal-dev]   Cycle 3/5: exported /Users/raj030/DATA/gmrt_40_014/work/casa_selfcal/moon0520_stk10_phasecenter/moon0520_stk0060_n10/moon0520_stk0060_n10_sc3.fits
[selfcal-dev]   Cycle 4/5: tclean niter=600  img_uvrange=''  cal_uvrange=''  scales=[0, 5, 15, 45]
[selfcal-dev]   Cycle 4/5: gaincal → /Users/raj030/DATA/gmrt_40_014/work/casa_selfcal/moon0520_stk10_phasecenter/moon0520_stk0060_n10/moon0520_stk0060_n10_sc4.gcal
[selfcal-dev]     solmode='L1'  refant='1'  refantmode='flex'
[selfcal-dev]   Cycle 4/5: applycal2026-05-14 15:19:15	WARN	ImageRegridder::_doImagesOverlap	At least one of the images exceeds one degree on at one side, not checking for direction plane overlap.
1 of 52 solutions flagged due to SNR < 1 in spw=0 at 2021/07/26/00:07:59.7
2026-05-14 15:19:35	WARN	ImageRegridder::_doImagesOverlap	At least one of the images exceeds one degree on at one side, not checking for direction plane overlap.
1 of 52 solutions flagged due to SNR < 1 in spw=0 at 2021/07/26/00:07:59.1
2026-05-14 15:20:12	WARN	ImageRegridder::_doImagesOverlap	At least one of the images exceeds one degree on at one side, not checking for direction plane overlap.
2026-05-14 15:20:14	WARN	SDAlgorithmMSClean::takeOneStep (file /Users/casaci/bamboohome/xml-data/build-dir/CASASPECS-RELEASE675BUILDCASALITH-BPO15ARMPY313/casa6/casatools/src/code/synthesis/ImagerObjects/SDAlgorithmMSClean.cc, line 185)	MSClean minor cycle stopped at large scale negative or diverging
2026-05-14 15:20:39	WARN	SDAlgorithmMSClean::takeOneStep (file /Users/casaci/bamboohome/xml-data/build-dir/CASASPECS-RELEASE675BUILDCASALITH-BPO15ARMPY313/casa6/casatools/src/code/synthesis/ImagerObjects/SDAlgorithmMSClean.cc, line 185)	MSClean minor cycle stopped at large scale negative or diverging
2026-05-14 15:20:53	WARN	SDAlgorithmMSClean::takeOneStep (file /Users/casaci/bamboohome/xml-data/build-dir/CASASPECS-RELEASE675BUILDCASALITH-BPO15ARMPY313/casa6/casatools/src/code/synthesis/ImagerObjects/SDAlgorithmMSClean.cc, line 185)	MSClean minor cycle stopped at large scale negative or diverging
2026-05-14 15:21:06	WARN	SDAlgorithmMSClean::takeOneStep (file /Users/casaci/bamboohome/xml-data/build-dir/CASASPECS-RELEASE675BUILDCASALITH-BPO15ARMPY313/casa6/casatools/src/code/synthesis/ImagerObjects/SDAlgorithmMSClean.cc, line 185)	MSClean minor cycle stopped at large scale negative or diverging
2026-05-14 15:21:33	WARN	SDAlgorithmMSClean::takeOneStep (file /Users/casaci/bamboohome/xml-data/build-dir/CASASPECS-RELEASE675BUILDCASALITH-BPO15ARMPY313/casa6/casatools/src/code/synthesis/ImagerObjects/SDAlgorithmMSClean.cc, line 185)	MSClean minor cycle stopped at large scale negative or diverging
2026-05-14 15:21:53	WARN	ImageRegridder::_doImagesOverlap	At least one of the images exceeds one degree on at one side, not checking for direction plane overlap.
2026-05-14 15:22:06	WARN	SDAlgorithmMSClean::takeOneStep (file /Users/casaci/bamboohome/xml-data/build-dir/CASASPECS-RELEASE675BUILDCASALITH-BPO15ARMPY313/casa6/casatools/src/code/synthesis/ImagerObjects/SDAlgorithmMSClean.cc, line 185)	MSClean minor cycle stopped at large scale negative or diverging
2026-05-14 15:22:19	WARN	SDAlgorithmMSClean::takeOneStep (file /Users/casaci/bamboohome/xml-data/build-dir/CASASPECS-RELEASE675BUILDCASALITH-BPO15ARMPY313/casa6/casatools/src/code/synthesis/ImagerObjects/SDAlgorithmMSClean.cc, line 185)	MSClean minor cycle stopped at large scale negative or diverging
2026-05-14 15:22:45	WARN	SDAlgorithmMSClean::takeOneStep (file /Users/casaci/bamboohome/xml-data/build-dir/CASASPECS-RELEASE675BUILDCASALITH-BPO15ARMPY313/casa6/casatools/src/code/synthesis/ImagerObjects/SDAlgorithmMSClean.cc, line 185)	MSClean minor cycle stopped at large scale negative or diverging
2026-05-14 15:23:54	WARN	SDAlgorithmMSClean::takeOneStep (file /Users/casaci/bamboohome/xml-data/build-dir/CASASPECS-RELEASE675BUILDCASALITH-BPO15ARMPY313/casa6/casatools/src/code/synthesis/ImagerObjects/SDAlgorithmMSClean.cc, line 185)	MSClean minor cycle stopped at large scale negative or diverging
2026-05-14 15:24:08	WARN	SDAlgorithmMSClean::takeOneStep (file /Users/casaci/bamboohome/xml-data/build-dir/CASASPECS-RELEASE675BUILDCASALITH-BPO15ARMPY313/casa6/casatools/src/code/synthesis/ImagerObjects/SDAlgorithmMSClean.cc, line 185)	MSClean minor cycle stopped at large scale negative or diverging
1 of 52 solutions flagged due to SNR < 1 in spw=0 at 2021/07/26/00:07:59.1
2026-05-14 15:24:18	WARN	ImageRegridder::_doImagesOverlap	At least one of the images exceeds one degree on at one side, not checking for direction plane overlap.
2026-05-14 15:25:02	WARN	SDAlgorithmMSClean::takeOneStep (file /Users/casaci/bamboohome/xml-data/build-dir/CASASPECS-RELEASE675BUILDCASALITH-BPO15ARMPY313/casa6/casatools/src/code/synthesis/ImagerObjects/SDAlgorithmMSClean.cc, line 185)	MSClean minor cycle stopped at large scale negative or diverging
2026-05-14 15:25:05	WARN	SDAlgorithmMSClean::takeOneStep (file /Users/casaci/bamboohome/xml-data/build-dir/CASASPECS-RELEASE675BUILDCASALITH-BPO15ARMPY313/casa6/casatools/src/code/synthesis/ImagerObjects/SDAlgorithmMSClean.cc, line 185)	MSClean minor cycle stopped at large scale negative or diverging
2026-05-14 15:25:23	WARN	SDAlgorithmMSClean::takeOneStep (file /Users/casaci/bamboohome/xml-data/build-dir/CASASPECS-RELEASE675BUILDCASALITH-BPO15ARMPY313/casa6/casatools/src/code/synthesis/ImagerObjects/SDAlgorithmMSClean.cc, line 185)	MSClean minor cycle stopped at large scale negative or diverging
2026-05-14 15:25:41	WARN	SDAlgorithmMSClean::takeOneStep (file /Users/casaci/bamboohome/xml-data/build-dir/CASASPECS-RELEASE675BUILDCASALITH-BPO15ARMPY313/casa6/casatools/src/code/synthesis/ImagerObjects/SDAlgorithmMSClean.cc, line 185)	MSClean minor cycle stopped at large scale negative or diverging
2026-05-14 15:26:25	WARN	SDAlgorithmMSClean::takeOneStep (file /Users/casaci/bamboohome/xml-data/build-dir/CASASPECS-RELEASE675BUILDCASALITH-BPO15ARMPY313/casa6/casatools/src/code/synthesis/ImagerObjects/SDAlgorithmMSClean.cc, line 185)	MSClean minor cycle stopped at large scale negative or diverging
2026-05-14 15:26:28	WARN	SDAlgorithmMSClean::takeOneStep (file /Users/casaci/bamboohome/xml-data/build-dir/CASASPECS-RELEASE675BUILDCASALITH-BPO15ARMPY313/casa6/casatools/src/code/synthesis/ImagerObjects/SDAlgorithmMSClean.cc, line 185)	MSClean minor cycle stopped at large scale negative or diverging
2026-05-14 15:26:46	WARN	SDAlgorithmMSClean::takeOneStep (file /Users/casaci/bamboohome/xml-data/build-dir/CASASPECS-RELEASE675BUILDCASALITH-BPO15ARMPY313/casa6/casatools/src/code/synthesis/ImagerObjects/SDAlgorithmMSClean.cc, line 185)	MSClean minor cycle stopped at large scale negative or diverging
2026-05-14 15:27:01	WARN	SDAlgorithmMSClean::takeOneStep (file /Users/casaci/bamboohome/xml-data/build-dir/CASASPECS-RELEASE675BUILDCASALITH-BPO15ARMPY313/casa6/casatools/src/code/synthesis/ImagerObjects/SDAlgorithmMSClean.cc, line 185)	MSClean minor cycle stopped at large scale negative or diverging
2026-05-14 15:27:06	WARN	SDAlgorithmMSClean::takeOneStep (file /Users/casaci/bamboohome/xml-data/build-dir/CASASPECS-RELEASE675BUILDCASALITH-BPO15ARMPY313/casa6/casatools/src/code/synthesis/ImagerObjects/SDAlgorithmMSClean.cc, line 185)	MSClean minor cycle stopped at large scale negative or diverging
2026-05-14 15:27:22	WARN	SDAlgorithmMSClean::takeOneStep (file /Users/casaci/bamboohome/xml-data/build-dir/CASASPECS-RELEASE675BUILDCASALITH-BPO15ARMPY313/casa6/casatools/src/code/synthesis/ImagerObjects/SDAlgorithmMSClean.cc, line 185)	MSClean minor cycle stopped at large scale negative or diverging
2026-05-14 15:27:26	WARN	SDAlgorithmMSClean::takeOneStep (file /Users/casaci/bamboohome/xml-data/build-dir/CASASPECS-RELEASE675BUILDCASALITH-BPO15ARMPY313/casa6/casatools/src/code/synthesis/ImagerObjects/SDAlgorithmMSClean.cc, line 185)	MSClean minor cycle stopped at large scale negative or diverging
2026-05-14 15:27:45	WARN	SDAlgorithmMSClean::takeOneStep (file /Users/casaci/bamboohome/xml-data/build-dir/CASASPECS-RELEASE675BUILDCASALITH-BPO15ARMPY313/casa6/casatools/src/code/synthesis/ImagerObjects/SDAlgorithmMSClean.cc, line 185)	MSClean minor cycle stopped at large scale negative or diverging
2026-05-14 15:28:01	WARN	SDAlgorithmMSClean::takeOneStep (file /Users/casaci/bamboohome/xml-data/build-dir/CASASPECS-RELEASE675BUILDCASALITH-BPO15ARMPY313/casa6/casatools/src/code/synthesis/ImagerObjects/SDAlgorithmMSClean.cc, line 185)	MSClean minor cycle stopped at large scale negative or diverging
2026-05-14 15:29:11	WARN	SDAlgorithmMSClean::takeOneStep (file /Users/casaci/bamboohome/xml-data/build-dir/CASASPECS-RELEASE675BUILDCASALITH-BPO15ARMPY313/casa6/casatools/src/code/synthesis/ImagerObjects/SDAlgorithmMSClean.cc, line 185)	MSClean minor cycle stopped at large scale negative or diverging
2026-05-14 15:29:19	WARN	ImageRegridder::_doImagesOverlap	At least one of the images exceeds one degree on at one side, not checking for direction plane overlap.
2026-05-14 15:29:36	WARN	SDAlgorithmMSClean::takeOneStep (file /Users/casaci/bamboohome/xml-data/build-dir/CASASPECS-RELEASE675BUILDCASALITH-BPO15ARMPY313/casa6/casatools/src/code/synthesis/ImagerObjects/SDAlgorithmMSClean.cc, line 185)	MSClean minor cycle stopped at large scale negative or diverging
2026-05-14 15:30:06	WARN	SDAlgorithmMSClean::takeOneStep (file /Users/casaci/bamboohome/xml-data/build-dir/CASASPECS-RELEASE675BUILDCASALITH-BPO15ARMPY313/casa6/casatools/src/code/synthesis/ImagerObjects/SDAlgorithmMSClean.cc, line 185)	MSClean minor cycle stopped at large scale negative or diverging
2026-05-14 15:30:23	WARN	SDAlgorithmMSClean::takeOneStep (file /Users/casaci/bamboohome/xml-data/build-dir/CASASPECS-RELEASE675BUILDCASALITH-BPO15ARMPY313/casa6/casatools/src/code/synthesis/ImagerObjects/SDAlgorithmMSClean.cc, line 185)	MSClean minor cycle stopped at large scale negative or diverging
2026-05-14 15:30:26	WARN	SDAlgorithmMSClean::takeOneStep (file /Users/casaci/bamboohome/xml-data/build-dir/CASASPECS-RELEASE675BUILDCASALITH-BPO15ARMPY313/casa6/casatools/src/code/synthesis/ImagerObjects/SDAlgorithmMSClean.cc, line 185)	MSClean minor cycle stopped at large scale negative or diverging
2026-05-14 15:30:58	WARN	SDAlgorithmMSClean::takeOneStep (file /Users/casaci/bamboohome/xml-data/build-dir/CASASPECS-RELEASE675BUILDCASALITH-BPO15ARMPY313/casa6/casatools/src/code/synthesis/ImagerObjects/SDAlgorithmMSClean.cc, line 185)	MSClean minor cycle stopped at large scale negative or diverging
2026-05-14 15:31:15	WARN	SDAlgorithmMSClean::takeOneStep (file /Users/casaci/bamboohome/xml-data/build-dir/CASASPECS-RELEASE675BUILDCASALITH-BPO15ARMPY313/casa6/casatools/src/code/synthesis/ImagerObjects/SDAlgorithmMSClean.cc, line 185)	MSClean minor cycle stopped at large scale negative or diverging
2026-05-14 15:31:20	WARN	SDAlgorithmMSClean::takeOneStep (file /Users/casaci/bamboohome/xml-data/build-dir/CASASPECS-RELEASE675BUILDCASALITH-BPO15ARMPY313/casa6/casatools/src/code/synthesis/ImagerObjects/SDAlgorithmMSClean.cc, line 185)	MSClean minor cycle stopped at large scale negative or diverging
2026-05-14 15:31:37	WARN	SDAlgorithmMSClean::takeOneStep (file /Users/casaci/bamboohome/xml-data/build-dir/CASASPECS-RELEASE675BUILDCASALITH-BPO15ARMPY313/casa6/casatools/src/code/synthesis/ImagerObjects/SDAlgorithmMSClean.cc, line 185)	MSClean minor cycle stopped at large scale negative or diverging
2026-05-14 15:31:43	WARN	SDAlgorithmMSClean::takeOneStep (file /Users/casaci/bamboohome/xml-data/build-dir/CASASPECS-RELEASE675BUILDCASALITH-BPO15ARMPY313/casa6/casatools/src/code/synthesis/ImagerObjects/SDAlgorithmMSClean.cc, line 185)	MSClean minor cycle stopped at large scale negative or diverging
2026-05-14 15:32:00	WARN	SDAlgorithmMSClean::takeOneStep (file /Users/casaci/bamboohome/xml-data/build-dir/CASASPECS-RELEASE675BUILDCASALITH-BPO15ARMPY313/casa6/casatools/src/code/synthesis/ImagerObjects/SDAlgorithmMSClean.cc, line 185)	MSClean minor cycle stopped at large scale negative or diverging
2026-05-14 15:32:17	WARN	SDAlgorithmMSClean::takeOneStep (file /Users/casaci/bamboohome/xml-data/build-dir/CASASPECS-RELEASE675BUILDCASALITH-BPO15ARMPY313/casa6/casatools/src/code/synthesis/ImagerObjects/SDAlgorithmMSClean.cc, line 185)	MSClean minor cycle stopped at large scale negative or diverging
2026-05-14 15:32:22	WARN	SDAlgorithmMSClean::takeOneStep (file /Users/casaci/bamboohome/xml-data/build-dir/CASASPECS-RELEASE675BUILDCASALITH-BPO15ARMPY313/casa6/casatools/src/code/synthesis/ImagerObjects/SDAlgorithmMSClean.cc, line 185)	MSClean minor cycle stopped at large scale negative or diverging
2026-05-14 15:32:39	WARN	SDAlgorithmMSClean::takeOneStep (file /Users/casaci/bamboohome/xml-data/build-dir/CASASPECS-RELEASE675BUILDCASALITH-BPO15ARMPY313/casa6/casatools/src/code/synthesis/ImagerObjects/SDAlgorithmMSClean.cc, line 185)	MSClean minor cycle stopped at large scale negative or diverging
2026-05-14 15:32:55	WARN	SDAlgorithmMSClean::takeOneStep (file /Users/casaci/bamboohome/xml-data/build-dir/CASASPECS-RELEASE675BUILDCASALITH-BPO15ARMPY313/casa6/casatools/src/code/synthesis/ImagerObjects/SDAlgorithmMSClean.cc, line 185)	MSClean minor cycle stopped at large scale negative or diverging
2026-05-14 15:33:11	WARN	SDAlgorithmMSClean::takeOneStep (file /Users/casaci/bamboohome/xml-data/build-dir/CASASPECS-RELEASE675BUILDCASALITH-BPO15ARMPY313/casa6/casatools/src/code/synthesis/ImagerObjects/SDAlgorithmMSClean.cc, line 185)	MSClean minor cycle stopped at large scale negative or diverging
2026-05-14 15:33:14	WARN	SDAlgorithmMSClean::takeOneStep (file /Users/casaci/bamboohome/xml-data/build-dir/CASASPECS-RELEASE675BUILDCASALITH-BPO15ARMPY313/casa6/casatools/src/code/synthesis/ImagerObjects/SDAlgorithmMSClean.cc, line 185)	MSClean minor cycle stopped at large scale negative or diverging
2026-05-14 15:33:31	WARN	SDAlgorithmMSClean::takeOneStep (file /Users/casaci/bamboohome/xml-data/build-dir/CASASPECS-RELEASE675BUILDCASALITH-BPO15ARMPY313/casa6/casatools/src/code/synthesis/ImagerObjects/SDAlgorithmMSClean.cc, line 185)	MSClean minor cycle stopped at large scale negative or diverging
2026-05-14 15:33:47	WARN	SDAlgorithmMSClean::takeOneStep (file /Users/casaci/bamboohome/xml-data/build-dir/CASASPECS-RELEASE675BUILDCASALITH-BPO15ARMPY313/casa6/casatools/src/code/synthesis/ImagerObjects/SDAlgorithmMSClean.cc, line 185)	MSClean minor cycle stopped at large scale negative or diverging
2026-05-14 15:34:03	WARN	SDAlgorithmMSClean::takeOneStep (file /Users/casaci/bamboohome/xml-data/build-dir/CASASPECS-RELEASE675BUILDCASALITH-BPO15ARMPY313/casa6/casatools/src/code/synthesis/ImagerObjects/SDAlgorithmMSClean.cc, line 185)	MSClean minor cycle stopped at large scale negative or diverging
2026-05-14 15:34:08	WARN	SDAlgorithmMSClean::takeOneStep (file /Users/casaci/bamboohome/xml-data/build-dir/CASASPECS-RELEASE675BUILDCASALITH-BPO15ARMPY313/casa6/casatools/src/code/synthesis/ImagerObjects/SDAlgorithmMSClean.cc, line 185)	MSClean minor cycle stopped at large scale negative or diverging
2026-05-14 15:34:25	WARN	SDAlgorithmMSClean::takeOneStep (file /Users/casaci/bamboohome/xml-data/build-dir/CASASPECS-RELEASE675BUILDCASALITH-BPO15ARMPY313/casa6/casatools/src/code/synthesis/ImagerObjects/SDAlgorithmMSClean.cc, line 185)	MSClean minor cycle stopped at large scale negative or diverging
2026-05-14 15:34:34	WARN	ImageRegridder::_doImagesOverlap	At least one of the images exceeds one degree on at one side, not checking for direction plane overlap.
2026-05-14 15:34:54	WARN	ImageRegridder::_doImagesOverlap	At least one of the images exceeds one degree on at one side, not checking for direction plane overlap.
2 of 52 solutions flagged due to SNR < 1 in spw=0 at 2021/07/26/00:09:49.3
2026-05-14 15:35:31	WARN	ImageRegridder::_doImagesOverlap	At least one of the images exceeds one degree on at one side, not checking for direction plane overlap.
2 of 52 solutions flagged due to SNR < 1 in spw=0 at 2021/07/26/00:09:53.1
2026-05-14 15:37:02	WARN	ImageRegridder::_doImagesOverlap	At least one of the images exceeds one degree on at one side, not checking for direction plane overlap.
1 of 52 solutions flagged due to SNR < 1 in spw=0 at 2021/07/26/00:09:51.5
2026-05-14 15:39:18	WARN	ImageRegridder::_doImagesOverlap	At least one of the images exceeds one degree on at one side, not checking for direction plane overlap.
2026-05-14 15:40:41	WARN	SDAlgorithmMSClean::takeOneStep (file /Users/casaci/bamboohome/xml-data/build-dir/CASASPECS-RELEASE675BUILDCASALITH-BPO15ARMPY313/casa6/casatools/src/code/synthesis/ImagerObjects/SDAlgorithmMSClean.cc, line 185)	MSClean minor cycle stopped at large scale negative or diverging
2026-05-14 15:41:12	WARN	SDAlgorithmMSClean::takeOneStep (file /Users/casaci/bamboohome/xml-data/build-dir/CASASPECS-RELEASE675BUILDCASALITH-BPO15ARMPY313/casa6/casatools/src/code/synthesis/ImagerObjects/SDAlgorithmMSClean.cc, line 185)	MSClean minor cycle stopped at large scale negative or diverging
2026-05-14 15:41:43	WARN	SDAlgorithmMSClean::takeOneStep (file /Users/casaci/bamboohome/xml-data/build-dir/CASASPECS-RELEASE675BUILDCASALITH-BPO15ARMPY313/casa6/casatools/src/code/synthesis/ImagerObjects/SDAlgorithmMSClean.cc, line 185)	MSClean minor cycle stopped at large scale negative or diverging
2026-05-14 15:41:59	WARN	SDAlgorithmMSClean::takeOneStep (file /Users/casaci/bamboohome/xml-data/build-dir/CASASPECS-RELEASE675BUILDCASALITH-BPO15ARMPY313/casa6/casatools/src/code/synthesis/ImagerObjects/SDAlgorithmMSClean.cc, line 185)	MSClean minor cycle stopped at large scale negative or diverging
2026-05-14 15:42:16	WARN	SDAlgorithmMSClean::takeOneStep (file /Users/casaci/bamboohome/xml-data/build-dir/CASASPECS-RELEASE675BUILDCASALITH-BPO15ARMPY313/casa6/casatools/src/code/synthesis/ImagerObjects/SDAlgorithmMSClean.cc, line 185)	MSClean minor cycle stopped at large scale negative or diverging
2026-05-14 15:42:46	WARN	SDAlgorithmMSClean::takeOneStep (file /Users/casaci/bamboohome/xml-data/build-dir/CASASPECS-RELEASE675BUILDCASALITH-BPO15ARMPY313/casa6/casatools/src/code/synthesis/ImagerObjects/SDAlgorithmMSClean.cc, line 185)	MSClean minor cycle stopped at large scale negative or diverging
2026-05-14 15:43:02	WARN	SDAlgorithmMSClean::takeOneStep (file /Users/casaci/bamboohome/xml-data/build-dir/CASASPECS-RELEASE675BUILDCASALITH-BPO15ARMPY313/casa6/casatools/src/code/synthesis/ImagerObjects/SDAlgorithmMSClean.cc, line 185)	MSClean minor cycle stopped at large scale negative or diverging
2026-05-14 15:43:07	WARN	SDAlgorithmMSClean::takeOneStep (file /Users/casaci/bamboohome/xml-data/build-dir/CASASPECS-RELEASE675BUILDCASALITH-BPO15ARMPY313/casa6/casatools/src/code/synthesis/ImagerObjects/SDAlgorithmMSClean.cc, line 185)	MSClean minor cycle stopped at large scale negative or diverging
2026-05-14 15:43:51	WARN	SDAlgorithmMSClean::takeOneStep (file /Users/casaci/bamboohome/xml-data/build-dir/CASASPECS-RELEASE675BUILDCASALITH-BPO15ARMPY313/casa6/casatools/src/code/synthesis/ImagerObjects/SDAlgorithmMSClean.cc, line 185)	MSClean minor cycle stopped at large scale negative or diverging
2026-05-14 15:43:54	WARN	SDAlgorithmMSClean::takeOneStep (file /Users/casaci/bamboohome/xml-data/build-dir/CASASPECS-RELEASE675BUILDCASALITH-BPO15ARMPY313/casa6/casatools/src/code/synthesis/ImagerObjects/SDAlgorithmMSClean.cc, line 185)	MSClean minor cycle stopped at large scale negative or diverging
2026-05-14 15:44:10	WARN	SDAlgorithmMSClean::takeOneStep (file /Users/casaci/bamboohome/xml-data/build-dir/CASASPECS-RELEASE675BUILDCASALITH-BPO15ARMPY313/casa6/casatools/src/code/synthesis/ImagerObjects/SDAlgorithmMSClean.cc, line 185)	MSClean minor cycle stopped at large scale negative or diverging
2026-05-14 15:44:16	WARN	ImageRegridder::_doImagesOverlap	At least one of the images exceeds one degree on at one side, not checking for direction plane overlap.
2026-05-14 15:44:32	WARN	SDAlgorithmMSClean::takeOneStep (file /Users/casaci/bamboohome/xml-data/build-dir/CASASPECS-RELEASE675BUILDCASALITH-BPO15ARMPY313/casa6/casatools/src/code/synthesis/ImagerObjects/SDAlgorithmMSClean.cc, line 185)	MSClean minor cycle stopped at large scale negative or diverging
2026-05-14 15:45:28	WARN	SDAlgorithmMSClean::takeOneStep (file /Users/casaci/bamboohome/xml-data/build-dir/CASASPECS-RELEASE675BUILDCASALITH-BPO15ARMPY313/casa6/casatools/src/code/synthesis/ImagerObjects/SDAlgorithmMSClean.cc, line 185)	MSClean minor cycle stopped at large scale negative or diverging
2026-05-14 15:45:44	WARN	SDAlgorithmMSClean::takeOneStep (file /Users/casaci/bamboohome/xml-data/build-dir/CASASPECS-RELEASE675BUILDCASALITH-BPO15ARMPY313/casa6/casatools/src/code/synthesis/ImagerObjects/SDAlgorithmMSClean.cc, line 185)	MSClean minor cycle stopped at large scale negative or diverging
2026-05-14 15:46:14	WARN	SDAlgorithmMSClean::takeOneStep (file /Users/casaci/bamboohome/xml-data/build-dir/CASASPECS-RELEASE675BUILDCASALITH-BPO15ARMPY313/casa6/casatools/src/code/synthesis/ImagerObjects/SDAlgorithmMSClean.cc, line 185)	MSClean minor cycle stopped at large scale negative or diverging
2026-05-14 15:46:44	WARN	SDAlgorithmMSClean::takeOneStep (file /Users/casaci/bamboohome/xml-data/build-dir/CASASPECS-RELEASE675BUILDCASALITH-BPO15ARMPY313/casa6/casatools/src/code/synthesis/ImagerObjects/SDAlgorithmMSClean.cc, line 185)	MSClean minor cycle stopped at large scale negative or diverging
2026-05-14 15:47:01	WARN	SDAlgorithmMSClean::takeOneStep (file /Users/casaci/bamboohome/xml-data/build-dir/CASASPECS-RELEASE675BUILDCASALITH-BPO15ARMPY313/casa6/casatools/src/code/synthesis/ImagerObjects/SDAlgorithmMSClean.cc, line 185)	MSClean minor cycle stopped at large scale negative or diverging
2026-05-14 15:47:17	WARN	SDAlgorithmMSClean::takeOneStep (file /Users/casaci/bamboohome/xml-data/build-dir/CASASPECS-RELEASE675BUILDCASALITH-BPO15ARMPY313/casa6/casatools/src/code/synthesis/ImagerObjects/SDAlgorithmMSClean.cc, line 185)	MSClean minor cycle stopped at large scale negative or diverging
2026-05-14 15:47:33	WARN	SDAlgorithmMSClean::takeOneStep (file /Users/casaci/bamboohome/xml-data/build-dir/CASASPECS-RELEASE675BUILDCASALITH-BPO15ARMPY313/casa6/casatools/src/code/synthesis/ImagerObjects/SDAlgorithmMSClean.cc, line 185)	MSClean minor cycle stopped at large scale negative or diverging
2026-05-14 15:47:50	WARN	SDAlgorithmMSClean::takeOneStep (file /Users/casaci/bamboohome/xml-data/build-dir/CASASPECS-RELEASE675BUILDCASALITH-BPO15ARMPY313/casa6/casatools/src/code/synthesis/ImagerObjects/SDAlgorithmMSClean.cc, line 185)	MSClean minor cycle stopped at large scale negative or diverging
2026-05-14 15:48:06	WARN	SDAlgorithmMSClean::takeOneStep (file /Users/casaci/bamboohome/xml-data/build-dir/CASASPECS-RELEASE675BUILDCASALITH-BPO15ARMPY313/casa6/casatools/src/code/synthesis/ImagerObjects/SDAlgorithmMSClean.cc, line 185)	MSClean minor cycle stopped at large scale negative or diverging
2026-05-14 15:48:11	WARN	SDAlgorithmMSClean::takeOneStep (file /Users/casaci/bamboohome/xml-data/build-dir/CASASPECS-RELEASE675BUILDCASALITH-BPO15ARMPY313/casa6/casatools/src/code/synthesis/ImagerObjects/SDAlgorithmMSClean.cc, line 185)	MSClean minor cycle stopped at large scale negative or diverging
2026-05-14 15:48:30	WARN	SDAlgorithmMSClean::takeOneStep (file /Users/casaci/bamboohome/xml-data/build-dir/CASASPECS-RELEASE675BUILDCASALITH-BPO15ARMPY313/casa6/casatools/src/code/synthesis/ImagerObjects/SDAlgorithmMSClean.cc, line 185)	MSClean minor cycle stopped at large scale negative or diverging
2026-05-14 15:48:48	WARN	SDAlgorithmMSClean::takeOneStep (file /Users/casaci/bamboohome/xml-data/build-dir/CASASPECS-RELEASE675BUILDCASALITH-BPO15ARMPY313/casa6/casatools/src/code/synthesis/ImagerObjects/SDAlgorithmMSClean.cc, line 185)	MSClean minor cycle stopped at large scale negative or diverging
2026-05-14 15:49:04	WARN	SDAlgorithmMSClean::takeOneStep (file /Users/casaci/bamboohome/xml-data/build-dir/CASASPECS-RELEASE675BUILDCASALITH-BPO15ARMPY313/casa6/casatools/src/code/synthesis/ImagerObjects/SDAlgorithmMSClean.cc, line 185)	MSClean minor cycle stopped at large scale negative or diverging

[selfcal-dev]   Cycle 4/5: exported /Users/raj030/DATA/gmrt_40_014/work/casa_selfcal/moon0520_stk10_phasecenter/moon0520_stk0060_n10/moon0520_stk0060_n10_sc4.fits
[selfcal-dev]   Cycle 5/5: tclean niter=1000  img_uvrange=''  cal_uvrange=''  scales=[0, 5, 15, 45, 90]
[selfcal-dev]   Cycle 5/5: gaincal → /Users/raj030/DATA/gmrt_40_014/work/casa_selfcal/moon0520_stk10_phasecenter/moon0520_stk0060_n10/moon0520_stk0060_n10_sc5.gcal
[selfcal-dev]     solmode='L1'  refant='1'  refantmode='flex'
[selfcal-dev]   Cycle 5/5: applycal
[selfcal-dev]   Cycle 5/5: exported /Users/raj030/DATA/gmrt_40_014/work/casa_selfcal/moon0520_stk10_phasecenter/moon0520_stk0060_n10/moon0520_stk0060_n10_sc5.fits
[selfcal-dev]   Final image: tclean niter=1000  uvrange=''  scales=[0, 5, 15, 45, 90]
[selfcal-dev]   Exported: /Users/raj030/DATA/gmrt_40_014/work/casa_selfcal/moon0520_stk10_phasecenter/moon0520_stk0060_n10/moon0520_stk0060_n10_final.fits

[selfcal-dev] === Stack start_idx=70  n=10  JD=2459421.503249..2459421.504088  timerange=2021/07/26/00:04:36~2021/07/26/00:05:57 ===
[selfcal-dev]   Moon at RA=331.0293°  Dec=-17.4259°  offset=7.15arcmin from field centre  (image half-width=38.4arcmin)
[selfcal-dev]   mask-center (ephem): RA=331.029256 deg  Dec=-17.425948 deg
[selfcal-dev]   mask-radius: 20.00 arcmin
[selfcal-dev]   mask-string: circle[[22:04:07.021, -17.25.33.41], 20.0arcmin]
[selfcal-dev]   tclean phasecenter: ENABLED (J2000 22h04m07.021s -17d25m33.41s)
[selfcal-dev]   Cycle 1/5: tclean niter=100  img_uvrange=''  cal_uvrange=''  scales=[0, 5, 15]
[selfcal-dev]   Cycle 1/5: gaincal → /Users/raj030/DATA/gmrt_40_014/work/casa_selfcal/moon0520_stk10_phasecenter/moon0520_stk0070_n10/moon0520_stk0070_n10_sc1.gcal
[selfcal-dev]     solmode='L1'  refant='1'  refantmode='flex'
[selfcal-dev]   Cycle 1/5: applycal
[selfcal-dev]   Cycle 1/5: exported /Users/raj030/DATA/gmrt_40_014/work/casa_selfcal/moon0520_stk10_phasecenter/moon0520_stk0070_n10/moon0520_stk0070_n10_sc1.fits
[selfcal-dev]   Cycle 2/5: tclean niter=200  img_uvrange=''  cal_uvrange=''  scales=[0, 5, 15]
[selfcal-dev]   Cycle 2/5: gaincal → /Users/raj030/DATA/gmrt_40_014/work/casa_selfcal/moon0520_stk10_phasecenter/moon0520_stk0070_n10/moon0520_stk0070_n10_sc2.gcal
[selfcal-dev]     solmode='L1'  refant='1'  refantmode='flex'
[selfcal-dev]   Cycle 2/5: applycal
[selfcal-dev]   Cycle 2/5: exported /Users/raj030/DATA/gmrt_40_014/work/casa_selfcal/moon0520_stk10_phasecenter/moon0520_stk0070_n10/moon0520_stk0070_n10_sc2.fits
[selfcal-dev]   Cycle 3/5: tclean niter=400  img_uvrange=''  cal_uvrange=''  scales=[0, 5, 15, 45]
[selfcal-dev]   Cycle 3/5: gaincal → /Users/raj030/DATA/gmrt_40_014/work/casa_selfcal/moon0520_stk10_phasecenter/moon0520_stk0070_n10/moon0520_stk0070_n10_sc3.gcal
[selfcal-dev]     solmode='L1'  refant='1'  refantmode='flex'
[selfcal-dev]   Cycle 3/5: applycal
[selfcal-dev]   Cycle 3/5: exported /Users/raj030/DATA/gmrt_40_014/work/casa_selfcal/moon0520_stk10_phasecenter/moon0520_stk0070_n10/moon0520_stk0070_n10_sc3.fits
[selfcal-dev]   Cycle 4/5: tclean niter=600  img_uvrange=''  cal_uvrange=''  scales=[0, 5, 15, 45]
[selfcal-dev]   Cycle 4/5: gaincal → /Users/raj030/DATA/gmrt_40_014/work/casa_selfcal/moon0520_stk10_phasecenter/moon0520_stk0070_n10/moon0520_stk0070_n10_sc4.gcal
[selfcal-dev]     solmode='L1'  refant='1'  refantmode='flex'
[selfcal-dev]   Cycle 4/5: applycal
[selfcal-dev]   Cycle 4/5: exported /Users/raj030/DATA/gmrt_40_014/work/casa_selfcal/moon0520_stk10_phasecenter/moon0520_stk0070_n10/moon0520_stk0070_n10_sc4.fits
[selfcal-dev]   Cycle 5/5: tclean niter=1000  img_uvrange=''  cal_uvrange=''  scales=[0, 5, 15, 45, 90]
[selfcal-dev]   Cycle 5/5: gaincal → /Users/raj030/DATA/gmrt_40_014/work/casa_selfcal/moon0520_stk10_phasecenter/moon0520_stk0070_n10/moon0520_stk0070_n10_sc5.gcal
[selfcal-dev]     solmode='L1'  refant='1'  refantmode='flex'
[selfcal-dev]   Cycle 5/5: applycal
[selfcal-dev]   Cycle 5/5: exported /Users/raj030/DATA/gmrt_40_014/work/casa_selfcal/moon0520_stk10_phasecenter/moon0520_stk0070_n10/moon0520_stk0070_n10_sc5.fits
[selfcal-dev]   Final image: tclean niter=1000  uvrange=''  scales=[0, 5, 15, 45, 90]
[selfcal-dev]   Exported: /Users/raj030/DATA/gmrt_40_014/work/casa_selfcal/moon0520_stk10_phasecenter/moon0520_stk0070_n10/moon0520_stk0070_n10_final.fits

[selfcal-dev] === Stack start_idx=80  n=10  JD=2459421.504181..2459421.505020  timerange=2021/07/26/00:05:57~2021/07/26/00:07:17 ===
[selfcal-dev]   Moon at RA=331.0382°  Dec=-17.4205°  offset=7.76arcmin from field centre  (image half-width=38.4arcmin)
[selfcal-dev]   mask-center (ephem): RA=331.038184 deg  Dec=-17.420470 deg
[selfcal-dev]   mask-radius: 20.00 arcmin
[selfcal-dev]   mask-string: circle[[22:04:09.164, -17.25.13.69], 20.0arcmin]
[selfcal-dev]   tclean phasecenter: ENABLED (J2000 22h04m09.164s -17d25m13.69s)
[selfcal-dev]   Cycle 1/5: tclean niter=100  img_uvrange=''  cal_uvrange=''  scales=[0, 5, 15]
[selfcal-dev]   Cycle 1/5: gaincal → /Users/raj030/DATA/gmrt_40_014/work/casa_selfcal/moon0520_stk10_phasecenter/moon0520_stk0080_n10/moon0520_stk0080_n10_sc1.gcal
[selfcal-dev]     solmode='L1'  refant='1'  refantmode='flex'
[selfcal-dev]   Cycle 1/5: applycal
[selfcal-dev]   Cycle 1/5: exported /Users/raj030/DATA/gmrt_40_014/work/casa_selfcal/moon0520_stk10_phasecenter/moon0520_stk0080_n10/moon0520_stk0080_n10_sc1.fits
[selfcal-dev]   Cycle 2/5: tclean niter=200  img_uvrange=''  cal_uvrange=''  scales=[0, 5, 15]
[selfcal-dev]   Cycle 2/5: gaincal → /Users/raj030/DATA/gmrt_40_014/work/casa_selfcal/moon0520_stk10_phasecenter/moon0520_stk0080_n10/moon0520_stk0080_n10_sc2.gcal
[selfcal-dev]     solmode='L1'  refant='1'  refantmode='flex'
[selfcal-dev]   Cycle 2/5: applycal
[selfcal-dev]   Cycle 2/5: exported /Users/raj030/DATA/gmrt_40_014/work/casa_selfcal/moon0520_stk10_phasecenter/moon0520_stk0080_n10/moon0520_stk0080_n10_sc2.fits
[selfcal-dev]   Cycle 3/5: tclean niter=400  img_uvrange=''  cal_uvrange=''  scales=[0, 5, 15, 45]
[selfcal-dev]   Cycle 3/5: gaincal → /Users/raj030/DATA/gmrt_40_014/work/casa_selfcal/moon0520_stk10_phasecenter/moon0520_stk0080_n10/moon0520_stk0080_n10_sc3.gcal
[selfcal-dev]     solmode='L1'  refant='1'  refantmode='flex'
[selfcal-dev]   Cycle 3/5: applycal
[selfcal-dev]   Cycle 3/5: exported /Users/raj030/DATA/gmrt_40_014/work/casa_selfcal/moon0520_stk10_phasecenter/moon0520_stk0080_n10/moon0520_stk0080_n10_sc3.fits
[selfcal-dev]   Cycle 4/5: tclean niter=600  img_uvrange=''  cal_uvrange=''  scales=[0, 5, 15, 45]
[selfcal-dev]   Cycle 4/5: gaincal → /Users/raj030/DATA/gmrt_40_014/work/casa_selfcal/moon0520_stk10_phasecenter/moon0520_stk0080_n10/moon0520_stk0080_n10_sc4.gcal
[selfcal-dev]     solmode='L1'  refant='1'  refantmode='flex'
[selfcal-dev]   Cycle 4/5: applycal
[selfcal-dev]   Cycle 4/5: exported /Users/raj030/DATA/gmrt_40_014/work/casa_selfcal/moon0520_stk10_phasecenter/moon0520_stk0080_n10/moon0520_stk0080_n10_sc4.fits
[selfcal-dev]   Cycle 5/5: tclean niter=1000  img_uvrange=''  cal_uvrange=''  scales=[0, 5, 15, 45, 90]
[selfcal-dev]   Cycle 5/5: gaincal → /Users/raj030/DATA/gmrt_40_014/work/casa_selfcal/moon0520_stk10_phasecenter/moon0520_stk0080_n10/moon0520_stk0080_n10_sc5.gcal
[selfcal-dev]     solmode='L1'  refant='1'  refantmode='flex'
[selfcal-dev]   Cycle 5/5: applycal
[selfcal-dev]   Cycle 5/5: exported /Users/raj030/DATA/gmrt_40_014/work/casa_selfcal/moon0520_stk10_phasecenter/moon0520_stk0080_n10/moon0520_stk0080_n10_sc5.fits
[selfcal-dev]   Final image: tclean niter=1000  uvrange=''  scales=[0, 5, 15, 45, 90]
[selfcal-dev]   Exported: /Users/raj030/DATA/gmrt_40_014/work/casa_selfcal/moon0520_stk10_phasecenter/moon0520_stk0080_n10/moon0520_stk0080_n10_final.fits

[selfcal-dev] === Stack start_idx=90  n=10  JD=2459421.505113..2459421.505952  timerange=2021/07/26/00:07:17~2021/07/26/00:08:38 ===
[selfcal-dev]   Moon at RA=331.0471°  Dec=-17.4150°  offset=8.37arcmin from field centre  (image half-width=38.4arcmin)
[selfcal-dev]   mask-center (ephem): RA=331.047135 deg  Dec=-17.414987 deg
[selfcal-dev]   mask-radius: 20.00 arcmin
[selfcal-dev]   mask-string: circle[[22:04:11.312, -17.24.53.95], 20.0arcmin]
[selfcal-dev]   tclean phasecenter: ENABLED (J2000 22h04m11.312s -17d24m53.95s)
[selfcal-dev]   Cycle 1/5: tclean niter=100  img_uvrange=''  cal_uvrange=''  scales=[0, 5, 15]
[selfcal-dev]   Cycle 1/5: gaincal → /Users/raj030/DATA/gmrt_40_014/work/casa_selfcal/moon0520_stk10_phasecenter/moon0520_stk0090_n10/moon0520_stk0090_n10_sc1.gcal
[selfcal-dev]     solmode='L1'  refant='1'  refantmode='flex'
[selfcal-dev]   Cycle 1/5: applycal
[selfcal-dev]   Cycle 1/5: exported /Users/raj030/DATA/gmrt_40_014/work/casa_selfcal/moon0520_stk10_phasecenter/moon0520_stk0090_n10/moon0520_stk0090_n10_sc1.fits
[selfcal-dev]   Cycle 2/5: tclean niter=200  img_uvrange=''  cal_uvrange=''  scales=[0, 5, 15]
[selfcal-dev]   Cycle 2/5: gaincal → /Users/raj030/DATA/gmrt_40_014/work/casa_selfcal/moon0520_stk10_phasecenter/moon0520_stk0090_n10/moon0520_stk0090_n10_sc2.gcal
[selfcal-dev]     solmode='L1'  refant='1'  refantmode='flex'
[selfcal-dev]   Cycle 2/5: applycal
[selfcal-dev]   Cycle 2/5: exported /Users/raj030/DATA/gmrt_40_014/work/casa_selfcal/moon0520_stk10_phasecenter/moon0520_stk0090_n10/moon0520_stk0090_n10_sc2.fits
[selfcal-dev]   Cycle 3/5: tclean niter=400  img_uvrange=''  cal_uvrange=''  scales=[0, 5, 15, 45]
[selfcal-dev]   Cycle 3/5: gaincal → /Users/raj030/DATA/gmrt_40_014/work/casa_selfcal/moon0520_stk10_phasecenter/moon0520_stk0090_n10/moon0520_stk0090_n10_sc3.gcal
[selfcal-dev]     solmode='L1'  refant='1'  refantmode='flex'
[selfcal-dev]   Cycle 3/5: applycal
[selfcal-dev]   Cycle 3/5: exported /Users/raj030/DATA/gmrt_40_014/work/casa_selfcal/moon0520_stk10_phasecenter/moon0520_stk0090_n10/moon0520_stk0090_n10_sc3.fits
[selfcal-dev]   Cycle 4/5: tclean niter=600  img_uvrange=''  cal_uvrange=''  scales=[0, 5, 15, 45]
[selfcal-dev]   Cycle 4/5: gaincal → /Users/raj030/DATA/gmrt_40_014/work/casa_selfcal/moon0520_stk10_phasecenter/moon0520_stk0090_n10/moon0520_stk0090_n10_sc4.gcal
[selfcal-dev]     solmode='L1'  refant='1'  refantmode='flex'
[selfcal-dev]   Cycle 4/5: applycal
[selfcal-dev]   Cycle 4/5: exported /Users/raj030/DATA/gmrt_40_014/work/casa_selfcal/moon0520_stk10_phasecenter/moon0520_stk0090_n10/moon0520_stk0090_n10_sc4.fits
[selfcal-dev]   Cycle 5/5: tclean niter=1000  img_uvrange=''  cal_uvrange=''  scales=[0, 5, 15, 45, 90]
[selfcal-dev]   Cycle 5/5: gaincal → /Users/raj030/DATA/gmrt_40_014/work/casa_selfcal/moon0520_stk10_phasecenter/moon0520_stk0090_n10/moon0520_stk0090_n10_sc5.gcal
[selfcal-dev]     solmode='L1'  refant='1'  refantmode='flex'
[selfcal-dev]   Cycle 5/5: applycal
[selfcal-dev]   Cycle 5/5: exported /Users/raj030/DATA/gmrt_40_014/work/casa_selfcal/moon0520_stk10_phasecenter/moon0520_stk0090_n10/moon0520_stk0090_n10_sc5.fits
[selfcal-dev]   Final image: tclean niter=1000  uvrange=''  scales=[0, 5, 15, 45, 90]
[selfcal-dev]   Exported: /Users/raj030/DATA/gmrt_40_014/work/casa_selfcal/moon0520_stk10_phasecenter/moon0520_stk0090_n10/moon0520_stk0090_n10_final.fits

[selfcal-dev] === Stack start_idx=100  n=13  JD=2459421.506045..2459421.507164  timerange=2021/07/26/00:08:38~2021/07/26/00:10:22 ===
[selfcal-dev]   Moon at RA=331.0570°  Dec=-17.4089°  offset=9.04arcmin from field centre  (image half-width=38.4arcmin)
[selfcal-dev]   mask-center (ephem): RA=331.057007 deg  Dec=-17.408948 deg
[selfcal-dev]   mask-radius: 20.00 arcmin
[selfcal-dev]   mask-string: circle[[22:04:13.682, -17.24.32.21], 20.0arcmin]
[selfcal-dev]   tclean phasecenter: ENABLED (J2000 22h04m13.682s -17d24m32.21s)
[selfcal-dev]   Cycle 1/5: tclean niter=100  img_uvrange=''  cal_uvrange=''  scales=[0, 5, 15]
[selfcal-dev]   Cycle 1/5: gaincal → /Users/raj030/DATA/gmrt_40_014/work/casa_selfcal/moon0520_stk10_phasecenter/moon0520_stk0100_n13/moon0520_stk0100_n13_sc1.gcal
[selfcal-dev]     solmode='L1'  refant='1'  refantmode='flex'
[selfcal-dev]   Cycle 1/5: applycal
[selfcal-dev]   Cycle 1/5: exported /Users/raj030/DATA/gmrt_40_014/work/casa_selfcal/moon0520_stk10_phasecenter/moon0520_stk0100_n13/moon0520_stk0100_n13_sc1.fits
[selfcal-dev]   Cycle 2/5: tclean niter=200  img_uvrange=''  cal_uvrange=''  scales=[0, 5, 15]
[selfcal-dev]   Cycle 2/5: gaincal → /Users/raj030/DATA/gmrt_40_014/work/casa_selfcal/moon0520_stk10_phasecenter/moon0520_stk0100_n13/moon0520_stk0100_n13_sc2.gcal
[selfcal-dev]     solmode='L1'  refant='1'  refantmode='flex'
[selfcal-dev]   Cycle 2/5: applycal
[selfcal-dev]   Cycle 2/5: exported /Users/raj030/DATA/gmrt_40_014/work/casa_selfcal/moon0520_stk10_phasecenter/moon0520_stk0100_n13/moon0520_stk0100_n13_sc2.fits
[selfcal-dev]   Cycle 3/5: tclean niter=400  img_uvrange=''  cal_uvrange=''  scales=[0, 5, 15, 45]
[selfcal-dev]   Cycle 3/5: gaincal → /Users/raj030/DATA/gmrt_40_014/work/casa_selfcal/moon0520_stk10_phasecenter/moon0520_stk0100_n13/moon0520_stk0100_n13_sc3.gcal
[selfcal-dev]     solmode='L1'  refant='1'  refantmode='flex'
[selfcal-dev]   Cycle 3/5: applycal
[selfcal-dev]   Cycle 3/5: exported /Users/raj030/DATA/gmrt_40_014/work/casa_selfcal/moon0520_stk10_phasecenter/moon0520_stk0100_n13/moon0520_stk0100_n13_sc3.fits
[selfcal-dev]   Cycle 4/5: tclean niter=600  img_uvrange=''  cal_uvrange=''  scales=[0, 5, 15, 45]
[selfcal-dev]   Cycle 4/5: gaincal → /Users/raj030/DATA/gmrt_40_014/work/casa_selfcal/moon0520_stk10_phasecenter/moon0520_stk0100_n13/moon0520_stk0100_n13_sc4.gcal
[selfcal-dev]     solmode='L1'  refant='1'  refantmode='flex'
[selfcal-dev]   Cycle 4/5: applycal
[selfcal-dev]   Cycle 4/5: exported /Users/raj030/DATA/gmrt_40_014/work/casa_selfcal/moon0520_stk10_phasecenter/moon0520_stk0100_n13/moon0520_stk0100_n13_sc4.fits
[selfcal-dev]   Cycle 5/5: tclean niter=1000  img_uvrange=''  cal_uvrange=''  scales=[0, 5, 15, 45, 90]
[selfcal-dev]   Cycle 5/5: gaincal → /Users/raj030/DATA/gmrt_40_014/work/casa_selfcal/moon0520_stk10_phasecenter/moon0520_stk0100_n13/moon0520_stk0100_n13_sc5.gcal
[selfcal-dev]     solmode='L1'  refant='1'  refantmode='flex'
[selfcal-dev]   Cycle 5/5: applycal
[selfcal-dev]   Cycle 5/5: exported /Users/raj030/DATA/gmrt_40_014/work/casa_selfcal/moon0520_stk10_phasecenter/moon0520_stk0100_n13/moon0520_stk0100_n13_sc5.fits
[selfcal-dev]   Final image: tclean niter=1000  uvrange=''  scales=[0, 5, 15, 45, 90]
[selfcal-dev]   Exported: /Users/raj030/DATA/gmrt_40_014/work/casa_selfcal/moon0520_stk10_phasecenter/moon0520_stk0100_n13/moon0520_stk0100_n13_final.fits

[selfcal-dev] Done.  11 integrations processed.
[selfcal-dev] Summary: /Users/raj030/DATA/gmrt_40_014/work/casa_selfcal/moon0520_stk10_phasecenter/summary.json
swig/python detected a memory leak of type 'casac::coordsys *', no destructor found.
